
============================================================
Session started: 2026-04-14 11:16:49.340992  [mode=both  fire=ON]
============================================================
[ALERT] Violence  | frame     10 | conf 0.861 | 11:16:50.287
[ALERT] Violence  | frame     18 | conf 0.833 | 11:16:50.616

============================================================
Session started: 2026-04-14 11:18:03.576249  [mode=both  fire=ON]
============================================================
[ALERT] Littering | frame      1 | objects 2 | 11:18:04.288
[ALERT] Violence  | frame      2 | conf 0.801 | 11:18:04.478
[ALERT] Littering | frame      2 | objects 3 | 11:18:04.478
[ALERT] Littering | frame      4 | objects 8 | 11:18:04.644
[ALERT] Littering | frame      9 | objects 9 | 11:18:04.870
[ALERT] Littering | frame     11 | objects 9 | 11:18:05.067
[ALERT] Violence  | frame     22 | conf 0.925 | 11:18:05.441
[ALERT] Violence  | frame     27 | conf 0.817 | 11:18:05.683
[ALERT] Violence  | frame     39 | conf 0.898 | 11:18:06.053
[ALERT] Littering | frame     39 | objects 4 | 11:18:06.053
[ALERT] Violence  | frame     44 | conf 0.953 | 11:18:06.250
[ALERT] Littering | frame     44 | objects 12 | 11:18:06.250
[ALERT] Violence  | frame     49 | conf 0.998 | 11:18:06.443
[ALERT] Violence  | frame     53 | conf 0.990 | 11:18:06.637
[ALERT] Littering | frame     63 | objects 1 | 11:18:07.009
[ALERT] Littering | frame     68 | objects 3 | 11:18:07.213
[ALERT] Violence  | frame     74 | conf 0.900 | 11:18:07.468
[ALERT] Littering | frame     74 | objects 3 | 11:18:07.468
[ALERT] Violence  | frame     79 | conf 0.995 | 11:18:07.648
[ALERT] Littering | frame     79 | objects 6 | 11:18:07.648
[ALERT] Violence  | frame     84 | conf 0.913 | 11:18:07.812
[ALERT] Littering | frame     84 | objects 7 | 11:18:07.812
[ALERT] Violence  | frame     93 | conf 0.873 | 11:18:08.038
[ALERT] Violence  | frame     97 | conf 0.936 | 11:18:08.229
[ALERT] Violence  | frame    101 | conf 0.970 | 11:18:08.396
[ALERT] Violence  | frame    108 | conf 0.997 | 11:18:08.584
[ALERT] Littering | frame    108 | objects 3 | 11:18:08.584
[ALERT] Violence  | frame    119 | conf 0.930 | 11:18:08.938
[ALERT] Violence  | frame    124 | conf 0.881 | 11:18:09.149
[ALERT] Littering | frame    124 | objects 7 | 11:18:09.149
[ALERT] Violence  | frame    130 | conf 0.856 | 11:18:09.336
[ALERT] Littering | frame    130 | objects 17 | 11:18:09.336
[ALERT] Violence  | frame    134 | conf 0.887 | 11:18:09.524
[ALERT] Violence  | frame    143 | conf 0.974 | 11:18:09.893
[ALERT] Littering | frame    143 | objects 10 | 11:18:09.893
[ALERT] Violence  | frame    152 | conf 0.989 | 11:18:10.079
[ALERT] Littering | frame    152 | objects 10 | 11:18:10.079
[ALERT] Violence  | frame    240 | conf 0.812 | 11:18:15.029

============================================================
Session started: 2026-04-14 11:22:22.622495  [mode=both  fire=ON]
============================================================
[ALERT] Violence  | frame      1 | conf 0.852 | 11:22:23.401
[ALERT] Violence  | frame    123 | conf 0.812 | 11:22:27.572
[ALERT] Violence  | frame    125 | conf 0.835 | 11:22:27.727
[ALERT] Violence  | frame    145 | conf 0.905 | 11:22:28.507
[ALERT] Violence  | frame    151 | conf 0.920 | 11:22:28.816
[ALERT] Violence  | frame    157 | conf 0.928 | 11:22:29.127
[ALERT] Violence  | frame    161 | conf 0.951 | 11:22:29.297
[ALERT] Violence  | frame    166 | conf 0.873 | 11:22:29.455
[ALERT] Violence  | frame    170 | conf 0.956 | 11:22:29.614
[ALERT] Littering | frame    175 | objects 4 | 11:22:29.791
[ALERT] Violence  | frame    202 | conf 0.952 | 11:22:30.781
[ALERT] Violence  | frame    206 | conf 0.829 | 11:22:30.953
[ALERT] Littering | frame    206 | objects 2 | 11:22:30.953
[ALERT] Littering | frame    220 | objects 4 | 11:22:31.431
[ALERT] Violence  | frame    233 | conf 0.831 | 11:22:31.902
[ALERT] Violence  | frame    267 | conf 0.825 | 11:22:33.053
[ALERT] Violence  | frame    270 | conf 0.853 | 11:22:33.228
[ALERT] Littering | frame    270 | objects 2 | 11:22:33.228
[ALERT] FIRE       | frame    275 | objects 1 | 11:22:33.383
[ALERT] Littering | frame    279 | objects 10 | 11:22:33.545
[ALERT] Littering | frame    284 | objects 2 | 11:22:33.723
[ALERT] FIRE       | frame    284 | objects 1 | 11:22:33.723
[ALERT] FIRE       | frame    295 | objects 1 | 11:22:34.033
[ALERT] FIRE       | frame    298 | objects 1 | 11:22:34.202
[ALERT] FIRE       | frame    301 | objects 1 | 11:22:34.354
[ALERT] FIRE       | frame    305 | objects 1 | 11:22:34.514
[ALERT] FIRE       | frame    317 | objects 1 | 11:22:34.838
[ALERT] FIRE       | frame    322 | objects 1 | 11:22:35.000
[ALERT] Littering | frame    334 | objects 1 | 11:22:35.314
[ALERT] FIRE       | frame    347 | objects 1 | 11:22:35.650
[ALERT] Littering | frame    349 | objects 2 | 11:22:35.807
[ALERT] FIRE       | frame    349 | objects 1 | 11:22:35.807
[ALERT] Littering | frame    354 | objects 2 | 11:22:35.969
[ALERT] FIRE       | frame    359 | objects 1 | 11:22:36.138
[ALERT] FIRE       | frame    371 | objects 1 | 11:22:36.464
[ALERT] FIRE       | frame    374 | objects 1 | 11:22:36.624
[ALERT] FIRE       | frame    376 | objects 1 | 11:22:36.783
[ALERT] FIRE       | frame    382 | objects 1 | 11:22:36.948
[ALERT] Violence  | frame    385 | conf 0.837 | 11:22:37.106
[ALERT] Violence  | frame    397 | conf 0.849 | 11:22:37.572
[ALERT] FIRE       | frame    399 | objects 1 | 11:22:37.738
[ALERT] Violence  | frame    430 | conf 0.901 | 11:22:38.729
[ALERT] Violence  | frame    433 | conf 0.881 | 11:22:38.897
[ALERT] Violence  | frame    435 | conf 0.879 | 11:22:39.056
[ALERT] Violence  | frame    506 | conf 0.844 | 11:22:41.114
[ALERT] Littering | frame    519 | objects 10 | 11:22:41.559
[ALERT] Littering | frame    528 | objects 4 | 11:22:42.110
[ALERT] Violence  | frame    531 | conf 0.813 | 11:22:42.278
[ALERT] Littering | frame    536 | objects 5 | 11:22:42.431

============================================================
Session started: 2026-04-14 11:24:02.109751  [mode=both  fire=ON]
============================================================
[ALERT] Violence  | frame      1 | conf 0.820 | 11:24:02.806

============================================================
Session started: 2026-04-14 11:41:56.332227  [mode=both  fire=ON]
============================================================
[ALERT] FIRE       | frame    180 | objects 1 | 11:42:04.000
[ALERT] FIRE       | frame    184 | objects 1 | 11:42:04.178
[ALERT] Littering | frame    191 | objects 1 | 11:42:04.361
[ALERT] FIRE       | frame    191 | objects 1 | 11:42:04.361
[ALERT] FIRE       | frame    193 | objects 1 | 11:42:04.523
[ALERT] Violence  | frame    202 | conf 0.899 | 11:42:04.683
[ALERT] FIRE       | frame    202 | objects 1 | 11:42:04.683
[ALERT] Violence  | frame    209 | conf 0.977 | 11:42:04.857
[ALERT] Littering | frame    209 | objects 3 | 11:42:04.857
[ALERT] FIRE       | frame    209 | objects 1 | 11:42:04.857
[ALERT] Violence  | frame    218 | conf 0.934 | 11:42:05.148
[ALERT] Littering | frame    218 | objects 3 | 11:42:05.148
[ALERT] FIRE       | frame    218 | objects 1 | 11:42:05.148
[ALERT] Violence  | frame    228 | conf 0.987 | 11:42:05.488
[ALERT] Littering | frame    228 | objects 1 | 11:42:05.488
[ALERT] FIRE       | frame    228 | objects 1 | 11:42:05.488
[ALERT] Violence  | frame    244 | conf 0.973 | 11:42:06.043
[ALERT] FIRE       | frame    244 | objects 1 | 11:42:06.043
[ALERT] Violence  | frame    267 | conf 0.940 | 11:42:06.908
[ALERT] FIRE       | frame    267 | objects 1 | 11:42:06.908
[ALERT] Violence  | frame    290 | conf 0.984 | 11:42:07.682
[ALERT] FIRE       | frame    290 | objects 1 | 11:42:07.682
[ALERT] Violence  | frame    296 | conf 0.935 | 11:42:07.894
[ALERT] Littering | frame    296 | objects 2 | 11:42:07.894
[ALERT] Littering | frame    302 | objects 2 | 11:42:08.086
[ALERT] Littering | frame    318 | objects 1 | 11:42:09.002
[ALERT] Littering | frame    334 | objects 1 | 11:42:09.541
[ALERT] Littering | frame    338 | objects 1 | 11:42:09.731
[ALERT] Littering | frame    357 | objects 2 | 11:42:10.508
[ALERT] Littering | frame    359 | objects 4 | 11:42:10.720
[ALERT] Violence  | frame    367 | conf 0.994 | 11:42:10.918
[ALERT] Littering | frame    367 | objects 3 | 11:42:10.918
[ALERT] FIRE       | frame    367 | objects 1 | 11:42:10.918
[ALERT] Violence  | frame    374 | conf 0.968 | 11:42:11.091
[ALERT] Littering | frame    374 | objects 3 | 11:42:11.091
[ALERT] FIRE       | frame    374 | objects 1 | 11:42:11.091
[ALERT] Violence  | frame    382 | conf 0.994 | 11:42:11.281
[ALERT] Violence  | frame    386 | conf 0.994 | 11:42:11.469
[ALERT] Violence  | frame    391 | conf 0.975 | 11:42:11.645
[ALERT] Littering | frame    391 | objects 1 | 11:42:11.645
[ALERT] FIRE       | frame    391 | objects 1 | 11:42:11.645
[ALERT] Violence  | frame    397 | conf 0.997 | 11:42:11.849
[ALERT] FIRE       | frame    397 | objects 1 | 11:42:11.849
[ALERT] Violence  | frame    405 | conf 0.999 | 11:42:12.032
[ALERT] FIRE       | frame    405 | objects 1 | 11:42:12.032
[ALERT] Violence  | frame    412 | conf 0.985 | 11:42:12.214
[ALERT] Littering | frame    412 | objects 2 | 11:42:12.214
[ALERT] Violence  | frame    443 | conf 0.993 | 11:42:13.269
[ALERT] Littering | frame    443 | objects 2 | 11:42:13.269
[ALERT] Violence  | frame    448 | conf 0.998 | 11:42:13.475
[ALERT] Littering | frame    448 | objects 3 | 11:42:13.475
[ALERT] FIRE       | frame    448 | objects 1 | 11:42:13.475
[ALERT] Violence  | frame    449 | conf 0.992 | 11:42:13.649
[ALERT] Littering | frame    449 | objects 2 | 11:42:13.649
[ALERT] FIRE       | frame    449 | objects 1 | 11:42:13.649
[ALERT] Violence  | frame    513 | conf 0.993 | 11:42:15.886
[ALERT] Violence  | frame    516 | conf 0.988 | 11:42:16.090
[ALERT] Littering | frame    516 | objects 2 | 11:42:16.090
[ALERT] Violence  | frame    520 | conf 0.996 | 11:42:16.266
[ALERT] Littering | frame    520 | objects 3 | 11:42:16.266
[ALERT] Violence  | frame    527 | conf 0.997 | 11:42:16.468
[ALERT] Littering | frame    527 | objects 1 | 11:42:16.468
[ALERT] Violence  | frame    528 | conf 0.983 | 11:42:16.657
[ALERT] Violence  | frame    534 | conf 0.996 | 11:42:16.837
[ALERT] FIRE       | frame    534 | objects 1 | 11:42:16.837
[ALERT] Violence  | frame    537 | conf 0.996 | 11:42:17.015
[ALERT] Violence  | frame    545 | conf 0.995 | 11:42:17.172
[ALERT] Violence  | frame    557 | conf 0.992 | 11:42:17.367
[ALERT] Littering | frame    557 | objects 2 | 11:42:17.367
[ALERT] FIRE       | frame    561 | objects 1 | 11:42:17.538
[ALERT] FIRE       | frame    735 | objects 1 | 11:42:24.167
[ALERT] Violence  | frame    739 | conf 0.979 | 11:42:24.350
[ALERT] FIRE       | frame    739 | objects 1 | 11:42:24.350
[ALERT] Violence  | frame    743 | conf 0.975 | 11:42:24.549
[ALERT] FIRE       | frame    743 | objects 1 | 11:42:24.549
[ALERT] Violence  | frame    748 | conf 0.998 | 11:42:24.732
[ALERT] Littering | frame    748 | objects 5 | 11:42:24.732
[ALERT] FIRE       | frame    748 | objects 1 | 11:42:24.732
[ALERT] Violence  | frame    754 | conf 0.984 | 11:42:24.912
[ALERT] Littering | frame    754 | objects 3 | 11:42:24.912
[ALERT] FIRE       | frame    754 | objects 1 | 11:42:24.912
[ALERT] Violence  | frame    762 | conf 0.967 | 11:42:25.108
[ALERT] FIRE       | frame    762 | objects 1 | 11:42:25.108
[ALERT] Violence  | frame    767 | conf 0.975 | 11:42:25.295
[ALERT] FIRE       | frame    767 | objects 1 | 11:42:25.295
[ALERT] Violence  | frame    771 | conf 0.997 | 11:42:25.467
[ALERT] FIRE       | frame    771 | objects 1 | 11:42:25.467
[ALERT] Violence  | frame    772 | conf 0.945 | 11:42:25.653
[ALERT] FIRE       | frame    772 | objects 1 | 11:42:25.653
[ALERT] Violence  | frame    777 | conf 0.986 | 11:42:25.836
[ALERT] FIRE       | frame    777 | objects 1 | 11:42:25.836
[ALERT] Violence  | frame    782 | conf 0.984 | 11:42:26.016
[ALERT] FIRE       | frame    782 | objects 1 | 11:42:26.016
[ALERT] Violence  | frame    786 | conf 0.960 | 11:42:26.195
[ALERT] Violence  | frame    791 | conf 0.974 | 11:42:26.380
[ALERT] Littering | frame    795 | objects 3 | 11:42:26.549
[ALERT] Violence  | frame   2484 | conf 0.997 | 11:43:25.292
[ALERT] Violence  | frame   2489 | conf 0.998 | 11:43:25.636
[ALERT] Violence  | frame   2494 | conf 0.993 | 11:43:25.950
[ALERT] Violence  | frame   2500 | conf 0.974 | 11:43:26.158
[ALERT] Violence  | frame   2509 | conf 0.990 | 11:43:26.393
[ALERT] Violence  | frame   2535 | conf 0.983 | 11:43:27.341
[ALERT] Violence  | frame   2541 | conf 0.997 | 11:43:27.563
[ALERT] Violence  | frame   2549 | conf 0.986 | 11:43:27.804
[ALERT] Violence  | frame   2554 | conf 0.957 | 11:43:27.999
[ALERT] Violence  | frame   2564 | conf 0.985 | 11:43:28.197
[ALERT] Violence  | frame   2567 | conf 0.985 | 11:43:28.406
[ALERT] Violence  | frame   2572 | conf 0.961 | 11:43:28.602
[ALERT] Violence  | frame   2580 | conf 0.996 | 11:43:28.793
[ALERT] Violence  | frame   2582 | conf 0.996 | 11:43:29.026
[ALERT] Violence  | frame   2587 | conf 0.986 | 11:43:29.213
[ALERT] Violence  | frame   2592 | conf 0.962 | 11:43:29.412
[ALERT] Violence  | frame   2600 | conf 0.942 | 11:43:29.601
[ALERT] Violence  | frame   2631 | conf 0.986 | 11:43:30.832
[ALERT] Violence  | frame   2638 | conf 0.981 | 11:43:31.026
[ALERT] Violence  | frame   2641 | conf 0.973 | 11:43:31.207
[ALERT] Violence  | frame   2648 | conf 0.997 | 11:43:31.422
[ALERT] Violence  | frame   2651 | conf 0.992 | 11:43:31.634
[ALERT] Violence  | frame   2656 | conf 0.998 | 11:43:31.827
[ALERT] Violence  | frame   2662 | conf 0.993 | 11:43:32.057
[ALERT] Violence  | frame   2669 | conf 0.975 | 11:43:32.245
[ALERT] Violence  | frame   2675 | conf 0.955 | 11:43:32.426
[ALERT] Violence  | frame   2679 | conf 0.993 | 11:43:32.730
[ALERT] Violence  | frame   2685 | conf 0.995 | 11:43:32.925
[ALERT] Violence  | frame   2690 | conf 0.952 | 11:43:33.115
[ALERT] Violence  | frame   2698 | conf 0.996 | 11:43:33.328
[ALERT] Violence  | frame   2704 | conf 0.890 | 11:43:33.535
[ALERT] Violence  | frame   2739 | conf 0.931 | 11:43:34.812
[ALERT] Violence  | frame   2745 | conf 0.987 | 11:43:35.028
[ALERT] Violence  | frame   2751 | conf 0.940 | 11:43:35.242
[ALERT] Violence  | frame   2756 | conf 0.980 | 11:43:35.433
[ALERT] Violence  | frame   2766 | conf 0.937 | 11:43:35.619
[ALERT] Violence  | frame   2768 | conf 0.953 | 11:43:35.827
[ALERT] Littering | frame   2768 | objects 1 | 11:43:35.827
[ALERT] Violence  | frame   2773 | conf 0.972 | 11:43:36.037
[ALERT] Littering | frame   2773 | objects 2 | 11:43:36.037
[ALERT] Violence  | frame   2778 | conf 0.993 | 11:43:36.230
[ALERT] Violence  | frame   2807 | conf 0.993 | 11:43:37.122
[ALERT] Violence  | frame   2813 | conf 0.995 | 11:43:37.404
[ALERT] Violence  | frame   2818 | conf 0.997 | 11:43:37.629
[ALERT] Violence  | frame   2821 | conf 0.906 | 11:43:37.825
[ALERT] Violence  | frame   2827 | conf 1.000 | 11:43:38.045
[ALERT] Violence  | frame   2832 | conf 0.999 | 11:43:38.243
[ALERT] Violence  | frame   2838 | conf 0.888 | 11:43:38.450
[ALERT] Violence  | frame   2843 | conf 0.998 | 11:43:38.711
[ALERT] Violence  | frame   2848 | conf 0.981 | 11:43:38.922
[ALERT] Violence  | frame   2854 | conf 0.991 | 11:43:39.109
[ALERT] Violence  | frame   2861 | conf 0.972 | 11:43:39.322
[ALERT] Violence  | frame   2867 | conf 0.998 | 11:43:39.550
[ALERT] Violence  | frame   2872 | conf 0.992 | 11:43:39.741
[ALERT] Violence  | frame   2879 | conf 0.998 | 11:43:39.968
[ALERT] Violence  | frame   2883 | conf 0.996 | 11:43:40.169
[ALERT] Violence  | frame   2889 | conf 0.998 | 11:43:40.366
[ALERT] Violence  | frame   2896 | conf 0.999 | 11:43:40.589
[ALERT] Violence  | frame   2905 | conf 0.999 | 11:43:40.790
[ALERT] Violence  | frame   2908 | conf 0.998 | 11:43:40.991
[ALERT] Violence  | frame   2913 | conf 0.996 | 11:43:41.221
[ALERT] Violence  | frame   2918 | conf 0.996 | 11:43:41.441
[ALERT] Violence  | frame   2928 | conf 0.993 | 11:43:41.637
[ALERT] Violence  | frame   2932 | conf 0.999 | 11:43:41.849
[ALERT] Violence  | frame   2935 | conf 0.993 | 11:43:42.038
[ALERT] Violence  | frame   2947 | conf 0.984 | 11:43:42.216
[ALERT] Violence  | frame   2954 | conf 0.994 | 11:43:42.455
[ALERT] Violence  | frame   2960 | conf 0.985 | 11:43:42.652
[ALERT] Violence  | frame   2963 | conf 0.982 | 11:43:42.840
[ALERT] Violence  | frame   2966 | conf 0.930 | 11:43:43.050
[ALERT] Violence  | frame   2970 | conf 0.903 | 11:43:43.248
[ALERT] Violence  | frame   2975 | conf 0.980 | 11:43:43.436
[ALERT] Violence  | frame   2982 | conf 0.902 | 11:43:43.696
[ALERT] Violence  | frame   2988 | conf 0.994 | 11:43:43.937
[ALERT] Violence  | frame   2993 | conf 0.981 | 11:43:44.151
[ALERT] Violence  | frame   2997 | conf 0.990 | 11:43:44.362
[ALERT] Violence  | frame   3004 | conf 0.970 | 11:43:44.629
[ALERT] Violence  | frame   3010 | conf 0.997 | 11:43:44.859
[ALERT] Violence  | frame   3016 | conf 0.998 | 11:43:45.062
[ALERT] Violence  | frame   3024 | conf 0.995 | 11:43:45.292
[ALERT] Violence  | frame   3031 | conf 0.995 | 11:43:45.461
[ALERT] Violence  | frame   3038 | conf 0.991 | 11:43:45.648
[ALERT] Violence  | frame   3043 | conf 0.991 | 11:43:45.837
[ALERT] Violence  | frame   3045 | conf 0.974 | 11:43:46.024
[ALERT] Violence  | frame   3051 | conf 0.969 | 11:43:46.210
[ALERT] Littering | frame   3561 | objects 1 | 11:44:04.454
[ALERT] Violence  | frame   3573 | conf 0.978 | 11:44:04.638
[ALERT] Violence  | frame   3580 | conf 0.996 | 11:44:04.839
[ALERT] Violence  | frame   3582 | conf 0.997 | 11:44:05.021
[ALERT] Violence  | frame   3584 | conf 0.999 | 11:44:05.208
[ALERT] Violence  | frame   3593 | conf 0.999 | 11:44:05.410
[ALERT] Violence  | frame   3610 | conf 0.998 | 11:44:05.891
[ALERT] Violence  | frame   3653 | conf 0.995 | 11:44:07.309
[ALERT] Violence  | frame   3677 | conf 0.994 | 11:44:08.097
[ALERT] Violence  | frame   3695 | conf 0.998 | 11:44:08.751
[ALERT] Violence  | frame   3698 | conf 0.999 | 11:44:08.940
[ALERT] Violence  | frame   3700 | conf 0.995 | 11:44:09.124
[ALERT] Violence  | frame   3961 | conf 0.999 | 11:44:17.798
[ALERT] Violence  | frame   3973 | conf 0.998 | 11:44:18.198
[ALERT] Violence  | frame   3980 | conf 0.995 | 11:44:18.460
[ALERT] Violence  | frame   4014 | conf 0.995 | 11:44:19.649
[ALERT] Violence  | frame   4726 | conf 0.991 | 11:44:43.968
[ALERT] Violence  | frame   4733 | conf 0.989 | 11:44:44.258
[ALERT] Violence  | frame   4739 | conf 0.994 | 11:44:44.459
[ALERT] Violence  | frame   4745 | conf 0.997 | 11:44:44.652
[ALERT] Violence  | frame   4748 | conf 0.991 | 11:44:44.891
[ALERT] Violence  | frame   4750 | conf 0.995 | 11:44:45.113
[ALERT] Violence  | frame   4783 | conf 0.993 | 11:44:46.035
[ALERT] Violence  | frame   5026 | conf 0.997 | 11:44:54.343
[ALERT] Violence  | frame   5028 | conf 0.993 | 11:44:54.541
[ALERT] Violence  | frame   5031 | conf 0.988 | 11:44:54.757
[ALERT] Violence  | frame   5035 | conf 0.993 | 11:44:54.978
[ALERT] Violence  | frame   5038 | conf 0.993 | 11:44:55.190
[ALERT] Violence  | frame   5051 | conf 0.993 | 11:44:55.410
[ALERT] Violence  | frame   5052 | conf 0.986 | 11:44:55.608
[ALERT] Littering | frame   5115 | objects 2 | 11:44:57.932
[ALERT] Littering | frame   5120 | objects 1 | 11:44:58.170
[ALERT] Littering | frame   5128 | objects 2 | 11:44:58.370
[ALERT] Violence  | frame   5137 | conf 0.933 | 11:44:58.785
[ALERT] FIRE       | frame   5224 | objects 1 | 11:45:01.777
[ALERT] FIRE       | frame   5247 | objects 1 | 11:45:02.514
[ALERT] FIRE       | frame   5253 | objects 1 | 11:45:02.721
[ALERT] Violence  | frame   5337 | conf 0.953 | 11:45:05.629
[ALERT] Violence  | frame   5340 | conf 0.976 | 11:45:05.815
[ALERT] Violence  | frame   5343 | conf 0.986 | 11:45:05.990
[ALERT] Violence  | frame   5345 | conf 0.990 | 11:45:06.139
[ALERT] Violence  | frame   5350 | conf 0.994 | 11:45:06.322
[ALERT] Violence  | frame   5354 | conf 0.980 | 11:45:06.513
[ALERT] Littering | frame   5354 | objects 2 | 11:45:06.513
[ALERT] Violence  | frame   5371 | conf 0.993 | 11:45:06.808
[ALERT] Violence  | frame   5374 | conf 0.991 | 11:45:06.970
[ALERT] Violence  | frame   5379 | conf 0.977 | 11:45:07.145
[ALERT] Violence  | frame   5395 | conf 0.913 | 11:45:07.665
[ALERT] Violence  | frame   5399 | conf 0.980 | 11:45:07.841
[ALERT] Violence  | frame   5443 | conf 0.976 | 11:45:09.493
[ALERT] Littering | frame   5443 | objects 2 | 11:45:09.493
[ALERT] Violence  | frame   5445 | conf 0.986 | 11:45:09.682
[ALERT] Littering | frame   5445 | objects 5 | 11:45:09.682
[ALERT] Littering | frame   5448 | objects 7 | 11:45:09.846
[ALERT] Littering | frame   6967 | objects 9 | 11:46:02.522
[ALERT] Littering | frame   6973 | objects 7 | 11:46:02.782
[ALERT] Littering | frame   6979 | objects 9 | 11:46:02.989
[ALERT] Violence  | frame   7031 | conf 0.995 | 11:46:04.878
[ALERT] Violence  | frame   7040 | conf 0.987 | 11:46:05.131
[ALERT] Violence  | frame   7046 | conf 0.983 | 11:46:05.311
[ALERT] Violence  | frame   7048 | conf 0.985 | 11:46:05.525
[ALERT] Violence  | frame   7095 | conf 0.957 | 11:46:07.192
[ALERT] Littering | frame   7203 | objects 1 | 11:46:11.225
[ALERT] Littering | frame   7251 | objects 6 | 11:46:13.170
[ALERT] Littering | frame   7255 | objects 5 | 11:46:13.370
[ALERT] Littering | frame   7262 | objects 5 | 11:46:13.633
[ALERT] Violence  | frame   7268 | conf 0.935 | 11:46:13.832
[ALERT] Littering | frame   7268 | objects 7 | 11:46:13.832
[ALERT] Violence  | frame   7277 | conf 0.989 | 11:46:14.055
[ALERT] Littering | frame   7277 | objects 5 | 11:46:14.055
[ALERT] Littering | frame   7285 | objects 4 | 11:46:14.287
[ALERT] Violence  | frame   7335 | conf 0.960 | 11:46:16.396
[ALERT] Violence  | frame   7340 | conf 0.978 | 11:46:16.618
[ALERT] Littering | frame   7369 | objects 8 | 11:46:17.816
[ALERT] Littering | frame   7379 | objects 3 | 11:46:18.052
[ALERT] Littering | frame   7383 | objects 8 | 11:46:18.288
[ALERT] Littering | frame   7397 | objects 15 | 11:46:18.504
[ALERT] Violence  | frame   9005 | conf 0.924 | 11:47:13.958
[ALERT] Littering | frame   9153 | objects 7 | 11:47:19.442
[ALERT] Violence  | frame   9198 | conf 0.981 | 11:47:21.055
[ALERT] Violence  | frame   9204 | conf 1.000 | 11:47:21.247
[ALERT] Violence  | frame   9209 | conf 0.931 | 11:47:21.446
[ALERT] Violence  | frame   9245 | conf 0.926 | 11:47:22.946
[ALERT] Violence  | frame   9249 | conf 0.981 | 11:47:23.256
[ALERT] Violence  | frame   9256 | conf 0.993 | 11:47:23.462
[ALERT] Violence  | frame   9396 | conf 0.966 | 11:47:28.735
[ALERT] Violence  | frame   9403 | conf 0.955 | 11:47:28.985
[ALERT] Violence  | frame   9410 | conf 0.983 | 11:47:29.194
[ALERT] Violence  | frame   9416 | conf 0.985 | 11:47:29.432
[ALERT] Violence  | frame   9423 | conf 0.999 | 11:47:29.674
[ALERT] Violence  | frame   9429 | conf 1.000 | 11:47:29.879
[ALERT] Violence  | frame   9435 | conf 1.000 | 11:47:30.178
[ALERT] Violence  | frame   9442 | conf 0.998 | 11:47:30.394
[ALERT] Violence  | frame   9447 | conf 0.921 | 11:47:30.603
[ALERT] Littering | frame  10194 | objects 5 | 11:47:56.180
[ALERT] Violence  | frame  10220 | conf 0.962 | 11:47:57.212
[ALERT] Violence  | frame  10226 | conf 0.937 | 11:47:57.465
[ALERT] Violence  | frame  10229 | conf 0.960 | 11:47:57.653
[ALERT] Violence  | frame  10234 | conf 0.892 | 11:47:57.837
[ALERT] Littering | frame  10234 | objects 5 | 11:47:57.837
[ALERT] Violence  | frame  10241 | conf 0.977 | 11:47:58.013
[ALERT] Violence  | frame  10247 | conf 0.961 | 11:47:58.190
[ALERT] Violence  | frame  10252 | conf 0.958 | 11:47:58.374
[ALERT] Violence  | frame  10255 | conf 0.984 | 11:47:58.575
[ALERT] Littering | frame  10255 | objects 5 | 11:47:58.575
[ALERT] Violence  | frame  10260 | conf 0.996 | 11:47:58.757
[ALERT] Littering | frame  10260 | objects 4 | 11:47:58.757
[ALERT] Violence  | frame  10264 | conf 0.947 | 11:47:58.946
[ALERT] Littering | frame  10264 | objects 4 | 11:47:58.946
[ALERT] Violence  | frame  10269 | conf 0.995 | 11:47:59.124
[ALERT] Littering | frame  10269 | objects 6 | 11:47:59.124
[ALERT] Violence  | frame  10274 | conf 0.978 | 11:47:59.376
[ALERT] Violence  | frame  10284 | conf 0.995 | 11:47:59.563
[ALERT] Violence  | frame  10293 | conf 0.989 | 11:47:59.721
[ALERT] Littering | frame  10293 | objects 3 | 11:47:59.721
[ALERT] Violence  | frame  10295 | conf 0.925 | 11:47:59.966
[ALERT] Littering | frame  10295 | objects 4 | 11:47:59.966
[ALERT] Violence  | frame  10300 | conf 0.947 | 11:48:00.147
[ALERT] Violence  | frame  10302 | conf 0.986 | 11:48:00.324
[ALERT] Violence  | frame  10307 | conf 0.966 | 11:48:00.514
[ALERT] Littering | frame  10307 | objects 1 | 11:48:00.514
[ALERT] Violence  | frame  10314 | conf 0.994 | 11:48:00.702
[ALERT] Littering | frame  10314 | objects 5 | 11:48:00.702
[ALERT] Violence  | frame  10321 | conf 0.978 | 11:48:00.888
[ALERT] Violence  | frame  10331 | conf 0.988 | 11:48:01.088
[ALERT] Violence  | frame  10332 | conf 0.979 | 11:48:01.270
[ALERT] FIRE       | frame  10332 | objects 1 | 11:48:01.270
[ALERT] Violence  | frame  10337 | conf 0.982 | 11:48:01.453
[ALERT] FIRE       | frame  10337 | objects 1 | 11:48:01.453
[ALERT] Violence  | frame  10343 | conf 0.991 | 11:48:01.626
[ALERT] FIRE       | frame  10343 | objects 1 | 11:48:01.626
[ALERT] Violence  | frame  10351 | conf 0.951 | 11:48:01.779
[ALERT] FIRE       | frame  10351 | objects 1 | 11:48:01.779
[ALERT] Violence  | frame  10353 | conf 0.886 | 11:48:01.937
[ALERT] Violence  | frame  10357 | conf 0.989 | 11:48:02.115
[ALERT] Littering | frame  10357 | objects 1 | 11:48:02.115
[ALERT] Violence  | frame  10361 | conf 0.958 | 11:48:02.282
[ALERT] Violence  | frame  10363 | conf 0.975 | 11:48:02.436
[ALERT] Violence  | frame  10366 | conf 0.903 | 11:48:02.603
[ALERT] Violence  | frame  10375 | conf 0.948 | 11:48:02.753
[ALERT] Violence  | frame  10377 | conf 0.978 | 11:48:02.905
[ALERT] Littering | frame  10377 | objects 1 | 11:48:02.905
[ALERT] Violence  | frame  10379 | conf 0.930 | 11:48:03.070
[ALERT] Violence  | frame  10382 | conf 0.989 | 11:48:03.223
[ALERT] Violence  | frame  10386 | conf 0.990 | 11:48:03.395
[ALERT] Littering | frame  10386 | objects 5 | 11:48:03.395
[ALERT] Violence  | frame  10399 | conf 0.978 | 11:48:03.585
[ALERT] Littering | frame  10399 | objects 7 | 11:48:03.585
[ALERT] Violence  | frame  10405 | conf 0.980 | 11:48:03.840
[ALERT] Littering | frame  10405 | objects 6 | 11:48:03.840
[ALERT] Violence  | frame  10412 | conf 0.974 | 11:48:04.106
[ALERT] Littering | frame  10412 | objects 2 | 11:48:04.106
[ALERT] Violence  | frame  10419 | conf 0.974 | 11:48:04.345
[ALERT] Littering | frame  10419 | objects 5 | 11:48:04.345
[ALERT] Violence  | frame  10422 | conf 0.992 | 11:48:04.525
[ALERT] Littering | frame  10422 | objects 7 | 11:48:04.525
[ALERT] Violence  | frame  10428 | conf 0.953 | 11:48:04.696
[ALERT] Littering | frame  10428 | objects 6 | 11:48:04.696
[ALERT] FIRE       | frame  10428 | objects 1 | 11:48:04.696
[ALERT] Violence  | frame  10459 | conf 0.941 | 11:48:05.832
[ALERT] Littering | frame  10459 | objects 6 | 11:48:05.832
[ALERT] FIRE       | frame  10459 | objects 1 | 11:48:05.832
[ALERT] Littering | frame  10463 | objects 6 | 11:48:06.024
[ALERT] Violence  | frame  10495 | conf 0.985 | 11:48:07.527
[ALERT] Violence  | frame  10500 | conf 0.998 | 11:48:07.727
[ALERT] Violence  | frame  10507 | conf 1.000 | 11:48:07.910
[ALERT] Violence  | frame  10512 | conf 0.991 | 11:48:08.096
[ALERT] Violence  | frame  10518 | conf 0.999 | 11:48:08.283
[ALERT] Violence  | frame  10521 | conf 1.000 | 11:48:08.491
[ALERT] Violence  | frame  10529 | conf 1.000 | 11:48:08.725
[ALERT] Violence  | frame  10531 | conf 1.000 | 11:48:08.926
[ALERT] Violence  | frame  10538 | conf 1.000 | 11:48:09.113
[ALERT] Violence  | frame  10544 | conf 1.000 | 11:48:09.331
[ALERT] Violence  | frame  10550 | conf 1.000 | 11:48:09.532
[ALERT] Violence  | frame  10556 | conf 0.998 | 11:48:09.738
[ALERT] Violence  | frame  10560 | conf 0.998 | 11:48:10.027
[ALERT] Violence  | frame  10566 | conf 0.998 | 11:48:10.223
[ALERT] Violence  | frame  10571 | conf 0.978 | 11:48:10.404
[ALERT] Violence  | frame  10579 | conf 0.993 | 11:48:10.614
[ALERT] Violence  | frame  10586 | conf 0.985 | 11:48:10.816
[ALERT] Violence  | frame  10591 | conf 0.991 | 11:48:11.052
[ALERT] Violence  | frame  10595 | conf 0.999 | 11:48:11.597
[ALERT] Violence  | frame  10603 | conf 1.000 | 11:48:11.845
[ALERT] Violence  | frame  10608 | conf 0.999 | 11:48:12.073
[ALERT] Violence  | frame  10624 | conf 1.000 | 11:48:12.364
[ALERT] Violence  | frame  10629 | conf 1.000 | 11:48:12.615
[ALERT] Violence  | frame  10637 | conf 0.977 | 11:48:12.827
[ALERT] Violence  | frame  10644 | conf 0.996 | 11:48:13.179
[ALERT] Violence  | frame  10651 | conf 0.999 | 11:48:13.507
[ALERT] Violence  | frame  10656 | conf 0.995 | 11:48:13.786
[ALERT] Violence  | frame  10665 | conf 0.995 | 11:48:14.201
[ALERT] Violence  | frame  10674 | conf 0.990 | 11:48:14.431
[ALERT] Violence  | frame  10682 | conf 0.987 | 11:48:14.652
[ALERT] Violence  | frame  10747 | conf 0.989 | 11:48:16.908
[ALERT] Violence  | frame  10752 | conf 0.999 | 11:48:17.135
[ALERT] Violence  | frame  10757 | conf 0.994 | 11:48:17.334
[ALERT] Violence  | frame  10764 | conf 0.994 | 11:48:17.584
[ALERT] Violence  | frame  10771 | conf 0.941 | 11:48:17.786
[ALERT] Violence  | frame  10777 | conf 0.995 | 11:48:17.975
[ALERT] Violence  | frame  10783 | conf 0.980 | 11:48:18.215
[ALERT] Violence  | frame  10788 | conf 0.992 | 11:48:18.452
[ALERT] Violence  | frame  10794 | conf 0.982 | 11:48:18.668
[ALERT] Violence  | frame  10799 | conf 0.994 | 11:48:19.026
[ALERT] Violence  | frame  10806 | conf 0.999 | 11:48:19.243
[ALERT] Violence  | frame  10811 | conf 1.000 | 11:48:19.484
[ALERT] Violence  | frame  10822 | conf 0.975 | 11:48:19.738
[ALERT] Violence  | frame  10827 | conf 0.956 | 11:48:19.957
[ALERT] Violence  | frame  10833 | conf 0.998 | 11:48:20.207
[ALERT] Violence  | frame  10838 | conf 0.999 | 11:48:20.527
[ALERT] Violence  | frame  10846 | conf 0.992 | 11:48:20.768
[ALERT] Violence  | frame  10851 | conf 0.983 | 11:48:21.064
[ALERT] Violence  | frame  10860 | conf 0.992 | 11:48:21.459
[ALERT] Violence  | frame  10869 | conf 0.972 | 11:48:21.723
[ALERT] Violence  | frame  10876 | conf 0.971 | 11:48:22.007
[ALERT] Violence  | frame  10946 | conf 0.997 | 11:48:24.670
[ALERT] Littering | frame  11370 | objects 4 | 11:48:40.060
[ALERT] Littering | frame  11423 | objects 4 | 11:48:41.968
[ALERT] Littering | frame  11691 | objects 9 | 11:48:52.190
[ALERT] Littering | frame  11698 | objects 11 | 11:48:52.554
[ALERT] Littering | frame  11706 | objects 1 | 11:48:52.803
[ALERT] Littering | frame  11713 | objects 1 | 11:48:53.115
[ALERT] Violence  | frame  11723 | conf 0.984 | 11:48:53.390
[ALERT] Violence  | frame  11732 | conf 0.927 | 11:48:53.606
[ALERT] Violence  | frame  11738 | conf 0.978 | 11:48:53.808
[ALERT] Violence  | frame  11745 | conf 0.923 | 11:48:53.997
[ALERT] Violence  | frame  11752 | conf 0.943 | 11:48:54.178
[ALERT] Violence  | frame  11895 | conf 0.945 | 11:48:59.548
[ALERT] Violence  | frame  11907 | conf 0.993 | 11:48:59.802
[ALERT] Violence  | frame  11909 | conf 0.920 | 11:49:00.000
[ALERT] Violence  | frame  11911 | conf 0.880 | 11:49:00.192
[ALERT] Violence  | frame  11936 | conf 0.883 | 11:49:01.067
[ALERT] Violence  | frame  12694 | conf 0.988 | 11:49:28.667
[ALERT] Violence  | frame  12700 | conf 0.917 | 11:49:28.874
[ALERT] Littering | frame  12750 | objects 8 | 11:49:30.828
[ALERT] Violence  | frame  12809 | conf 0.975 | 11:49:33.247
[ALERT] Violence  | frame  15831 | conf 0.983 | 11:51:17.277
[ALERT] Violence  | frame  15838 | conf 1.000 | 11:51:17.474
[ALERT] Violence  | frame  15842 | conf 1.000 | 11:51:17.631
[ALERT] Violence  | frame  15849 | conf 1.000 | 11:51:17.832
[ALERT] Violence  | frame  15853 | conf 1.000 | 11:51:17.984
[ALERT] Violence  | frame  15859 | conf 1.000 | 11:51:18.187
[ALERT] Violence  | frame  15863 | conf 0.999 | 11:51:18.485
[ALERT] Violence  | frame  15868 | conf 0.999 | 11:51:18.663
[ALERT] Violence  | frame  15872 | conf 1.000 | 11:51:18.826
[ALERT] Violence  | frame  15881 | conf 0.998 | 11:51:19.004
[ALERT] Violence  | frame  15887 | conf 0.995 | 11:51:19.180
[ALERT] Violence  | frame  15890 | conf 0.997 | 11:51:19.368
[ALERT] Violence  | frame  15895 | conf 0.983 | 11:51:19.581
[ALERT] Violence  | frame  15900 | conf 0.984 | 11:51:19.739
[ALERT] Violence  | frame  15920 | conf 0.977 | 11:51:20.417
[ALERT] Violence  | frame  15925 | conf 0.971 | 11:51:20.587
[ALERT] Violence  | frame  15929 | conf 0.972 | 11:51:20.743
[ALERT] Violence  | frame  15935 | conf 0.993 | 11:51:20.898
[ALERT] Violence  | frame  15939 | conf 0.981 | 11:51:21.082
[ALERT] Violence  | frame  15945 | conf 0.995 | 11:51:21.237
[ALERT] Violence  | frame  15947 | conf 0.992 | 11:51:21.387
[ALERT] Violence  | frame  15953 | conf 0.994 | 11:51:21.565
[ALERT] Violence  | frame  15957 | conf 0.996 | 11:51:21.750
[ALERT] Violence  | frame  15959 | conf 0.998 | 11:51:23.299
[ALERT] Violence  | frame  15961 | conf 0.997 | 11:51:23.599
[ALERT] Violence  | frame  15963 | conf 0.997 | 11:51:23.791
[ALERT] Violence  | frame  15965 | conf 0.963 | 11:51:23.967
[ALERT] Violence  | frame  15973 | conf 0.999 | 11:51:24.199
[ALERT] Violence  | frame  15978 | conf 0.998 | 11:51:24.373
[ALERT] Violence  | frame  15983 | conf 0.998 | 11:51:24.527
[ALERT] Violence  | frame  15991 | conf 0.999 | 11:51:24.683
[ALERT] Violence  | frame  15994 | conf 0.998 | 11:51:24.846
[ALERT] Violence  | frame  15998 | conf 1.000 | 11:51:25.036
[ALERT] Violence  | frame  16003 | conf 0.999 | 11:51:25.245
[ALERT] Violence  | frame  16006 | conf 0.999 | 11:51:26.977
[ALERT] Violence  | frame  16011 | conf 0.996 | 11:51:27.194
[ALERT] Violence  | frame  16014 | conf 0.999 | 11:51:27.417
[ALERT] Violence  | frame  16017 | conf 1.000 | 11:51:27.591
[ALERT] Violence  | frame  16023 | conf 1.000 | 11:51:27.841
[ALERT] Violence  | frame  16038 | conf 1.000 | 11:51:28.325
[ALERT] Violence  | frame  16040 | conf 1.000 | 11:51:28.568
[ALERT] Violence  | frame  16048 | conf 0.999 | 11:51:28.757
[ALERT] Violence  | frame  16050 | conf 1.000 | 11:51:29.013
[ALERT] Violence  | frame  16068 | conf 0.997 | 11:51:29.887
[ALERT] Littering | frame  16082 | objects 2 | 11:51:30.371
[ALERT] Violence  | frame  16103 | conf 1.000 | 11:51:31.176
[ALERT] Violence  | frame  16107 | conf 0.987 | 11:51:31.384
[ALERT] Violence  | frame  16114 | conf 0.997 | 11:51:31.603
[ALERT] Violence  | frame  16120 | conf 1.000 | 11:51:31.808
[ALERT] Violence  | frame  16126 | conf 0.998 | 11:51:31.988
[ALERT] Violence  | frame  16131 | conf 0.997 | 11:51:32.238
[ALERT] Violence  | frame  16135 | conf 0.998 | 11:51:32.426
[ALERT] Violence  | frame  16139 | conf 1.000 | 11:51:32.618
[ALERT] Violence  | frame  16147 | conf 0.996 | 11:51:32.815
[ALERT] Violence  | frame  16152 | conf 0.999 | 11:51:33.054
[ALERT] Violence  | frame  16157 | conf 1.000 | 11:51:33.239
[ALERT] Violence  | frame  16163 | conf 0.995 | 11:51:33.471
[ALERT] Violence  | frame  16169 | conf 0.999 | 11:51:33.686
[ALERT] Violence  | frame  16175 | conf 1.000 | 11:51:33.898
[ALERT] Violence  | frame  16194 | conf 0.951 | 11:51:34.740
[ALERT] Violence  | frame  16202 | conf 0.988 | 11:51:34.944
[ALERT] Violence  | frame  16206 | conf 0.942 | 11:51:35.118
[ALERT] Violence  | frame  16211 | conf 0.988 | 11:51:35.352
[ALERT] Violence  | frame  16216 | conf 0.984 | 11:51:35.544
[ALERT] Violence  | frame  16223 | conf 0.986 | 11:51:35.738
[ALERT] Violence  | frame  16226 | conf 0.970 | 11:51:35.968
[ALERT] Violence  | frame  16249 | conf 0.963 | 11:51:36.839
[ALERT] Littering | frame  16416 | objects 27 | 11:51:43.597
[ALERT] Violence  | frame  16424 | conf 0.993 | 11:51:43.871
[ALERT] Littering | frame  16424 | objects 26 | 11:51:43.871
[ALERT] Violence  | frame  16433 | conf 0.986 | 11:51:44.249
[ALERT] Littering | frame  16433 | objects 28 | 11:51:44.249
[ALERT] Violence  | frame  16438 | conf 0.989 | 11:51:44.607
[ALERT] Littering | frame  16438 | objects 29 | 11:51:44.607
[ALERT] Violence  | frame  16445 | conf 0.968 | 11:51:44.897
[ALERT] Littering | frame  16445 | objects 29 | 11:51:44.897
[ALERT] Violence  | frame  16460 | conf 0.965 | 11:51:45.102
[ALERT] Littering | frame  16460 | objects 20 | 11:51:45.102
[ALERT] Littering | frame  16503 | objects 1 | 11:51:46.706
[ALERT] Littering | frame  16530 | objects 6 | 11:51:47.675
[ALERT] Littering | frame  16707 | objects 6 | 11:51:54.249
[ALERT] Littering | frame  16840 | objects 4 | 11:51:59.637
[ALERT] Littering | frame  16866 | objects 10 | 11:52:00.559
[ALERT] Littering | frame  16870 | objects 10 | 11:52:00.852
[ALERT] Littering | frame  16876 | objects 17 | 11:52:01.034
[ALERT] Littering | frame  16885 | objects 9 | 11:52:01.322
[ALERT] Littering | frame  16889 | objects 12 | 11:52:01.596
[ALERT] Littering | frame  16920 | objects 9 | 11:52:02.744
[ALERT] Littering | frame  16927 | objects 10 | 11:52:03.002
[ALERT] Littering | frame  16936 | objects 12 | 11:52:03.189
[ALERT] Littering | frame  16961 | objects 20 | 11:52:04.282
[ALERT] Littering | frame  16965 | objects 20 | 11:52:04.498
[ALERT] Littering | frame  16971 | objects 20 | 11:52:04.693
[ALERT] Littering | frame  16975 | objects 10 | 11:52:04.924
[ALERT] Littering | frame  16981 | objects 9 | 11:52:05.191
[ALERT] Littering | frame  16985 | objects 11 | 11:52:05.511
[ALERT] Littering | frame  16990 | objects 10 | 11:52:05.758
[ALERT] Littering | frame  16999 | objects 9 | 11:52:06.031
[ALERT] Littering | frame  17005 | objects 10 | 11:52:06.256
[ALERT] Littering | frame  17014 | objects 10 | 11:52:06.498
[ALERT] Littering | frame  17020 | objects 10 | 11:52:06.677
[ALERT] Littering | frame  17024 | objects 19 | 11:52:06.849
[ALERT] Littering | frame  17030 | objects 10 | 11:52:07.043
[ALERT] Littering | frame  17035 | objects 10 | 11:52:07.211
[ALERT] Littering | frame  17039 | objects 10 | 11:52:07.379
[ALERT] Littering | frame  17045 | objects 11 | 11:52:07.567
[ALERT] Littering | frame  17048 | objects 13 | 11:52:07.739
[ALERT] Littering | frame  17053 | objects 11 | 11:52:07.922
[ALERT] Littering | frame  17057 | objects 10 | 11:52:08.125
[ALERT] Littering | frame  17071 | objects 14 | 11:52:08.696
[ALERT] Littering | frame  17076 | objects 10 | 11:52:08.931
[ALERT] Littering | frame  17081 | objects 15 | 11:52:09.129
[ALERT] Littering | frame  17086 | objects 21 | 11:52:09.333
[ALERT] Littering | frame  17092 | objects 20 | 11:52:09.514
[ALERT] Littering | frame  17097 | objects 10 | 11:52:09.702
[ALERT] Littering | frame  17104 | objects 10 | 11:52:09.875
[ALERT] Littering | frame  17107 | objects 10 | 11:52:10.030
[ALERT] Littering | frame  17116 | objects 20 | 11:52:10.187
[ALERT] Littering | frame  17118 | objects 9 | 11:52:10.373
[ALERT] Littering | frame  17128 | objects 10 | 11:52:10.563
[ALERT] Littering | frame  17130 | objects 15 | 11:52:10.747
[ALERT] Littering | frame  17134 | objects 14 | 11:52:10.922
[ALERT] Littering | frame  17138 | objects 17 | 11:52:11.106
[ALERT] Littering | frame  17142 | objects 20 | 11:52:11.286
[ALERT] Littering | frame  17145 | objects 15 | 11:52:11.468
[ALERT] Littering | frame  17147 | objects 10 | 11:52:11.637
[ALERT] Littering | frame  17152 | objects 18 | 11:52:11.869
[ALERT] Littering | frame  17159 | objects 10 | 11:52:12.060
[ALERT] Littering | frame  17166 | objects 20 | 11:52:12.259
[ALERT] Littering | frame  17168 | objects 14 | 11:52:12.413
[ALERT] Littering | frame  17172 | objects 10 | 11:52:12.606
[ALERT] Littering | frame  17177 | objects 19 | 11:52:12.770
[ALERT] Littering | frame  17181 | objects 14 | 11:52:12.951
[ALERT] Littering | frame  17186 | objects 21 | 11:52:13.143
[ALERT] Littering | frame  17190 | objects 10 | 11:52:13.306
[ALERT] Littering | frame  17195 | objects 20 | 11:52:13.463
[ALERT] Littering | frame  17199 | objects 20 | 11:52:13.698
[ALERT] Littering | frame  17205 | objects 18 | 11:52:13.884
[ALERT] Littering | frame  17208 | objects 12 | 11:52:14.055
[ALERT] Littering | frame  17214 | objects 20 | 11:52:14.232
[ALERT] Littering | frame  17220 | objects 10 | 11:52:14.393
[ALERT] Littering | frame  17225 | objects 20 | 11:52:14.554
[ALERT] Littering | frame  17228 | objects 7 | 11:52:14.756
[ALERT] Littering | frame  17233 | objects 10 | 11:52:14.924
[ALERT] Littering | frame  17240 | objects 19 | 11:52:15.087
[ALERT] Littering | frame  17243 | objects 16 | 11:52:15.273
[ALERT] Littering | frame  17248 | objects 17 | 11:52:15.437
[ALERT] Littering | frame  17254 | objects 19 | 11:52:15.599
[ALERT] Littering | frame  17256 | objects 10 | 11:52:15.781
[ALERT] Littering | frame  17261 | objects 19 | 11:52:15.949
[ALERT] Littering | frame  17266 | objects 20 | 11:52:16.110
[ALERT] Littering | frame  17275 | objects 17 | 11:52:16.285
[ALERT] Littering | frame  17279 | objects 19 | 11:52:16.442
[ALERT] Littering | frame  17281 | objects 12 | 11:52:16.596
[ALERT] Littering | frame  17283 | objects 13 | 11:52:16.752
[ALERT] Littering | frame  17289 | objects 10 | 11:52:16.922
[ALERT] Littering | frame  17292 | objects 22 | 11:52:17.081
[ALERT] Littering | frame  17296 | objects 16 | 11:52:17.247
[ALERT] Littering | frame  17300 | objects 18 | 11:52:17.410
[ALERT] Littering | frame  17304 | objects 11 | 11:52:17.571
[ALERT] Littering | frame  17309 | objects 17 | 11:52:17.749
[ALERT] Littering | frame  17315 | objects 16 | 11:52:17.901
[ALERT] Littering | frame  17317 | objects 13 | 11:52:18.061
[ALERT] Littering | frame  17321 | objects 20 | 11:52:18.235
[ALERT] Littering | frame  17328 | objects 19 | 11:52:18.390
[ALERT] Littering | frame  17330 | objects 2 | 11:52:18.550
[ALERT] Littering | frame  17334 | objects 20 | 11:52:18.796
[ALERT] Littering | frame  17338 | objects 19 | 11:52:18.950
[ALERT] Littering | frame  17342 | objects 19 | 11:52:19.108
[ALERT] Littering | frame  17349 | objects 20 | 11:52:19.317
[ALERT] Littering | frame  17353 | objects 19 | 11:52:19.481
[ALERT] Littering | frame  17357 | objects 20 | 11:52:19.642
[ALERT] Littering | frame  17362 | objects 20 | 11:52:19.805
[ALERT] Littering | frame  17368 | objects 17 | 11:52:19.964
[ALERT] Littering | frame  17373 | objects 19 | 11:52:20.121
[ALERT] Littering | frame  17376 | objects 10 | 11:52:20.303
[ALERT] Littering | frame  17380 | objects 18 | 11:52:20.459
[ALERT] Littering | frame  17387 | objects 10 | 11:52:20.612
[ALERT] Littering | frame  17389 | objects 16 | 11:52:20.779
[ALERT] Littering | frame  17396 | objects 10 | 11:52:20.947
[ALERT] Littering | frame  17398 | objects 16 | 11:52:21.111
[ALERT] Littering | frame  17402 | objects 19 | 11:52:21.296
[ALERT] Littering | frame  17407 | objects 11 | 11:52:21.449
[ALERT] Littering | frame  17410 | objects 20 | 11:52:21.660
[ALERT] Littering | frame  17414 | objects 19 | 11:52:21.950
[ALERT] Littering | frame  17418 | objects 20 | 11:52:22.255
[ALERT] Littering | frame  17423 | objects 20 | 11:52:22.468
[ALERT] Littering | frame  17431 | objects 10 | 11:52:22.699
[ALERT] Littering | frame  17436 | objects 10 | 11:52:22.894
[ALERT] Littering | frame  17443 | objects 10 | 11:52:23.079
[ALERT] Littering | frame  17446 | objects 10 | 11:52:23.322
[ALERT] Littering | frame  17452 | objects 10 | 11:52:23.563
[ALERT] Littering | frame  17455 | objects 8 | 11:52:23.752
[ALERT] Littering | frame  17461 | objects 10 | 11:52:23.938
[ALERT] Littering | frame  17466 | objects 9 | 11:52:24.176
[ALERT] Littering | frame  17470 | objects 10 | 11:52:24.373
[ALERT] Littering | frame  17476 | objects 10 | 11:52:24.557
[ALERT] Littering | frame  17480 | objects 13 | 11:52:24.816
[ALERT] Littering | frame  17485 | objects 16 | 11:52:25.009
[ALERT] Littering | frame  17491 | objects 10 | 11:52:25.196
[ALERT] Littering | frame  17497 | objects 10 | 11:52:25.466
[ALERT] Littering | frame  17503 | objects 10 | 11:52:25.660
[ALERT] Littering | frame  17508 | objects 10 | 11:52:25.862
[ALERT] Littering | frame  17514 | objects 10 | 11:52:26.082
[ALERT] Littering | frame  17519 | objects 10 | 11:52:26.262
[ALERT] Littering | frame  17524 | objects 10 | 11:52:26.446
[ALERT] Littering | frame  17528 | objects 2 | 11:52:26.666
[ALERT] Violence  | frame  18021 | conf 0.917 | 11:52:45.529
[ALERT] Violence  | frame  18027 | conf 0.990 | 11:52:45.723
[ALERT] Violence  | frame  18031 | conf 0.908 | 11:52:45.914
[ALERT] Violence  | frame  18036 | conf 0.966 | 11:52:46.120
[ALERT] Violence  | frame  18040 | conf 0.946 | 11:52:46.326

============================================================
Session started: 2026-04-14 12:03:22.461098  [mode=both  fire=ON]
============================================================
[ALERT] Violence  | frame    207 | conf 0.979 | 12:03:36.034
[ALERT] Violence  | frame    211 | conf 0.886 | 12:03:36.213
[ALERT] Littering | frame    240 | objects 2 | 12:03:37.908
[ALERT] FIRE       | frame    268 | objects 1 | 12:03:39.626
[ALERT] FIRE       | frame    309 | objects 1 | 12:03:41.955
[ALERT] FIRE       | frame    311 | objects 1 | 12:03:42.140
[ALERT] FIRE       | frame    315 | objects 1 | 12:03:42.378
[ALERT] FIRE       | frame    318 | objects 1 | 12:03:42.583
[ALERT] FIRE       | frame    338 | objects 1 | 12:03:43.832
[ALERT] Violence  | frame    440 | conf 0.947 | 12:03:49.504
[ALERT] FIRE       | frame    496 | objects 1 | 12:03:52.215
[ALERT] FIRE       | frame    503 | objects 1 | 12:03:52.397
[ALERT] FIRE       | frame    508 | objects 1 | 12:03:52.623
[ALERT] FIRE       | frame    514 | objects 1 | 12:03:52.865
[ALERT] FIRE       | frame    517 | objects 1 | 12:03:53.053
[ALERT] Violence  | frame   1051 | conf 0.906 | 12:04:23.265
[ALERT] Violence  | frame   1053 | conf 0.896 | 12:04:23.457
[ALERT] Violence  | frame   1056 | conf 0.962 | 12:04:23.615
[ALERT] Littering | frame   1160 | objects 4 | 12:04:28.520
[ALERT] Littering | frame   1185 | objects 2 | 12:04:29.332
[ALERT] Littering | frame   1192 | objects 7 | 12:04:29.587
[ALERT] Littering | frame   1198 | objects 8 | 12:04:29.876
[ALERT] Littering | frame   1205 | objects 7 | 12:04:30.073
[ALERT] Littering | frame   1212 | objects 2 | 12:04:30.286
[ALERT] Violence  | frame   1265 | conf 0.944 | 12:04:32.369
[ALERT] Violence  | frame   1272 | conf 0.961 | 12:04:32.606
[ALERT] Violence  | frame   1279 | conf 0.897 | 12:04:32.838
[ALERT] Littering | frame   1690 | objects 10 | 12:04:49.220
[ALERT] Littering | frame   1697 | objects 10 | 12:04:49.911
[ALERT] Littering | frame   1886 | objects 7 | 12:04:56.670
[ALERT] Littering | frame   1897 | objects 6 | 12:04:56.993
[ALERT] Littering | frame   1905 | objects 2 | 12:04:57.240
[ALERT] Littering | frame   1943 | objects 2 | 12:04:58.670
[ALERT] Littering | frame   1966 | objects 4 | 12:04:59.613
[ALERT] Littering | frame   2108 | objects 3 | 12:05:05.008
[ALERT] Littering | frame   2114 | objects 1 | 12:05:05.205
[ALERT] Littering | frame   2310 | objects 3 | 12:05:12.696
[ALERT] Littering | frame   2315 | objects 2 | 12:05:12.928
[ALERT] Littering | frame   2351 | objects 1 | 12:05:14.325
[ALERT] Littering | frame   2357 | objects 1 | 12:05:14.557
[ALERT] Littering | frame   2421 | objects 5 | 12:05:17.002
[ALERT] Littering | frame   2428 | objects 5 | 12:05:17.279
[ALERT] Littering | frame   2433 | objects 5 | 12:05:17.661
[ALERT] Littering | frame   2443 | objects 2 | 12:05:17.992
[ALERT] Littering | frame   2470 | objects 2 | 12:05:18.894
[ALERT] Violence  | frame   2807 | conf 0.945 | 12:05:31.851
[ALERT] Littering | frame   2816 | objects 4 | 12:05:32.071
[ALERT] FIRE       | frame   3168 | objects 1 | 12:05:51.964
[ALERT] FIRE       | frame   3172 | objects 1 | 12:05:52.173
[ALERT] FIRE       | frame   3176 | objects 1 | 12:05:52.350
[ALERT] FIRE       | frame   3180 | objects 1 | 12:05:52.563
[ALERT] FIRE       | frame   3183 | objects 1 | 12:05:52.806
[ALERT] FIRE       | frame   3193 | objects 1 | 12:05:53.027
[ALERT] FIRE       | frame   3204 | objects 1 | 12:05:53.674
[ALERT] Littering | frame  22128 | objects 2 | 12:24:49.364
[ALERT] Littering | frame  22132 | objects 4 | 12:24:49.583
[ALERT] Littering | frame  22938 | objects 2 | 12:25:38.274
[ALERT] Littering | frame  22943 | objects 3 | 12:25:38.542

============================================================
Session started: 2026-04-14 20:55:06.877205  [mode=both  fire=ON]
============================================================
[ALERT] FIRE       | frame    141 | objects 1 | 20:55:16.017
[ALERT] Violence  | frame    142 | conf 0.882 | 20:55:16.389
[ALERT] FIRE       | frame    142 | objects 1 | 20:55:16.389
[ALERT] FIRE       | frame    148 | objects 1 | 20:55:16.601
[ALERT] FIRE       | frame    154 | objects 1 | 20:55:17.152
[ALERT] FIRE       | frame    158 | objects 1 | 20:55:17.458
[ALERT] Violence  | frame    163 | conf 0.983 | 20:55:17.680
[ALERT] FIRE       | frame    163 | objects 1 | 20:55:17.680
[ALERT] Violence  | frame    169 | conf 0.985 | 20:55:17.924
[ALERT] FIRE       | frame    169 | objects 1 | 20:55:17.924
[ALERT] Violence  | frame    176 | conf 0.979 | 20:55:18.251
[ALERT] FIRE       | frame    176 | objects 1 | 20:55:18.251
[ALERT] Violence  | frame    179 | conf 0.987 | 20:55:18.488
[ALERT] Violence  | frame    184 | conf 0.986 | 20:55:18.704
[ALERT] Violence  | frame    188 | conf 0.954 | 20:55:18.931
[ALERT] FIRE       | frame    188 | objects 1 | 20:55:18.931
[ALERT] Violence  | frame    191 | conf 0.971 | 20:55:19.257
[ALERT] Violence  | frame    195 | conf 0.993 | 20:55:19.489
[ALERT] Violence  | frame    199 | conf 0.995 | 20:55:19.690
[ALERT] Violence  | frame    212 | conf 0.963 | 20:55:20.026
[ALERT] FIRE       | frame    212 | objects 1 | 20:55:20.026
[ALERT] Violence  | frame    216 | conf 0.974 | 20:55:20.447
[ALERT] Littering | frame    216 | objects 1 | 20:55:20.447
[ALERT] FIRE       | frame    216 | objects 1 | 20:55:20.447
[ALERT] Violence  | frame    225 | conf 0.993 | 20:55:20.755
[ALERT] FIRE       | frame    225 | objects 1 | 20:55:20.755
[ALERT] Violence  | frame    231 | conf 0.971 | 20:55:21.149
[ALERT] FIRE       | frame    231 | objects 1 | 20:55:21.149
[ALERT] Violence  | frame    235 | conf 0.983 | 20:55:21.447
[ALERT] FIRE       | frame    235 | objects 1 | 20:55:21.447
[ALERT] Violence  | frame    242 | conf 0.994 | 20:55:21.803
[ALERT] Littering | frame    242 | objects 1 | 20:55:21.803
[ALERT] FIRE       | frame    242 | objects 1 | 20:55:21.803
[ALERT] Violence  | frame    246 | conf 0.993 | 20:55:22.051
[ALERT] Littering | frame    246 | objects 1 | 20:55:22.051
[ALERT] FIRE       | frame    246 | objects 1 | 20:55:22.051
[ALERT] Violence  | frame    250 | conf 0.994 | 20:55:22.271
[ALERT] FIRE       | frame    250 | objects 1 | 20:55:22.271
[ALERT] Violence  | frame    259 | conf 0.994 | 20:55:22.857
[ALERT] FIRE       | frame    259 | objects 1 | 20:55:22.857
[ALERT] Violence  | frame    266 | conf 0.989 | 20:55:23.258
[ALERT] Violence  | frame    267 | conf 0.992 | 20:55:23.491
[ALERT] Violence  | frame    268 | conf 0.982 | 20:55:23.667

============================================================
Session started: 2026-04-15 08:02:33.161581  [mode=both  fire=ON]
============================================================
[ALERT] Littering | frame    409 | objects 10 | 08:02:48.568
[ALERT] Littering | frame    463 | objects 10 | 08:02:50.654
[ALERT] Littering | frame    468 | objects 1 | 08:02:50.820
[ALERT] Littering | frame    586 | objects 4 | 08:02:55.052
[ALERT] Littering | frame    685 | objects 8 | 08:02:58.605
[ALERT] Littering | frame    688 | objects 1 | 08:02:58.782
[ALERT] Littering | frame    691 | objects 3 | 08:02:58.934
[ALERT] Littering | frame    695 | objects 10 | 08:02:59.081
[ALERT] Violence  | frame    734 | conf 0.955 | 08:03:00.503
[ALERT] Violence  | frame    739 | conf 0.930 | 08:03:00.666
[ALERT] Littering | frame    836 | objects 1 | 08:03:04.195
[ALERT] Littering | frame    849 | objects 8 | 08:03:04.665
[ALERT] Littering | frame   3086 | objects 5 | 08:04:22.951
[ALERT] Littering | frame   3094 | objects 2 | 08:04:23.268
[ALERT] Violence  | frame   3268 | conf 0.995 | 08:04:28.983
[ALERT] Violence  | frame   3273 | conf 0.994 | 08:04:29.197
[ALERT] Violence  | frame   3280 | conf 0.988 | 08:04:29.377
[ALERT] Violence  | frame   3284 | conf 0.982 | 08:04:29.584
[ALERT] Violence  | frame   3290 | conf 0.976 | 08:04:29.897
[ALERT] Violence  | frame   3296 | conf 0.976 | 08:04:30.114
[ALERT] Violence  | frame   3301 | conf 0.965 | 08:04:30.393
[ALERT] FIRE       | frame   3314 | objects 1 | 08:04:30.888
[ALERT] FIRE       | frame   3321 | objects 1 | 08:04:31.107
[ALERT] FIRE       | frame   3326 | objects 1 | 08:04:31.462
[ALERT] FIRE       | frame   3332 | objects 1 | 08:04:31.670
[ALERT] FIRE       | frame   3338 | objects 1 | 08:04:31.868
[ALERT] FIRE       | frame   3346 | objects 1 | 08:04:32.061
[ALERT] Violence  | frame   3432 | conf 0.981 | 08:04:35.075
[ALERT] Violence  | frame   3436 | conf 0.959 | 08:04:35.259
[ALERT] Violence  | frame   3441 | conf 0.956 | 08:04:35.446
[ALERT] Violence  | frame   3463 | conf 0.989 | 08:04:36.197
[ALERT] Violence  | frame   3468 | conf 0.896 | 08:04:36.379
[ALERT] Violence  | frame   3589 | conf 0.895 | 08:04:41.064
[ALERT] FIRE       | frame   3589 | objects 1 | 08:04:41.064
[ALERT] Violence  | frame   3596 | conf 0.882 | 08:04:41.281
[ALERT] FIRE       | frame   3596 | objects 1 | 08:04:41.281
[ALERT] FIRE       | frame   3602 | objects 1 | 08:04:41.481
[ALERT] FIRE       | frame   3610 | objects 1 | 08:04:41.746
[ALERT] FIRE       | frame   3616 | objects 1 | 08:04:41.932
[ALERT] Violence  | frame   3622 | conf 0.982 | 08:04:42.208
[ALERT] FIRE       | frame   3622 | objects 1 | 08:04:42.208
[ALERT] FIRE       | frame   3627 | objects 1 | 08:04:42.492
[ALERT] FIRE       | frame   3633 | objects 1 | 08:04:42.715
[ALERT] FIRE       | frame   3640 | objects 1 | 08:04:42.932
[ALERT] FIRE       | frame   3647 | objects 1 | 08:04:43.190
[ALERT] FIRE       | frame   3654 | objects 1 | 08:04:43.414
[ALERT] FIRE       | frame   3660 | objects 1 | 08:04:43.623
[ALERT] FIRE       | frame   3666 | objects 1 | 08:04:43.998
[ALERT] FIRE       | frame   3673 | objects 1 | 08:04:44.210
[ALERT] FIRE       | frame   3679 | objects 1 | 08:04:44.405
[ALERT] FIRE       | frame   3690 | objects 1 | 08:04:44.661
[ALERT] Violence  | frame   3696 | conf 0.883 | 08:04:44.847
[ALERT] FIRE       | frame   3696 | objects 1 | 08:04:44.847
[ALERT] FIRE       | frame   3700 | objects 1 | 08:04:45.025
[ALERT] FIRE       | frame   3707 | objects 1 | 08:04:45.307
[ALERT] FIRE       | frame   3712 | objects 1 | 08:04:45.553
[ALERT] Violence  | frame   3717 | conf 0.907 | 08:04:45.796
[ALERT] FIRE       | frame   3717 | objects 1 | 08:04:45.796
[ALERT] FIRE       | frame   3724 | objects 1 | 08:04:46.073
[ALERT] FIRE       | frame   3732 | objects 2 | 08:04:46.303
[ALERT] FIRE       | frame   3738 | objects 1 | 08:04:46.557
[ALERT] FIRE       | frame   3745 | objects 1 | 08:04:47.007
[ALERT] FIRE       | frame   3750 | objects 2 | 08:04:47.262
[ALERT] FIRE       | frame   3752 | objects 1 | 08:04:47.484
[ALERT] FIRE       | frame   3755 | objects 1 | 08:04:47.789
[ALERT] Violence  | frame   3760 | conf 0.973 | 08:04:48.041
[ALERT] FIRE       | frame   3760 | objects 2 | 08:04:48.041
[ALERT] FIRE       | frame   3768 | objects 1 | 08:04:48.270
[ALERT] FIRE       | frame   3774 | objects 2 | 08:04:48.797
[ALERT] FIRE       | frame   3781 | objects 1 | 08:04:49.026
[ALERT] FIRE       | frame   3784 | objects 1 | 08:04:49.302
[ALERT] FIRE       | frame   3785 | objects 1 | 08:04:49.807
[ALERT] FIRE       | frame   3789 | objects 1 | 08:04:50.031
[ALERT] FIRE       | frame   3795 | objects 1 | 08:04:50.230
[ALERT] Violence  | frame   3809 | conf 0.956 | 08:04:50.535
[ALERT] FIRE       | frame   3809 | objects 1 | 08:04:50.535
[ALERT] Violence  | frame   3815 | conf 0.980 | 08:04:50.765
[ALERT] FIRE       | frame   3815 | objects 1 | 08:04:50.765
[ALERT] Violence  | frame   3821 | conf 0.937 | 08:04:50.999
[ALERT] FIRE       | frame   3821 | objects 2 | 08:04:50.999
[ALERT] Violence  | frame   3828 | conf 0.983 | 08:04:51.209
[ALERT] FIRE       | frame   3828 | objects 1 | 08:04:51.209
[ALERT] Violence  | frame   3835 | conf 0.947 | 08:04:51.459
[ALERT] FIRE       | frame   3835 | objects 2 | 08:04:51.459
[ALERT] Violence  | frame   3841 | conf 0.944 | 08:04:51.686
[ALERT] FIRE       | frame   3841 | objects 1 | 08:04:51.686
[ALERT] Violence  | frame   3847 | conf 0.989 | 08:04:51.867
[ALERT] FIRE       | frame   3847 | objects 1 | 08:04:51.867
[ALERT] Violence  | frame   3852 | conf 0.986 | 08:04:52.089
[ALERT] FIRE       | frame   3852 | objects 1 | 08:04:52.089
[ALERT] Violence  | frame   3859 | conf 0.986 | 08:04:52.286
[ALERT] FIRE       | frame   3859 | objects 1 | 08:04:52.286
[ALERT] Violence  | frame   3863 | conf 0.977 | 08:04:52.506
[ALERT] FIRE       | frame   3863 | objects 1 | 08:04:52.506
[ALERT] Violence  | frame   3869 | conf 0.994 | 08:04:52.739
[ALERT] FIRE       | frame   3869 | objects 1 | 08:04:52.739
[ALERT] Violence  | frame   3874 | conf 0.925 | 08:04:52.926
[ALERT] FIRE       | frame   3874 | objects 1 | 08:04:52.926
[ALERT] Violence  | frame   3879 | conf 0.993 | 08:04:53.104
[ALERT] FIRE       | frame   3879 | objects 1 | 08:04:53.104
[ALERT] Violence  | frame   3885 | conf 0.992 | 08:04:53.380
[ALERT] FIRE       | frame   3885 | objects 1 | 08:04:53.380
[ALERT] Violence  | frame   3890 | conf 0.946 | 08:04:53.584
[ALERT] FIRE       | frame   3890 | objects 1 | 08:04:53.584
[ALERT] Violence  | frame   3895 | conf 0.990 | 08:04:53.766
[ALERT] FIRE       | frame   3895 | objects 2 | 08:04:53.766
[ALERT] Violence  | frame   3902 | conf 0.978 | 08:04:54.018
[ALERT] FIRE       | frame   3902 | objects 2 | 08:04:54.018
[ALERT] FIRE       | frame   3907 | objects 1 | 08:04:54.202
[ALERT] FIRE       | frame   3913 | objects 1 | 08:04:54.397
[ALERT] FIRE       | frame   3919 | objects 1 | 08:04:54.628
[ALERT] Violence  | frame   3924 | conf 0.970 | 08:04:54.846
[ALERT] FIRE       | frame   3924 | objects 1 | 08:04:54.846
[ALERT] Violence  | frame   3930 | conf 0.943 | 08:04:55.063
[ALERT] FIRE       | frame   3930 | objects 2 | 08:04:55.063
[ALERT] FIRE       | frame   3934 | objects 1 | 08:04:55.322
[ALERT] FIRE       | frame   3939 | objects 1 | 08:04:55.511
[ALERT] FIRE       | frame   3945 | objects 1 | 08:04:55.700
[ALERT] Violence  | frame   3956 | conf 0.901 | 08:04:55.941
[ALERT] FIRE       | frame   3956 | objects 1 | 08:04:55.941
[ALERT] FIRE       | frame   3959 | objects 1 | 08:04:56.211
[ALERT] FIRE       | frame   3961 | objects 1 | 08:04:56.395
[ALERT] FIRE       | frame   3967 | objects 1 | 08:04:56.575
[ALERT] FIRE       | frame   3974 | objects 1 | 08:04:56.813
[ALERT] FIRE       | frame   3979 | objects 1 | 08:04:57.016
[ALERT] FIRE       | frame   3984 | objects 1 | 08:04:57.238
[ALERT] FIRE       | frame   3990 | objects 1 | 08:04:57.436
[ALERT] FIRE       | frame   3997 | objects 1 | 08:04:57.664
[ALERT] FIRE       | frame   4002 | objects 1 | 08:04:57.898
[ALERT] FIRE       | frame   4009 | objects 1 | 08:04:58.098
[ALERT] FIRE       | frame   4012 | objects 1 | 08:04:58.302
[ALERT] FIRE       | frame   4098 | objects 1 | 08:05:01.450
[ALERT] FIRE       | frame   4103 | objects 1 | 08:05:01.656
[ALERT] Violence  | frame   4108 | conf 0.934 | 08:05:01.826
[ALERT] FIRE       | frame   4108 | objects 1 | 08:05:01.826
[ALERT] Violence  | frame   4115 | conf 0.989 | 08:05:01.991
[ALERT] FIRE       | frame   4115 | objects 1 | 08:05:01.991
[ALERT] Violence  | frame   4120 | conf 0.986 | 08:05:02.148
[ALERT] FIRE       | frame   4120 | objects 1 | 08:05:02.148
[ALERT] Violence  | frame   4126 | conf 0.984 | 08:05:02.316
[ALERT] FIRE       | frame   4126 | objects 1 | 08:05:02.316
[ALERT] Violence  | frame   4129 | conf 0.989 | 08:05:02.503
[ALERT] FIRE       | frame   4129 | objects 1 | 08:05:02.503
[ALERT] Violence  | frame   4135 | conf 0.996 | 08:05:02.783
[ALERT] FIRE       | frame   4135 | objects 1 | 08:05:02.783
[ALERT] Violence  | frame   4138 | conf 0.980 | 08:05:02.970
[ALERT] FIRE       | frame   4138 | objects 1 | 08:05:02.970
[ALERT] Violence  | frame   4143 | conf 0.971 | 08:05:03.249
[ALERT] FIRE       | frame   4143 | objects 1 | 08:05:03.249
[ALERT] Violence  | frame   4151 | conf 0.990 | 08:05:03.481
[ALERT] FIRE       | frame   4151 | objects 1 | 08:05:03.481
[ALERT] Violence  | frame   4156 | conf 0.994 | 08:05:03.683
[ALERT] FIRE       | frame   4156 | objects 1 | 08:05:03.683
[ALERT] FIRE       | frame   4162 | objects 1 | 08:05:03.910
[ALERT] FIRE       | frame   4168 | objects 1 | 08:05:04.122
[ALERT] FIRE       | frame   4173 | objects 1 | 08:05:04.331
[ALERT] Violence  | frame   4177 | conf 0.970 | 08:05:04.614
[ALERT] FIRE       | frame   4177 | objects 1 | 08:05:04.614
[ALERT] Violence  | frame   4182 | conf 0.955 | 08:05:04.837
[ALERT] FIRE       | frame   4182 | objects 1 | 08:05:04.837
[ALERT] Violence  | frame   4188 | conf 0.992 | 08:05:05.132
[ALERT] FIRE       | frame   4188 | objects 1 | 08:05:05.132
[ALERT] Violence  | frame   4196 | conf 0.986 | 08:05:05.429
[ALERT] FIRE       | frame   4196 | objects 1 | 08:05:05.429
[ALERT] Violence  | frame   4203 | conf 0.996 | 08:05:05.642
[ALERT] FIRE       | frame   4203 | objects 1 | 08:05:05.642
[ALERT] Violence  | frame   4211 | conf 0.893 | 08:05:05.853
[ALERT] FIRE       | frame   4211 | objects 1 | 08:05:05.853
[ALERT] Violence  | frame   4219 | conf 0.960 | 08:05:06.137
[ALERT] FIRE       | frame   4219 | objects 1 | 08:05:06.137
[ALERT] Violence  | frame   4225 | conf 0.969 | 08:05:06.362
[ALERT] FIRE       | frame   4225 | objects 2 | 08:05:06.362
[ALERT] Violence  | frame   4231 | conf 0.982 | 08:05:06.566
[ALERT] FIRE       | frame   4231 | objects 2 | 08:05:06.566
[ALERT] Violence  | frame   4238 | conf 0.978 | 08:05:06.825
[ALERT] FIRE       | frame   4238 | objects 1 | 08:05:06.825
[ALERT] Violence  | frame   4243 | conf 0.995 | 08:05:07.037
[ALERT] FIRE       | frame   4243 | objects 1 | 08:05:07.037
[ALERT] Violence  | frame   4247 | conf 0.998 | 08:05:07.222
[ALERT] FIRE       | frame   4247 | objects 1 | 08:05:07.222
[ALERT] Violence  | frame   4255 | conf 0.985 | 08:05:07.456
[ALERT] FIRE       | frame   4255 | objects 1 | 08:05:07.456
[ALERT] Violence  | frame   4260 | conf 0.997 | 08:05:07.654
[ALERT] FIRE       | frame   4260 | objects 1 | 08:05:07.654
[ALERT] Violence  | frame   4266 | conf 0.987 | 08:05:07.840
[ALERT] FIRE       | frame   4275 | objects 1 | 08:05:08.292
[ALERT] FIRE       | frame   4293 | objects 1 | 08:05:08.863
[ALERT] FIRE       | frame   4300 | objects 1 | 08:05:09.067
[ALERT] FIRE       | frame   4303 | objects 1 | 08:05:09.305
[ALERT] Violence  | frame   4309 | conf 0.998 | 08:05:09.573
[ALERT] Violence  | frame   4314 | conf 0.998 | 08:05:09.764
[ALERT] Violence  | frame   4319 | conf 0.984 | 08:05:10.012
[ALERT] Violence  | frame   4328 | conf 0.905 | 08:05:10.201
[ALERT] Violence  | frame   4333 | conf 0.949 | 08:05:10.393
[ALERT] Violence  | frame   4339 | conf 0.931 | 08:05:10.631
[ALERT] Violence  | frame   4345 | conf 0.960 | 08:05:10.783
[ALERT] Violence  | frame   4350 | conf 0.997 | 08:05:10.938
[ALERT] Violence  | frame   4357 | conf 0.996 | 08:05:11.191
[ALERT] Violence  | frame   4361 | conf 0.993 | 08:05:11.360
[ALERT] Violence  | frame   4365 | conf 0.995 | 08:05:11.549
[ALERT] Violence  | frame   4372 | conf 0.992 | 08:05:11.789
[ALERT] Violence  | frame   4376 | conf 0.991 | 08:05:11.997
[ALERT] Violence  | frame   4381 | conf 0.956 | 08:05:12.179
[ALERT] Violence  | frame   4387 | conf 0.986 | 08:05:12.399
[ALERT] Violence  | frame   4393 | conf 0.943 | 08:05:12.607
[ALERT] Violence  | frame   4401 | conf 0.901 | 08:05:12.763
[ALERT] Violence  | frame   4435 | conf 0.967 | 08:05:14.212
[ALERT] Violence  | frame   4439 | conf 0.937 | 08:05:14.489
[ALERT] Violence  | frame   4445 | conf 0.984 | 08:05:14.683
[ALERT] Violence  | frame   4452 | conf 0.978 | 08:05:14.864
[ALERT] Violence  | frame   4459 | conf 0.914 | 08:05:15.080
[ALERT] Violence  | frame   4479 | conf 0.987 | 08:05:15.908
[ALERT] Violence  | frame   4484 | conf 0.978 | 08:05:16.106
[ALERT] Violence  | frame   4491 | conf 0.957 | 08:05:16.338
[ALERT] Violence  | frame   4496 | conf 0.974 | 08:05:16.551
[ALERT] Violence  | frame   4502 | conf 0.991 | 08:05:16.754
[ALERT] Violence  | frame   4505 | conf 0.971 | 08:05:17.086
[ALERT] Violence  | frame   4533 | conf 0.949 | 08:05:18.021
[ALERT] Violence  | frame   4852 | conf 0.986 | 08:05:30.461
[ALERT] Littering | frame   4964 | objects 10 | 08:05:34.718
[ALERT] Littering | frame   4969 | objects 8 | 08:05:34.917
[ALERT] Violence  | frame   4974 | conf 0.935 | 08:05:35.119
[ALERT] Littering | frame   4974 | objects 10 | 08:05:35.119
[ALERT] Violence  | frame   4981 | conf 0.994 | 08:05:35.393
[ALERT] Littering | frame   4981 | objects 10 | 08:05:35.393
[ALERT] Violence  | frame   4985 | conf 0.958 | 08:05:35.610
[ALERT] Littering | frame   4985 | objects 9 | 08:05:35.610
[ALERT] Littering | frame   5004 | objects 2 | 08:05:36.306
[ALERT] Violence  | frame   5088 | conf 0.992 | 08:05:39.465
[ALERT] Violence  | frame   5127 | conf 0.934 | 08:05:41.002
[ALERT] Violence  | frame   5132 | conf 0.997 | 08:05:41.258
[ALERT] Violence  | frame   5139 | conf 0.919 | 08:05:41.453
[ALERT] Violence  | frame   5175 | conf 0.996 | 08:05:42.953
[ALERT] Violence  | frame   5183 | conf 0.997 | 08:05:43.196
[ALERT] Violence  | frame   5190 | conf 0.995 | 08:05:43.399
[ALERT] Violence  | frame   5194 | conf 0.991 | 08:05:43.574
[ALERT] Violence  | frame   5199 | conf 0.998 | 08:05:43.795
[ALERT] Violence  | frame   5205 | conf 0.982 | 08:05:43.978
[ALERT] Violence  | frame   5208 | conf 0.995 | 08:05:44.157
[ALERT] Violence  | frame   5215 | conf 0.993 | 08:05:44.412
[ALERT] Violence  | frame   5220 | conf 0.993 | 08:05:44.585
[ALERT] Violence  | frame   5224 | conf 0.999 | 08:05:44.772
[ALERT] Violence  | frame   5232 | conf 0.975 | 08:05:45.040
[ALERT] Violence  | frame   5238 | conf 0.977 | 08:05:45.228
[ALERT] Violence  | frame   5241 | conf 0.990 | 08:05:45.404
[ALERT] Violence  | frame   5249 | conf 0.994 | 08:05:45.619
[ALERT] Violence  | frame   5255 | conf 0.984 | 08:05:45.802
[ALERT] Violence  | frame   5257 | conf 0.959 | 08:05:45.994
[ALERT] Violence  | frame   5262 | conf 0.985 | 08:05:46.228
[ALERT] Violence  | frame   5283 | conf 0.981 | 08:05:47.085
[ALERT] Violence  | frame   5289 | conf 0.981 | 08:05:47.286
[ALERT] Violence  | frame   5295 | conf 0.959 | 08:05:47.503
[ALERT] Violence  | frame   5301 | conf 0.983 | 08:05:47.682
[ALERT] Violence  | frame   5306 | conf 0.993 | 08:05:47.857
[ALERT] Violence  | frame   5313 | conf 0.961 | 08:05:48.076
[ALERT] Violence  | frame   5317 | conf 0.977 | 08:05:48.277
[ALERT] Littering | frame   5399 | objects 1 | 08:05:51.482
[ALERT] Littering | frame   5408 | objects 4 | 08:05:51.662
[ALERT] Littering | frame   5414 | objects 5 | 08:05:51.841
[ALERT] Littering | frame   5418 | objects 5 | 08:05:51.995
[ALERT] Littering | frame   5783 | objects 10 | 08:06:05.674
[ALERT] Littering | frame   5800 | objects 10 | 08:06:06.282
[ALERT] Littering | frame   5819 | objects 4 | 08:06:07.125
[ALERT] Littering | frame   5836 | objects 6 | 08:06:07.757
[ALERT] Littering | frame   5841 | objects 2 | 08:06:08.003
[ALERT] Littering | frame   5865 | objects 5 | 08:06:08.866
[ALERT] Littering | frame   5870 | objects 6 | 08:06:09.039
[ALERT] Littering | frame   5876 | objects 9 | 08:06:09.257
[ALERT] Littering | frame   5882 | objects 2 | 08:06:09.438
[ALERT] Littering | frame   5885 | objects 7 | 08:06:09.620
[ALERT] Littering | frame   5889 | objects 3 | 08:06:09.781
[ALERT] Littering | frame   5903 | objects 5 | 08:06:10.317
[ALERT] Littering | frame   5908 | objects 7 | 08:06:10.504
[ALERT] Littering | frame   5912 | objects 1 | 08:06:10.653
[ALERT] Littering | frame   5916 | objects 3 | 08:06:10.842
[ALERT] Littering | frame   5931 | objects 5 | 08:06:11.350
[ALERT] Littering | frame   5936 | objects 5 | 08:06:11.558
[ALERT] Littering | frame   5945 | objects 4 | 08:06:11.755
[ALERT] Littering | frame   5950 | objects 2 | 08:06:11.933
[ALERT] Littering | frame   5954 | objects 5 | 08:06:12.130
[ALERT] Littering | frame   5959 | objects 4 | 08:06:12.437
[ALERT] Littering | frame   5965 | objects 6 | 08:06:12.641
[ALERT] Littering | frame   5966 | objects 1 | 08:06:12.897
[ALERT] Violence  | frame   5971 | conf 0.980 | 08:06:13.193
[ALERT] Violence  | frame   5976 | conf 0.885 | 08:06:13.453
[ALERT] Littering | frame   6175 | objects 3 | 08:06:20.827
[ALERT] Littering | frame   6182 | objects 4 | 08:06:21.062
[ALERT] Littering | frame   6190 | objects 1 | 08:06:21.287
[ALERT] Littering | frame   6252 | objects 1 | 08:06:23.686
[ALERT] Littering | frame   6258 | objects 2 | 08:06:24.042
[ALERT] Littering | frame   6264 | objects 7 | 08:06:24.371
[ALERT] Littering | frame   6268 | objects 9 | 08:06:24.652
[ALERT] Littering | frame   6279 | objects 6 | 08:06:24.864
[ALERT] Littering | frame   6287 | objects 3 | 08:06:25.132
[ALERT] Littering | frame   6295 | objects 7 | 08:06:25.350
[ALERT] Littering | frame   6301 | objects 4 | 08:06:25.540
[ALERT] Littering | frame   6308 | objects 3 | 08:06:25.787
[ALERT] Littering | frame   6314 | objects 4 | 08:06:25.960
[ALERT] Littering | frame   6319 | objects 1 | 08:06:26.141
[ALERT] Littering | frame   6325 | objects 4 | 08:06:26.427
[ALERT] Littering | frame   6388 | objects 6 | 08:06:28.970
[ALERT] Littering | frame   6394 | objects 8 | 08:06:29.162
[ALERT] Littering | frame   6398 | objects 7 | 08:06:29.345
[ALERT] Littering | frame   6405 | objects 6 | 08:06:29.562
[ALERT] Littering | frame   6409 | objects 6 | 08:06:29.743
[ALERT] Littering | frame   6412 | objects 7 | 08:06:29.908
[ALERT] Littering | frame   6419 | objects 5 | 08:06:30.126
[ALERT] Littering | frame   6423 | objects 1 | 08:06:30.304
[ALERT] Littering | frame   6427 | objects 6 | 08:06:30.465
[ALERT] Littering | frame   6430 | objects 6 | 08:06:30.659
[ALERT] Littering | frame   6484 | objects 1 | 08:06:32.782
[ALERT] Violence  | frame   6500 | conf 0.950 | 08:06:33.387
[ALERT] Violence  | frame   6507 | conf 0.892 | 08:06:33.562
[ALERT] Littering | frame   6566 | objects 4 | 08:06:35.805
[ALERT] Littering | frame   6573 | objects 4 | 08:06:36.106
[ALERT] Littering | frame   6633 | objects 3 | 08:06:38.782
[ALERT] Littering | frame   6641 | objects 1 | 08:06:39.063
[ALERT] Littering | frame   6706 | objects 1 | 08:06:41.596
[ALERT] Littering | frame   6713 | objects 4 | 08:06:41.797
[ALERT] Violence  | frame   6966 | conf 0.946 | 08:06:51.301
[ALERT] Violence  | frame   6971 | conf 0.923 | 08:06:51.506
[ALERT] Violence  | frame   6976 | conf 0.942 | 08:06:51.745
[ALERT] Violence  | frame   7080 | conf 0.934 | 08:06:55.391
[ALERT] Violence  | frame   7084 | conf 0.984 | 08:06:55.599
[ALERT] Violence  | frame   7089 | conf 0.978 | 08:06:55.805
[ALERT] Violence  | frame   7095 | conf 0.911 | 08:06:56.015
[ALERT] Violence  | frame   7099 | conf 0.942 | 08:06:56.201
[ALERT] Violence  | frame   7106 | conf 0.956 | 08:06:56.383
[ALERT] Violence  | frame   7111 | conf 0.978 | 08:06:56.578
[ALERT] Violence  | frame   7117 | conf 0.951 | 08:06:56.761
[ALERT] Violence  | frame   7122 | conf 0.896 | 08:06:56.950
[ALERT] Violence  | frame   7125 | conf 0.980 | 08:06:57.197
[ALERT] Littering | frame   7208 | objects 10 | 08:07:00.156
[ALERT] Littering | frame   7318 | objects 3 | 08:07:04.714
[ALERT] Littering | frame   7402 | objects 2 | 08:07:08.024
[ALERT] Littering | frame   7549 | objects 10 | 08:07:13.127
[ALERT] Littering | frame   7554 | objects 14 | 08:07:13.329
[ALERT] Littering | frame   7557 | objects 14 | 08:07:13.508
[ALERT] Littering | frame   7563 | objects 16 | 08:07:13.737
[ALERT] Littering | frame   7575 | objects 11 | 08:07:13.915
[ALERT] Littering | frame   7580 | objects 15 | 08:07:14.093
[ALERT] Littering | frame   7584 | objects 9 | 08:07:14.289
[ALERT] Littering | frame   7586 | objects 15 | 08:07:14.484
[ALERT] Littering | frame   7589 | objects 14 | 08:07:14.692
[ALERT] Littering | frame   7592 | objects 14 | 08:07:14.937
[ALERT] Littering | frame   7600 | objects 11 | 08:07:15.192
[ALERT] Littering | frame   7602 | objects 10 | 08:07:15.371
[ALERT] Littering | frame   7606 | objects 12 | 08:07:15.617
[ALERT] Littering | frame   7613 | objects 7 | 08:07:15.804
[ALERT] Littering | frame   7618 | objects 11 | 08:07:15.993
[ALERT] Littering | frame   7632 | objects 1 | 08:07:16.247
[ALERT] Littering | frame   7635 | objects 10 | 08:07:16.483
[ALERT] Littering | frame   7637 | objects 14 | 08:07:16.653
[ALERT] Littering | frame   7646 | objects 10 | 08:07:16.850
[ALERT] Littering | frame   7664 | objects 15 | 08:07:17.636
[ALERT] Littering | frame   7667 | objects 19 | 08:07:17.839
[ALERT] Littering | frame   7673 | objects 16 | 08:07:18.043
[ALERT] Littering | frame   7677 | objects 16 | 08:07:18.225
[ALERT] Littering | frame   7683 | objects 9 | 08:07:18.409
[ALERT] Littering | frame   7687 | objects 18 | 08:07:18.647
[ALERT] Littering | frame   7693 | objects 24 | 08:07:18.927
[ALERT] Littering | frame   7696 | objects 11 | 08:07:19.147
[ALERT] Littering | frame   7702 | objects 10 | 08:07:19.379
[ALERT] Littering | frame   7710 | objects 10 | 08:07:19.578
[ALERT] Littering | frame   7715 | objects 10 | 08:07:19.757
[ALERT] Littering | frame   7720 | objects 9 | 08:07:19.982
[ALERT] Littering | frame   7726 | objects 17 | 08:07:20.164
[ALERT] Littering | frame   7730 | objects 11 | 08:07:20.338
[ALERT] Littering | frame   7736 | objects 10 | 08:07:20.578
[ALERT] Littering | frame   7741 | objects 10 | 08:07:20.778
[ALERT] Littering | frame   7746 | objects 12 | 08:07:21.006
[ALERT] Littering | frame   7751 | objects 10 | 08:07:21.340
[ALERT] Littering | frame   7755 | objects 15 | 08:07:21.522
[ALERT] Littering | frame   7761 | objects 10 | 08:07:21.684
[ALERT] Littering | frame   7796 | objects 3 | 08:07:22.995
[ALERT] Littering | frame   7802 | objects 8 | 08:07:23.256
[ALERT] Littering | frame   7805 | objects 12 | 08:07:23.471
[ALERT] Littering | frame   7813 | objects 12 | 08:07:23.658
[ALERT] Littering | frame   7818 | objects 7 | 08:07:23.922
[ALERT] Littering | frame   7824 | objects 2 | 08:07:24.118
[ALERT] Littering | frame   7854 | objects 4 | 08:07:25.026
[ALERT] Littering | frame   7855 | objects 9 | 08:07:25.187
[ALERT] Littering | frame   7870 | objects 7 | 08:07:25.670
[ALERT] Littering | frame   7935 | objects 3 | 08:07:28.284
[ALERT] Littering | frame   7960 | objects 5 | 08:07:29.366
[ALERT] Littering | frame   7965 | objects 8 | 08:07:29.563
[ALERT] Littering | frame   7971 | objects 5 | 08:07:29.737
[ALERT] FIRE       | frame   8016 | objects 1 | 08:07:31.487
[ALERT] FIRE       | frame   8035 | objects 1 | 08:07:32.171
[ALERT] FIRE       | frame   8039 | objects 1 | 08:07:32.401
[ALERT] FIRE       | frame   8046 | objects 1 | 08:07:32.598
[ALERT] Littering | frame   8050 | objects 2 | 08:07:32.834
[ALERT] FIRE       | frame   8050 | objects 1 | 08:07:32.834
[ALERT] Littering | frame   8056 | objects 7 | 08:07:33.039
[ALERT] FIRE       | frame   8056 | objects 1 | 08:07:33.039
[ALERT] Littering | frame   8061 | objects 4 | 08:07:33.297
[ALERT] FIRE       | frame   8061 | objects 1 | 08:07:33.297
[ALERT] Littering | frame   8068 | objects 4 | 08:07:33.466
[ALERT] FIRE       | frame   8068 | objects 1 | 08:07:33.466
[ALERT] Littering | frame   8072 | objects 5 | 08:07:33.629
[ALERT] FIRE       | frame   8072 | objects 1 | 08:07:33.629
[ALERT] FIRE       | frame   8079 | objects 1 | 08:07:33.789
[ALERT] FIRE       | frame   8085 | objects 1 | 08:07:33.954
[ALERT] Littering | frame   8090 | objects 4 | 08:07:34.103
[ALERT] FIRE       | frame   8090 | objects 1 | 08:07:34.103
[ALERT] Littering | frame   8099 | objects 1 | 08:07:34.327
[ALERT] FIRE       | frame   8099 | objects 1 | 08:07:34.327
[ALERT] Littering | frame   8101 | objects 7 | 08:07:34.584
[ALERT] FIRE       | frame   8101 | objects 1 | 08:07:34.584
[ALERT] FIRE       | frame   8113 | objects 1 | 08:07:35.083
[ALERT] FIRE       | frame   8117 | objects 1 | 08:07:35.237
[ALERT] FIRE       | frame   8121 | objects 1 | 08:07:35.393
[ALERT] FIRE       | frame   8125 | objects 1 | 08:07:35.549
[ALERT] FIRE       | frame   8131 | objects 2 | 08:07:35.703
[ALERT] FIRE       | frame   8134 | objects 2 | 08:07:35.859
[ALERT] Violence  | frame   8139 | conf 0.941 | 08:07:36.028
[ALERT] FIRE       | frame   8139 | objects 2 | 08:07:36.028
[ALERT] FIRE       | frame   8144 | objects 2 | 08:07:36.178
[ALERT] FIRE       | frame   8152 | objects 2 | 08:07:36.353
[ALERT] FIRE       | frame   8154 | objects 2 | 08:07:36.534
[ALERT] Violence  | frame   8159 | conf 0.971 | 08:07:36.682
[ALERT] FIRE       | frame   8159 | objects 2 | 08:07:36.682
[ALERT] Violence  | frame   8162 | conf 0.961 | 08:07:36.859
[ALERT] FIRE       | frame   8162 | objects 2 | 08:07:36.859
[ALERT] Violence  | frame   8169 | conf 0.950 | 08:07:37.014
[ALERT] FIRE       | frame   8169 | objects 2 | 08:07:37.014
[ALERT] FIRE       | frame   8173 | objects 2 | 08:07:37.186
[ALERT] FIRE       | frame   8176 | objects 1 | 08:07:37.342
[ALERT] FIRE       | frame   8179 | objects 1 | 08:07:37.520
[ALERT] Violence  | frame   8184 | conf 0.913 | 08:07:37.697
[ALERT] FIRE       | frame   8184 | objects 1 | 08:07:37.697
[ALERT] Violence  | frame   8191 | conf 0.920 | 08:07:37.861
[ALERT] FIRE       | frame   8191 | objects 1 | 08:07:37.861
[ALERT] Violence  | frame   8202 | conf 0.944 | 08:07:38.078
[ALERT] FIRE       | frame   8202 | objects 1 | 08:07:38.078
[ALERT] Violence  | frame   8219 | conf 0.961 | 08:07:38.667
[ALERT] FIRE       | frame   8219 | objects 1 | 08:07:38.667
[ALERT] Violence  | frame   8225 | conf 0.961 | 08:07:38.867
[ALERT] FIRE       | frame   8225 | objects 1 | 08:07:38.867
[ALERT] Violence  | frame   8236 | conf 0.961 | 08:07:39.252
[ALERT] FIRE       | frame   8236 | objects 1 | 08:07:39.252
[ALERT] Violence  | frame   8251 | conf 0.953 | 08:07:39.795
[ALERT] FIRE       | frame   8251 | objects 1 | 08:07:39.795
[ALERT] Violence  | frame   8270 | conf 0.931 | 08:07:40.425
[ALERT] FIRE       | frame   8270 | objects 1 | 08:07:40.425
[ALERT] FIRE       | frame   8273 | objects 1 | 08:07:40.583
[ALERT] FIRE       | frame   8275 | objects 1 | 08:07:40.760
[ALERT] FIRE       | frame   8276 | objects 1 | 08:07:40.911
[ALERT] Violence  | frame   8279 | conf 0.927 | 08:07:41.066
[ALERT] FIRE       | frame   8279 | objects 1 | 08:07:41.066
[ALERT] Violence  | frame   8284 | conf 0.973 | 08:07:41.235
[ALERT] FIRE       | frame   8284 | objects 1 | 08:07:41.235
[ALERT] Violence  | frame   8289 | conf 0.883 | 08:07:41.384
[ALERT] FIRE       | frame   8289 | objects 1 | 08:07:41.384
[ALERT] FIRE       | frame   8293 | objects 1 | 08:07:41.542
[ALERT] FIRE       | frame   8298 | objects 1 | 08:07:41.706
[ALERT] FIRE       | frame   8301 | objects 1 | 08:07:41.862
[ALERT] Violence  | frame   8306 | conf 0.890 | 08:07:42.012
[ALERT] FIRE       | frame   8306 | objects 1 | 08:07:42.012
[ALERT] Violence  | frame   8310 | conf 0.978 | 08:07:42.173
[ALERT] FIRE       | frame   8310 | objects 1 | 08:07:42.173
[ALERT] Violence  | frame   8319 | conf 0.979 | 08:07:42.321
[ALERT] FIRE       | frame   8319 | objects 1 | 08:07:42.321
[ALERT] Violence  | frame   8320 | conf 0.966 | 08:07:42.522
[ALERT] FIRE       | frame   8320 | objects 1 | 08:07:42.522
[ALERT] Violence  | frame   8323 | conf 0.934 | 08:07:42.778
[ALERT] FIRE       | frame   8323 | objects 1 | 08:07:42.778
[ALERT] Violence  | frame   8328 | conf 0.984 | 08:07:42.971
[ALERT] FIRE       | frame   8328 | objects 1 | 08:07:42.971
[ALERT] Violence  | frame   8336 | conf 0.972 | 08:07:43.192
[ALERT] FIRE       | frame   8336 | objects 1 | 08:07:43.192
[ALERT] Violence  | frame   8342 | conf 0.938 | 08:07:43.373
[ALERT] FIRE       | frame   8342 | objects 1 | 08:07:43.373
[ALERT] Violence  | frame   8349 | conf 0.953 | 08:07:43.565
[ALERT] Violence  | frame   8350 | conf 0.939 | 08:07:43.729
[ALERT] Violence  | frame   8355 | conf 0.992 | 08:07:43.932
[ALERT] Violence  | frame   8361 | conf 0.933 | 08:07:44.092
[ALERT] Violence  | frame   8365 | conf 0.895 | 08:07:44.259
[ALERT] FIRE       | frame   8365 | objects 1 | 08:07:44.259
[ALERT] Violence  | frame   8370 | conf 0.959 | 08:07:44.468
[ALERT] FIRE       | frame   8370 | objects 1 | 08:07:44.468
[ALERT] Littering | frame   8407 | objects 1 | 08:07:45.556
[ALERT] Littering | frame   8415 | objects 3 | 08:07:45.825
[ALERT] Littering | frame   8437 | objects 2 | 08:07:46.651
[ALERT] Littering | frame   8459 | objects 6 | 08:07:47.413
[ALERT] Littering | frame   8481 | objects 8 | 08:07:48.185
[ALERT] Littering | frame   8525 | objects 3 | 08:07:49.958
[ALERT] Littering | frame   8695 | objects 1 | 08:07:55.759
[ALERT] Littering | frame   8762 | objects 3 | 08:07:58.165
[ALERT] Littering | frame   9007 | objects 5 | 08:08:07.286
[ALERT] Littering | frame   9013 | objects 4 | 08:08:07.493
[ALERT] Littering | frame   9018 | objects 5 | 08:08:07.693
[ALERT] Littering | frame   9023 | objects 1 | 08:08:07.892
[ALERT] Violence  | frame   9124 | conf 0.985 | 08:08:11.503
[ALERT] FIRE       | frame   9127 | objects 2 | 08:08:11.663
[ALERT] FIRE       | frame   9131 | objects 2 | 08:08:11.838
[ALERT] FIRE       | frame   9135 | objects 2 | 08:08:11.991
[ALERT] FIRE       | frame   9141 | objects 2 | 08:08:12.145
[ALERT] FIRE       | frame   9145 | objects 1 | 08:08:12.334
[ALERT] FIRE       | frame   9150 | objects 2 | 08:08:12.483
[ALERT] FIRE       | frame   9156 | objects 1 | 08:08:12.633
[ALERT] FIRE       | frame   9158 | objects 1 | 08:08:12.806
[ALERT] FIRE       | frame   9164 | objects 2 | 08:08:12.960
[ALERT] FIRE       | frame   9167 | objects 2 | 08:08:13.166
[ALERT] FIRE       | frame   9172 | objects 1 | 08:08:13.395
[ALERT] FIRE       | frame   9175 | objects 1 | 08:08:13.647
[ALERT] Violence  | frame   9181 | conf 0.988 | 08:08:13.832
[ALERT] FIRE       | frame   9181 | objects 1 | 08:08:13.832
[ALERT] Violence  | frame   9187 | conf 0.990 | 08:08:14.062
[ALERT] FIRE       | frame   9187 | objects 1 | 08:08:14.062
[ALERT] Violence  | frame   9196 | conf 0.883 | 08:08:14.354
[ALERT] FIRE       | frame   9196 | objects 2 | 08:08:14.354
[ALERT] Violence  | frame   9200 | conf 0.924 | 08:08:14.668
[ALERT] FIRE       | frame   9200 | objects 2 | 08:08:14.668
[ALERT] Violence  | frame   9207 | conf 0.926 | 08:08:15.201
[ALERT] FIRE       | frame   9207 | objects 1 | 08:08:15.201
[ALERT] Violence  | frame   9214 | conf 0.968 | 08:08:15.465
[ALERT] FIRE       | frame   9214 | objects 2 | 08:08:15.465
[ALERT] FIRE       | frame   9223 | objects 2 | 08:08:15.664
[ALERT] FIRE       | frame   9237 | objects 1 | 08:08:15.910
[ALERT] FIRE       | frame   9243 | objects 1 | 08:08:16.120
[ALERT] FIRE       | frame   9249 | objects 2 | 08:08:16.343
[ALERT] FIRE       | frame   9253 | objects 1 | 08:08:16.570
[ALERT] FIRE       | frame   9259 | objects 1 | 08:08:16.775
[ALERT] FIRE       | frame   9265 | objects 1 | 08:08:16.984
[ALERT] FIRE       | frame   9269 | objects 1 | 08:08:17.196
[ALERT] FIRE       | frame   9276 | objects 1 | 08:08:17.387
[ALERT] Violence  | frame   9281 | conf 0.981 | 08:08:17.618
[ALERT] FIRE       | frame   9281 | objects 1 | 08:08:17.618
[ALERT] Violence  | frame   9286 | conf 0.967 | 08:08:17.879
[ALERT] FIRE       | frame   9286 | objects 1 | 08:08:17.879
[ALERT] Violence  | frame   9292 | conf 0.946 | 08:08:18.074
[ALERT] FIRE       | frame   9292 | objects 1 | 08:08:18.074
[ALERT] Violence  | frame   9298 | conf 0.992 | 08:08:18.279
[ALERT] FIRE       | frame   9298 | objects 1 | 08:08:18.279
[ALERT] FIRE       | frame   9305 | objects 1 | 08:08:18.539
[ALERT] FIRE       | frame   9309 | objects 1 | 08:08:18.717
[ALERT] FIRE       | frame   9315 | objects 1 | 08:08:18.926
[ALERT] Violence  | frame   9321 | conf 0.989 | 08:08:19.214
[ALERT] FIRE       | frame   9321 | objects 2 | 08:08:19.214
[ALERT] Violence  | frame   9327 | conf 0.968 | 08:08:19.420
[ALERT] FIRE       | frame   9327 | objects 1 | 08:08:19.420
[ALERT] Violence  | frame   9332 | conf 0.959 | 08:08:19.624
[ALERT] FIRE       | frame   9332 | objects 1 | 08:08:19.624
[ALERT] Violence  | frame   9338 | conf 0.979 | 08:08:19.884
[ALERT] FIRE       | frame   9338 | objects 1 | 08:08:19.884
[ALERT] Violence  | frame   9344 | conf 0.997 | 08:08:20.079
[ALERT] FIRE       | frame   9344 | objects 1 | 08:08:20.079
[ALERT] Violence  | frame   9349 | conf 0.922 | 08:08:20.293
[ALERT] FIRE       | frame   9349 | objects 1 | 08:08:20.293
[ALERT] Violence  | frame   9356 | conf 0.995 | 08:08:20.550
[ALERT] FIRE       | frame   9356 | objects 1 | 08:08:20.550
[ALERT] FIRE       | frame   9361 | objects 1 | 08:08:20.782
[ALERT] FIRE       | frame   9366 | objects 1 | 08:08:20.982
[ALERT] FIRE       | frame   9374 | objects 1 | 08:08:21.225
[ALERT] FIRE       | frame   9382 | objects 1 | 08:08:21.407
[ALERT] FIRE       | frame   9387 | objects 1 | 08:08:21.610
[ALERT] FIRE       | frame   9393 | objects 1 | 08:08:21.814
[ALERT] Violence  | frame   9405 | conf 0.954 | 08:08:22.337
[ALERT] Violence  | frame   9410 | conf 0.944 | 08:08:22.517
[ALERT] Violence  | frame   9414 | conf 0.988 | 08:08:22.722
[ALERT] Violence  | frame   9419 | conf 0.978 | 08:08:22.911
[ALERT] Violence  | frame   9425 | conf 0.981 | 08:08:23.144
[ALERT] Violence  | frame   9466 | conf 0.939 | 08:08:25.422
[ALERT] Violence  | frame   9476 | conf 0.934 | 08:08:25.672
[ALERT] Violence  | frame   9486 | conf 0.926 | 08:08:25.959
[ALERT] Violence  | frame   9493 | conf 0.963 | 08:08:26.761
[ALERT] Violence  | frame   9500 | conf 0.973 | 08:08:26.983
[ALERT] Littering | frame   9549 | objects 1 | 08:08:28.147
[ALERT] Violence  | frame   9562 | conf 0.996 | 08:08:28.547
[ALERT] Violence  | frame   9567 | conf 0.995 | 08:08:28.775
[ALERT] Violence  | frame   9572 | conf 0.997 | 08:08:28.979
[ALERT] Violence  | frame   9606 | conf 0.980 | 08:08:30.335
[ALERT] Violence  | frame   9613 | conf 0.998 | 08:08:30.536
[ALERT] Violence  | frame   9619 | conf 0.972 | 08:08:30.721
[ALERT] Violence  | frame   9625 | conf 0.995 | 08:08:30.934
[ALERT] Violence  | frame   9630 | conf 0.978 | 08:08:31.149
[ALERT] Violence  | frame   9634 | conf 0.984 | 08:08:31.370
[ALERT] Violence  | frame   9642 | conf 0.972 | 08:08:31.590
[ALERT] Violence  | frame   9646 | conf 0.995 | 08:08:31.839
[ALERT] Violence  | frame   9651 | conf 0.962 | 08:08:32.091
[ALERT] Violence  | frame   9657 | conf 0.952 | 08:08:32.286
[ALERT] Littering | frame   9681 | objects 16 | 08:08:33.130
[ALERT] Littering | frame   9689 | objects 18 | 08:08:33.403
[ALERT] Littering | frame   9694 | objects 17 | 08:08:33.627
[ALERT] Littering | frame   9697 | objects 18 | 08:08:33.840
[ALERT] Littering | frame   9706 | objects 17 | 08:08:34.050
[ALERT] Littering | frame   9715 | objects 18 | 08:08:34.238
[ALERT] Littering | frame   9719 | objects 16 | 08:08:34.563
[ALERT] Littering | frame   9727 | objects 17 | 08:08:34.858
[ALERT] Littering | frame   9729 | objects 19 | 08:08:35.052
[ALERT] Littering | frame   9735 | objects 19 | 08:08:35.419
[ALERT] Littering | frame  10045 | objects 7 | 08:08:46.890
[ALERT] Littering | frame  10047 | objects 5 | 08:08:47.064
[ALERT] Littering | frame  10051 | objects 10 | 08:08:47.221
[ALERT] Littering | frame  10057 | objects 1 | 08:08:47.388
[ALERT] Littering | frame  10159 | objects 5 | 08:08:51.408
[ALERT] Littering | frame  10174 | objects 6 | 08:08:52.036
[ALERT] Littering | frame  10181 | objects 5 | 08:08:52.230
[ALERT] Littering | frame  10461 | objects 3 | 08:09:02.428
[ALERT] Littering | frame  10464 | objects 1 | 08:09:02.599
[ALERT] Littering | frame  10466 | objects 1 | 08:09:02.758
[ALERT] Littering | frame  10469 | objects 2 | 08:09:02.920
[ALERT] Littering | frame  10484 | objects 3 | 08:09:03.398
[ALERT] Littering | frame  10488 | objects 1 | 08:09:03.566
[ALERT] Littering | frame  10493 | objects 2 | 08:09:03.779
[ALERT] Littering | frame  10568 | objects 3 | 08:09:06.679
[ALERT] Littering | frame  10663 | objects 10 | 08:09:10.270
[ALERT] Littering | frame  10813 | objects 2 | 08:09:15.832
[ALERT] Littering | frame  10897 | objects 1 | 08:09:19.061
[ALERT] Littering | frame  10903 | objects 5 | 08:09:19.239
[ALERT] Littering | frame  10907 | objects 10 | 08:09:19.392
[ALERT] Littering | frame  10912 | objects 5 | 08:09:19.552
[ALERT] Littering | frame  10916 | objects 1 | 08:09:19.712
[ALERT] Littering | frame  10927 | objects 1 | 08:09:19.915
[ALERT] Littering | frame  10936 | objects 8 | 08:09:20.468
[ALERT] Littering | frame  10961 | objects 3 | 08:09:21.589
[ALERT] Littering | frame  10999 | objects 1 | 08:09:22.679
[ALERT] Littering | frame  11003 | objects 2 | 08:09:22.858
[ALERT] Littering | frame  11013 | objects 1 | 08:09:23.535
[ALERT] Littering | frame  11053 | objects 2 | 08:09:25.176
[ALERT] Littering | frame  11057 | objects 3 | 08:09:25.404
[ALERT] Littering | frame  11065 | objects 2 | 08:09:25.677
[ALERT] Littering | frame  11071 | objects 1 | 08:09:26.061
[ALERT] Littering | frame  11080 | objects 5 | 08:09:26.284
[ALERT] Littering | frame  11106 | objects 5 | 08:09:26.882
[ALERT] Littering | frame  11107 | objects 2 | 08:09:27.064
[ALERT] Littering | frame  11145 | objects 6 | 08:09:28.627
[ALERT] Littering | frame  11156 | objects 7 | 08:09:28.847
[ALERT] Littering | frame  11163 | objects 4 | 08:09:29.038
[ALERT] Littering | frame  11164 | objects 2 | 08:09:29.196
[ALERT] Littering | frame  11165 | objects 1 | 08:09:29.381
[ALERT] Littering | frame  11191 | objects 3 | 08:09:30.555
[ALERT] Littering | frame  11218 | objects 2 | 08:09:31.456
[ALERT] Littering | frame  11258 | objects 1 | 08:09:33.002
[ALERT] Littering | frame  11272 | objects 3 | 08:09:33.592
[ALERT] Littering | frame  11277 | objects 2 | 08:09:33.783
[ALERT] Littering | frame  11371 | objects 1 | 08:09:37.271
[ALERT] Littering | frame  11384 | objects 3 | 08:09:37.796
[ALERT] Littering | frame  11620 | objects 8 | 08:09:46.890
[ALERT] Littering | frame  11627 | objects 1 | 08:09:47.315
[ALERT] Violence  | frame  11897 | conf 0.987 | 08:09:57.506
[ALERT] Violence  | frame  11904 | conf 0.997 | 08:09:57.699
[ALERT] Violence  | frame  11906 | conf 0.999 | 08:09:57.903
[ALERT] Violence  | frame  11912 | conf 0.974 | 08:09:58.126
[ALERT] Violence  | frame  11917 | conf 0.930 | 08:09:58.389
[ALERT] Violence  | frame  11923 | conf 0.919 | 08:09:58.623
[ALERT] Violence  | frame  11930 | conf 0.959 | 08:09:58.909
[ALERT] Violence  | frame  11938 | conf 0.985 | 08:09:59.132
[ALERT] Violence  | frame  11942 | conf 0.984 | 08:09:59.326
[ALERT] Violence  | frame  11949 | conf 0.959 | 08:09:59.568
[ALERT] Violence  | frame  11960 | conf 0.988 | 08:09:59.756
[ALERT] Violence  | frame  11965 | conf 0.945 | 08:09:59.975
[ALERT] Violence  | frame  11966 | conf 0.949 | 08:10:00.195
[ALERT] Violence  | frame  11973 | conf 0.996 | 08:10:00.392
[ALERT] Littering | frame  11973 | objects 5 | 08:10:00.392
[ALERT] Violence  | frame  11979 | conf 0.998 | 08:10:00.691
[ALERT] Violence  | frame  11984 | conf 0.999 | 08:10:00.932
[ALERT] Violence  | frame  11988 | conf 0.998 | 08:10:01.253
[ALERT] Violence  | frame  11997 | conf 0.994 | 08:10:01.771
[ALERT] Violence  | frame  12004 | conf 0.992 | 08:10:01.959
[ALERT] Littering | frame  12004 | objects 2 | 08:10:01.959
[ALERT] Violence  | frame  12012 | conf 0.934 | 08:10:02.176
[ALERT] Violence  | frame  12023 | conf 0.993 | 08:10:02.451
[ALERT] Violence  | frame  12027 | conf 0.990 | 08:10:02.718
[ALERT] Violence  | frame  12032 | conf 0.986 | 08:10:02.913
[ALERT] Violence  | frame  12039 | conf 0.999 | 08:10:03.122
[ALERT] Littering | frame  12046 | objects 2 | 08:10:03.430
[ALERT] Violence  | frame  12063 | conf 0.939 | 08:10:04.035
[ALERT] Violence  | frame  12067 | conf 0.946 | 08:10:04.303
[ALERT] Violence  | frame  12083 | conf 1.000 | 08:10:04.468
[ALERT] Violence  | frame  12099 | conf 0.999 | 08:10:05.123
[ALERT] Littering | frame  12099 | objects 4 | 08:10:05.123
[ALERT] Violence  | frame  12102 | conf 0.998 | 08:10:05.307
[ALERT] Littering | frame  12102 | objects 4 | 08:10:05.307
[ALERT] Violence  | frame  12103 | conf 0.996 | 08:10:05.496
[ALERT] Littering | frame  12103 | objects 2 | 08:10:05.496
[ALERT] Violence  | frame  12106 | conf 0.997 | 08:10:05.701
[ALERT] Littering | frame  12106 | objects 4 | 08:10:05.701
[ALERT] Violence  | frame  12119 | conf 0.997 | 08:10:05.937
[ALERT] Littering | frame  12119 | objects 2 | 08:10:05.937
[ALERT] Violence  | frame  12121 | conf 0.999 | 08:10:06.177
[ALERT] Violence  | frame  12124 | conf 0.999 | 08:10:06.359
[ALERT] Violence  | frame  12145 | conf 0.963 | 08:10:07.058
[ALERT] Violence  | frame  12149 | conf 0.986 | 08:10:07.248
[ALERT] Violence  | frame  12152 | conf 0.996 | 08:10:07.416
[ALERT] Littering | frame  12152 | objects 5 | 08:10:07.416
[ALERT] Violence  | frame  12164 | conf 0.992 | 08:10:07.661
[ALERT] Violence  | frame  12168 | conf 0.992 | 08:10:07.819
[ALERT] Violence  | frame  12173 | conf 0.994 | 08:10:08.036
[ALERT] Violence  | frame  12177 | conf 0.983 | 08:10:08.231
[ALERT] Violence  | frame  12181 | conf 0.936 | 08:10:08.395
[ALERT] Violence  | frame  12182 | conf 0.989 | 08:10:08.557
[ALERT] Violence  | frame  12183 | conf 0.994 | 08:10:08.720
[ALERT] Violence  | frame  12189 | conf 0.975 | 08:10:08.884
[ALERT] Violence  | frame  12192 | conf 0.995 | 08:10:09.046
[ALERT] Violence  | frame  12255 | conf 0.930 | 08:10:11.451
[ALERT] Violence  | frame  12259 | conf 0.998 | 08:10:11.633
[ALERT] Violence  | frame  12463 | conf 0.927 | 08:10:19.485
[ALERT] Violence  | frame  12468 | conf 0.904 | 08:10:19.680
[ALERT] Violence  | frame  12484 | conf 0.921 | 08:10:20.393
[ALERT] Violence  | frame  12572 | conf 0.975 | 08:10:24.049
[ALERT] Violence  | frame  12580 | conf 0.990 | 08:10:24.386
[ALERT] Violence  | frame  12587 | conf 0.949 | 08:10:24.578
[ALERT] Littering | frame  12623 | objects 1 | 08:10:25.869
[ALERT] Violence  | frame  13076 | conf 0.974 | 08:10:43.461
[ALERT] Violence  | frame  13084 | conf 0.984 | 08:10:43.666
[ALERT] Violence  | frame  13092 | conf 0.973 | 08:10:43.884
[ALERT] Violence  | frame  13099 | conf 0.994 | 08:10:44.158
[ALERT] Violence  | frame  13105 | conf 0.899 | 08:10:44.360
[ALERT] Violence  | frame  13110 | conf 0.900 | 08:10:44.545
[ALERT] Violence  | frame  13118 | conf 0.915 | 08:10:44.699
[ALERT] Violence  | frame  13135 | conf 0.883 | 08:10:45.490
[ALERT] Violence  | frame  13168 | conf 0.952 | 08:10:46.891
[ALERT] Littering | frame  13199 | objects 2 | 08:10:47.973
[ALERT] Littering | frame  13206 | objects 3 | 08:10:48.397
[ALERT] Littering | frame  13216 | objects 4 | 08:10:48.659
[ALERT] Littering | frame  13238 | objects 1 | 08:10:49.284
[ALERT] Violence  | frame  13243 | conf 0.949 | 08:10:49.458
[ALERT] Littering | frame  13243 | objects 4 | 08:10:49.458
[ALERT] Violence  | frame  13248 | conf 0.940 | 08:10:49.677
[ALERT] Violence  | frame  13253 | conf 0.917 | 08:10:49.842
[ALERT] Violence  | frame  13326 | conf 0.965 | 08:10:53.435
[ALERT] Violence  | frame  13333 | conf 0.967 | 08:10:53.769
[ALERT] Littering | frame  13355 | objects 4 | 08:10:54.924
[ALERT] Littering | frame  13403 | objects 3 | 08:10:56.653
[ALERT] Littering | frame  13412 | objects 3 | 08:10:56.988
[ALERT] Littering | frame  13428 | objects 1 | 08:10:57.424
[ALERT] Littering | frame  13489 | objects 1 | 08:10:59.199
[ALERT] Violence  | frame  13512 | conf 0.984 | 08:11:00.290
[ALERT] Violence  | frame  13520 | conf 0.966 | 08:11:00.580
[ALERT] Littering | frame  13536 | objects 10 | 08:11:01.013
[ALERT] Littering | frame  13543 | objects 10 | 08:11:01.225
[ALERT] Littering | frame  13549 | objects 30 | 08:11:01.436
[ALERT] Littering | frame  13554 | objects 23 | 08:11:01.639
[ALERT] Violence  | frame  13562 | conf 0.988 | 08:11:01.898
[ALERT] Littering | frame  13562 | objects 11 | 08:11:01.898
[ALERT] Violence  | frame  13564 | conf 0.992 | 08:11:02.194
[ALERT] Littering | frame  13564 | objects 29 | 08:11:02.194
[ALERT] Violence  | frame  13570 | conf 0.977 | 08:11:02.483
[ALERT] Littering | frame  13570 | objects 21 | 08:11:02.483
[ALERT] Violence  | frame  13582 | conf 0.922 | 08:11:02.696
[ALERT] Littering | frame  13582 | objects 28 | 08:11:02.696
[ALERT] Violence  | frame  13586 | conf 0.896 | 08:11:02.959
[ALERT] Littering | frame  13586 | objects 29 | 08:11:02.959
[ALERT] Violence  | frame  13600 | conf 0.920 | 08:11:03.309
[ALERT] Littering | frame  13600 | objects 29 | 08:11:03.309
[ALERT] Violence  | frame  13609 | conf 0.927 | 08:11:03.538
[ALERT] Littering | frame  13609 | objects 29 | 08:11:03.538
[ALERT] Violence  | frame  13617 | conf 0.940 | 08:11:03.820
[ALERT] Littering | frame  13617 | objects 31 | 08:11:03.820
[ALERT] Violence  | frame  13621 | conf 0.996 | 08:11:04.047
[ALERT] Littering | frame  13621 | objects 19 | 08:11:04.047
[ALERT] Violence  | frame  13626 | conf 0.917 | 08:11:04.248
[ALERT] Littering | frame  13626 | objects 29 | 08:11:04.248
[ALERT] Littering | frame  13628 | objects 26 | 08:11:04.482
[ALERT] Littering | frame  13633 | objects 20 | 08:11:04.687
[ALERT] Littering | frame  13636 | objects 18 | 08:11:04.880
[ALERT] Littering | frame  13642 | objects 11 | 08:11:05.120
[ALERT] Littering | frame  13648 | objects 10 | 08:11:05.385
[ALERT] Littering | frame  13652 | objects 10 | 08:11:05.587
[ALERT] Littering | frame  13670 | objects 10 | 08:11:06.260
[ALERT] Littering | frame  13695 | objects 5 | 08:11:07.127
[ALERT] Littering | frame  13699 | objects 10 | 08:11:07.333
[ALERT] Littering | frame  13708 | objects 9 | 08:11:07.559
[ALERT] Littering | frame  13711 | objects 28 | 08:11:07.845
[ALERT] Littering | frame  13715 | objects 11 | 08:11:08.039
[ALERT] Littering | frame  13722 | objects 9 | 08:11:08.236
[ALERT] Littering | frame  13729 | objects 7 | 08:11:08.479
[ALERT] Littering | frame  13744 | objects 4 | 08:11:09.133
[ALERT] Littering | frame  13752 | objects 7 | 08:11:09.330
[ALERT] Littering | frame  13755 | objects 8 | 08:11:09.539
[ALERT] Littering | frame  13763 | objects 14 | 08:11:09.780
[ALERT] Littering | frame  13769 | objects 9 | 08:11:09.988
[ALERT] Littering | frame  13774 | objects 10 | 08:11:10.196
[ALERT] Littering | frame  13778 | objects 8 | 08:11:10.437
[ALERT] Littering | frame  13786 | objects 9 | 08:11:10.648
[ALERT] Littering | frame  13790 | objects 9 | 08:11:10.839
[ALERT] Littering | frame  13796 | objects 14 | 08:11:11.055
[ALERT] Littering | frame  13802 | objects 8 | 08:11:11.262
[ALERT] Littering | frame  13807 | objects 10 | 08:11:11.457
[ALERT] Littering | frame  13815 | objects 7 | 08:11:11.729
[ALERT] Littering | frame  13818 | objects 7 | 08:11:11.936
[ALERT] Littering | frame  13822 | objects 6 | 08:11:12.125
[ALERT] Littering | frame  13831 | objects 9 | 08:11:12.359
[ALERT] Littering | frame  13845 | objects 19 | 08:11:13.018
[ALERT] Littering | frame  13849 | objects 16 | 08:11:13.200
[ALERT] Littering | frame  13856 | objects 17 | 08:11:13.426
[ALERT] Littering | frame  13865 | objects 10 | 08:11:13.691
[ALERT] Littering | frame  13872 | objects 9 | 08:11:13.903
[ALERT] Littering | frame  13878 | objects 8 | 08:11:14.100
[ALERT] Littering | frame  13879 | objects 9 | 08:11:14.337
[ALERT] Littering | frame  13886 | objects 10 | 08:11:14.539
[ALERT] Littering | frame  13900 | objects 9 | 08:11:14.743
[ALERT] Littering | frame  13906 | objects 17 | 08:11:15.092
[ALERT] Littering | frame  13912 | objects 22 | 08:11:15.332
[ALERT] Littering | frame  13922 | objects 19 | 08:11:15.686
[ALERT] Littering | frame  13933 | objects 10 | 08:11:16.061
[ALERT] Littering | frame  13940 | objects 13 | 08:11:16.303
[ALERT] Littering | frame  13946 | objects 17 | 08:11:16.553
[ALERT] Littering | frame  13951 | objects 29 | 08:11:16.835
[ALERT] Littering | frame  13956 | objects 29 | 08:11:17.043
[ALERT] Littering | frame  13957 | objects 29 | 08:11:17.262
[ALERT] Littering | frame  13962 | objects 30 | 08:11:17.632
[ALERT] Littering | frame  13963 | objects 18 | 08:11:17.856
[ALERT] Littering | frame  13973 | objects 30 | 08:11:18.112
[ALERT] Littering | frame  13977 | objects 20 | 08:11:18.424
[ALERT] Littering | frame  13985 | objects 21 | 08:11:18.659
[ALERT] Littering | frame  13989 | objects 29 | 08:11:18.879
[ALERT] Littering | frame  13996 | objects 28 | 08:11:19.166
[ALERT] Littering | frame  14001 | objects 27 | 08:11:19.408
[ALERT] Littering | frame  14009 | objects 24 | 08:11:19.688
[ALERT] Littering | frame  14020 | objects 28 | 08:11:20.124
[ALERT] Littering | frame  14022 | objects 27 | 08:11:20.407
[ALERT] Littering | frame  14026 | objects 3 | 08:11:20.783
[ALERT] Littering | frame  14035 | objects 1 | 08:11:21.009
[ALERT] Littering | frame  14043 | objects 6 | 08:11:21.292
[ALERT] Littering | frame  14070 | objects 10 | 08:11:22.140
[ALERT] Littering | frame  14075 | objects 4 | 08:11:22.398
[ALERT] Littering | frame  14115 | objects 11 | 08:11:23.865
[ALERT] Littering | frame  14120 | objects 10 | 08:11:24.072
[ALERT] Littering | frame  14126 | objects 10 | 08:11:24.254
[ALERT] Littering | frame  14133 | objects 16 | 08:11:24.457
[ALERT] Violence  | frame  14143 | conf 0.945 | 08:11:24.635
[ALERT] Littering | frame  14143 | objects 19 | 08:11:24.635
[ALERT] Violence  | frame  14146 | conf 0.925 | 08:11:24.793
[ALERT] Littering | frame  14146 | objects 14 | 08:11:24.793
[ALERT] Violence  | frame  14152 | conf 0.955 | 08:11:24.961
[ALERT] Littering | frame  14152 | objects 10 | 08:11:24.961
[ALERT] Violence  | frame  14159 | conf 0.986 | 08:11:25.247
[ALERT] Littering | frame  14159 | objects 10 | 08:11:25.247
[ALERT] Violence  | frame  14161 | conf 0.978 | 08:11:25.429
[ALERT] Littering | frame  14161 | objects 11 | 08:11:25.429
[ALERT] Violence  | frame  14162 | conf 0.967 | 08:11:25.588
[ALERT] Littering | frame  14162 | objects 20 | 08:11:25.588
[ALERT] Violence  | frame  14165 | conf 0.976 | 08:11:25.777
[ALERT] Littering | frame  14165 | objects 9 | 08:11:25.777
[ALERT] Violence  | frame  14175 | conf 0.991 | 08:11:25.945
[ALERT] Littering | frame  14175 | objects 9 | 08:11:25.945
[ALERT] Violence  | frame  14178 | conf 0.975 | 08:11:26.100
[ALERT] Littering | frame  14178 | objects 10 | 08:11:26.100
[ALERT] Violence  | frame  14183 | conf 0.967 | 08:11:26.275
[ALERT] Littering | frame  14183 | objects 10 | 08:11:26.275
[ALERT] Violence  | frame  14186 | conf 0.893 | 08:11:26.439
[ALERT] Littering | frame  14186 | objects 10 | 08:11:26.439
[ALERT] Violence  | frame  14189 | conf 0.885 | 08:11:26.601
[ALERT] Littering | frame  14189 | objects 10 | 08:11:26.601
[ALERT] Littering | frame  14191 | objects 10 | 08:11:26.843
[ALERT] Littering | frame  14207 | objects 16 | 08:11:27.036
[ALERT] Littering | frame  14210 | objects 10 | 08:11:27.198
[ALERT] Littering | frame  14245 | objects 20 | 08:11:28.377
[ALERT] Littering | frame  14248 | objects 19 | 08:11:28.628
[ALERT] Littering | frame  14251 | objects 20 | 08:11:28.794
[ALERT] Littering | frame  14254 | objects 5 | 08:11:28.967
[ALERT] Violence  | frame  14261 | conf 0.898 | 08:11:29.371
[ALERT] Violence  | frame  14266 | conf 0.943 | 08:11:29.532
[ALERT] Violence  | frame  14271 | conf 0.925 | 08:11:29.697
[ALERT] Littering | frame  14324 | objects 1 | 08:11:31.641
[ALERT] Littering | frame  14329 | objects 8 | 08:11:31.812
[ALERT] Violence  | frame  14337 | conf 0.947 | 08:11:32.144

============================================================
Session started: 2026-04-15 08:11:55.133676  [mode=both  fire=ON]
============================================================
[ALERT] Violence  | frame    416 | conf 0.995 | 08:12:17.124
[ALERT] Violence  | frame    432 | conf 0.992 | 08:12:17.385
[ALERT] Violence  | frame    437 | conf 0.997 | 08:12:17.700
[ALERT] Littering | frame    437 | objects 6 | 08:12:17.700
[ALERT] Violence  | frame    441 | conf 0.992 | 08:12:17.980
[ALERT] Littering | frame    441 | objects 8 | 08:12:17.980
[ALERT] Violence  | frame    446 | conf 0.989 | 08:12:18.213
[ALERT] Littering | frame    446 | objects 5 | 08:12:18.213
[ALERT] Violence  | frame    455 | conf 0.923 | 08:12:18.501
[ALERT] Violence  | frame    467 | conf 0.966 | 08:12:18.751
[ALERT] Violence  | frame    471 | conf 0.978 | 08:12:19.188
[ALERT] Littering | frame    471 | objects 4 | 08:12:19.188
[ALERT] Violence  | frame    473 | conf 0.978 | 08:12:19.460
[ALERT] Littering | frame    473 | objects 5 | 08:12:19.460
[ALERT] Littering | frame    492 | objects 3 | 08:12:20.392
[ALERT] Violence  | frame    504 | conf 0.960 | 08:12:20.691
[ALERT] Littering | frame    504 | objects 3 | 08:12:20.691
[ALERT] Violence  | frame    509 | conf 0.947 | 08:12:21.004
[ALERT] Violence  | frame    517 | conf 0.960 | 08:12:21.228
[ALERT] Violence  | frame    521 | conf 0.993 | 08:12:21.434
[ALERT] Violence  | frame    529 | conf 0.992 | 08:12:21.691
[ALERT] Violence  | frame    540 | conf 0.985 | 08:12:21.890
[ALERT] Violence  | frame    547 | conf 0.905 | 08:12:22.074
[ALERT] Violence  | frame    555 | conf 0.925 | 08:12:22.287
[ALERT] Violence  | frame    561 | conf 0.881 | 08:12:22.613
[ALERT] Violence  | frame    567 | conf 0.970 | 08:12:22.848
[ALERT] Littering | frame    567 | objects 5 | 08:12:22.848
[ALERT] Violence  | frame    568 | conf 0.974 | 08:12:23.046
[ALERT] Littering | frame    568 | objects 4 | 08:12:23.046
[ALERT] Violence  | frame    572 | conf 0.979 | 08:12:23.229
[ALERT] Littering | frame    572 | objects 4 | 08:12:23.229
[ALERT] Littering | frame    583 | objects 5 | 08:12:23.455
[ALERT] Littering | frame    586 | objects 2 | 08:12:23.694
[ALERT] Littering | frame    588 | objects 4 | 08:12:23.919
[ALERT] Littering | frame    628 | objects 2 | 08:12:25.148
[ALERT] Littering | frame    634 | objects 5 | 08:12:25.465
[ALERT] Littering | frame    652 | objects 4 | 08:12:25.806
[ALERT] Littering | frame    658 | objects 5 | 08:12:26.110
[ALERT] Littering | frame    696 | objects 3 | 08:12:28.572
[ALERT] Littering | frame    718 | objects 4 | 08:12:29.653
[ALERT] Littering | frame    783 | objects 5 | 08:12:30.892
[ALERT] Littering | frame    811 | objects 1 | 08:12:33.524
[ALERT] Violence  | frame    874 | conf 0.994 | 08:12:35.208
[ALERT] Violence  | frame    888 | conf 0.954 | 08:12:35.479
[ALERT] Littering | frame    896 | objects 1 | 08:12:35.831
[ALERT] FIRE       | frame    927 | objects 1 | 08:12:36.930
[ALERT] Violence  | frame   1041 | conf 0.935 | 08:12:41.289
[ALERT] Littering | frame   1135 | objects 4 | 08:12:44.265
[ALERT] Violence  | frame   1176 | conf 0.982 | 08:12:46.460
[ALERT] Violence  | frame   1180 | conf 0.964 | 08:12:46.719
[ALERT] Violence  | frame   1185 | conf 0.927 | 08:12:46.952
[ALERT] Violence  | frame   1187 | conf 0.936 | 08:12:47.185
[ALERT] Violence  | frame   1192 | conf 0.935 | 08:12:47.386
[ALERT] Violence  | frame   1194 | conf 0.957 | 08:12:47.604
[ALERT] FIRE       | frame   1201 | objects 1 | 08:12:47.992
[ALERT] FIRE       | frame   1205 | objects 1 | 08:12:48.243
[ALERT] FIRE       | frame   1208 | objects 1 | 08:12:48.480
[ALERT] FIRE       | frame   1211 | objects 1 | 08:12:48.685
[ALERT] FIRE       | frame   1215 | objects 1 | 08:12:49.019
[ALERT] Violence  | frame   1218 | conf 0.987 | 08:12:49.295
[ALERT] FIRE       | frame   1218 | objects 1 | 08:12:49.295
[ALERT] Littering | frame   1222 | objects 5 | 08:12:49.532
[ALERT] FIRE       | frame   1222 | objects 1 | 08:12:49.532
[ALERT] Littering | frame   1230 | objects 4 | 08:12:49.778
[ALERT] FIRE       | frame   1230 | objects 1 | 08:12:49.778
[ALERT] FIRE       | frame   1237 | objects 1 | 08:12:50.093
[ALERT] FIRE       | frame   1243 | objects 1 | 08:12:50.458
[ALERT] FIRE       | frame   1249 | objects 2 | 08:12:50.665
[ALERT] FIRE       | frame   1256 | objects 1 | 08:12:50.886
[ALERT] Littering | frame   1265 | objects 3 | 08:12:51.074
[ALERT] FIRE       | frame   1265 | objects 1 | 08:12:51.074
[ALERT] FIRE       | frame   1270 | objects 2 | 08:12:51.347
[ALERT] FIRE       | frame   1278 | objects 1 | 08:12:51.606
[ALERT] FIRE       | frame   1280 | objects 1 | 08:12:51.963
[ALERT] FIRE       | frame   1284 | objects 1 | 08:12:52.212
[ALERT] FIRE       | frame   1291 | objects 1 | 08:12:52.424
[ALERT] FIRE       | frame   1300 | objects 1 | 08:12:52.670
[ALERT] FIRE       | frame   1306 | objects 1 | 08:12:52.944
[ALERT] FIRE       | frame   1311 | objects 1 | 08:12:53.163
[ALERT] FIRE       | frame   1318 | objects 1 | 08:12:53.400
[ALERT] Violence  | frame   1324 | conf 0.972 | 08:12:53.627
[ALERT] Littering | frame   1324 | objects 4 | 08:12:53.627
[ALERT] FIRE       | frame   1324 | objects 1 | 08:12:53.627
[ALERT] FIRE       | frame   1328 | objects 2 | 08:12:53.834
[ALERT] FIRE       | frame   1333 | objects 1 | 08:12:54.089
[ALERT] FIRE       | frame   1337 | objects 1 | 08:12:54.257
[ALERT] FIRE       | frame   1340 | objects 1 | 08:12:54.474
[ALERT] FIRE       | frame   1346 | objects 1 | 08:12:54.721
[ALERT] FIRE       | frame   1351 | objects 1 | 08:12:54.939
[ALERT] FIRE       | frame   1356 | objects 1 | 08:12:55.182
[ALERT] FIRE       | frame   1363 | objects 1 | 08:12:55.400
[ALERT] FIRE       | frame   1370 | objects 1 | 08:12:55.786
[ALERT] FIRE       | frame   1378 | objects 1 | 08:12:56.003
[ALERT] FIRE       | frame   1380 | objects 1 | 08:12:56.230
[ALERT] FIRE       | frame   1389 | objects 1 | 08:12:56.490
[ALERT] FIRE       | frame   1408 | objects 1 | 08:12:57.284
[ALERT] Violence  | frame   1414 | conf 0.973 | 08:12:57.574
[ALERT] FIRE       | frame   1414 | objects 1 | 08:12:57.574
[ALERT] FIRE       | frame   1419 | objects 1 | 08:12:57.777
[ALERT] FIRE       | frame   1429 | objects 1 | 08:12:58.046
[ALERT] FIRE       | frame   1435 | objects 1 | 08:12:58.468
[ALERT] FIRE       | frame   1441 | objects 1 | 08:12:58.906
[ALERT] FIRE       | frame   1449 | objects 1 | 08:12:59.233
[ALERT] FIRE       | frame   1457 | objects 1 | 08:12:59.557
[ALERT] FIRE       | frame   1464 | objects 1 | 08:13:00.083
[ALERT] FIRE       | frame   1474 | objects 1 | 08:13:00.527
[ALERT] FIRE       | frame   1482 | objects 1 | 08:13:00.811
[ALERT] FIRE       | frame   1495 | objects 1 | 08:13:01.107
[ALERT] FIRE       | frame   1505 | objects 1 | 08:13:01.653
[ALERT] FIRE       | frame   1511 | objects 1 | 08:13:02.159
[ALERT] FIRE       | frame   1520 | objects 1 | 08:13:02.424
[ALERT] FIRE       | frame   1532 | objects 1 | 08:13:02.703
[ALERT] FIRE       | frame   1542 | objects 1 | 08:13:03.106
[ALERT] FIRE       | frame   1549 | objects 1 | 08:13:03.413
[ALERT] Violence  | frame   1556 | conf 0.935 | 08:13:03.585
[ALERT] FIRE       | frame   1556 | objects 1 | 08:13:03.585
[ALERT] FIRE       | frame   1566 | objects 1 | 08:13:03.819
[ALERT] FIRE       | frame   1573 | objects 1 | 08:13:04.093
[ALERT] FIRE       | frame   1578 | objects 1 | 08:13:04.329
[ALERT] FIRE       | frame   1586 | objects 1 | 08:13:04.572
[ALERT] FIRE       | frame   1593 | objects 1 | 08:13:04.873
[ALERT] FIRE       | frame   1597 | objects 1 | 08:13:05.170
[ALERT] FIRE       | frame   1603 | objects 1 | 08:13:05.380
[ALERT] FIRE       | frame   1611 | objects 1 | 08:13:05.652
[ALERT] FIRE       | frame   1618 | objects 1 | 08:13:05.909
[ALERT] FIRE       | frame   1623 | objects 1 | 08:13:06.109
[ALERT] FIRE       | frame   1631 | objects 2 | 08:13:06.326
[ALERT] Violence  | frame   1638 | conf 0.983 | 08:13:06.560
[ALERT] FIRE       | frame   1638 | objects 1 | 08:13:06.560
[ALERT] Violence  | frame   1643 | conf 0.990 | 08:13:06.857
[ALERT] FIRE       | frame   1643 | objects 1 | 08:13:06.857
[ALERT] Violence  | frame   1650 | conf 0.941 | 08:13:07.196
[ALERT] FIRE       | frame   1650 | objects 1 | 08:13:07.196
[ALERT] Violence  | frame   1655 | conf 0.985 | 08:13:07.420
[ALERT] FIRE       | frame   1655 | objects 1 | 08:13:07.420
[ALERT] Violence  | frame   1662 | conf 0.892 | 08:13:07.671
[ALERT] FIRE       | frame   1662 | objects 1 | 08:13:07.671
[ALERT] Violence  | frame   1673 | conf 0.971 | 08:13:07.887
[ALERT] FIRE       | frame   1673 | objects 1 | 08:13:07.887
[ALERT] FIRE       | frame   1679 | objects 1 | 08:13:08.109
[ALERT] FIRE       | frame   1684 | objects 1 | 08:13:08.338
[ALERT] FIRE       | frame   1690 | objects 1 | 08:13:08.596
[ALERT] Violence  | frame   1696 | conf 0.940 | 08:13:08.803
[ALERT] FIRE       | frame   1696 | objects 2 | 08:13:08.803
[ALERT] Violence  | frame   1702 | conf 0.995 | 08:13:09.045
[ALERT] FIRE       | frame   1702 | objects 1 | 08:13:09.045
[ALERT] Violence  | frame   1708 | conf 0.900 | 08:13:09.312
[ALERT] FIRE       | frame   1708 | objects 1 | 08:13:09.312
[ALERT] FIRE       | frame   1714 | objects 1 | 08:13:09.555
[ALERT] FIRE       | frame   1720 | objects 1 | 08:13:09.776
[ALERT] FIRE       | frame   1726 | objects 1 | 08:13:10.040
[ALERT] FIRE       | frame   1732 | objects 1 | 08:13:10.307
[ALERT] FIRE       | frame   1739 | objects 1 | 08:13:10.495
[ALERT] FIRE       | frame   1746 | objects 1 | 08:13:10.721
[ALERT] FIRE       | frame   1752 | objects 1 | 08:13:10.985
[ALERT] FIRE       | frame   1757 | objects 1 | 08:13:11.197
[ALERT] FIRE       | frame   1764 | objects 1 | 08:13:11.398
[ALERT] FIRE       | frame   1769 | objects 1 | 08:13:11.680
[ALERT] FIRE       | frame   1776 | objects 2 | 08:13:11.977
[ALERT] FIRE       | frame   1781 | objects 1 | 08:13:12.187
[ALERT] FIRE       | frame   1789 | objects 2 | 08:13:12.407
[ALERT] FIRE       | frame   1795 | objects 1 | 08:13:12.682
[ALERT] Violence  | frame   1801 | conf 0.937 | 08:13:12.964
[ALERT] FIRE       | frame   1801 | objects 1 | 08:13:12.964
[ALERT] FIRE       | frame   1808 | objects 1 | 08:13:13.150
[ALERT] FIRE       | frame   1816 | objects 1 | 08:13:13.545
[ALERT] FIRE       | frame   1821 | objects 1 | 08:13:13.915
[ALERT] FIRE       | frame   1826 | objects 1 | 08:13:14.107
[ALERT] Violence  | frame   1871 | conf 1.000 | 08:13:16.265
[ALERT] Violence  | frame   1884 | conf 1.000 | 08:13:16.464
[ALERT] Violence  | frame   1888 | conf 1.000 | 08:13:16.700
[ALERT] Violence  | frame   1894 | conf 0.992 | 08:13:16.960
[ALERT] Violence  | frame   1916 | conf 0.992 | 08:13:17.892
[ALERT] Violence  | frame   1921 | conf 0.981 | 08:13:18.183
[ALERT] Violence  | frame   1927 | conf 0.996 | 08:13:18.433
[ALERT] Violence  | frame   1933 | conf 0.965 | 08:13:18.670
[ALERT] Violence  | frame   1940 | conf 0.930 | 08:13:18.873
[ALERT] Violence  | frame   2106 | conf 0.990 | 08:13:25.153
[ALERT] Violence  | frame   2111 | conf 0.952 | 08:13:25.394
[ALERT] Violence  | frame   2117 | conf 0.993 | 08:13:25.603
[ALERT] Violence  | frame   2123 | conf 0.973 | 08:13:25.808
[ALERT] Violence  | frame   2147 | conf 0.987 | 08:13:26.665
[ALERT] Violence  | frame   2151 | conf 0.982 | 08:13:27.079
[ALERT] Violence  | frame   2157 | conf 0.969 | 08:13:27.272
[ALERT] Violence  | frame   2163 | conf 0.904 | 08:13:27.481
[ALERT] Violence  | frame   2171 | conf 0.999 | 08:13:27.716
[ALERT] Violence  | frame   2177 | conf 0.999 | 08:13:27.929
[ALERT] Littering | frame   2425 | objects 2 | 08:13:37.744
[ALERT] Littering | frame   2432 | objects 4 | 08:13:38.106
[ALERT] FIRE       | frame   2474 | objects 1 | 08:13:39.697
[ALERT] FIRE       | frame   2479 | objects 1 | 08:13:40.067
[ALERT] Violence  | frame   2488 | conf 0.942 | 08:13:40.307
[ALERT] FIRE       | frame   2488 | objects 1 | 08:13:40.307
[ALERT] FIRE       | frame   2495 | objects 1 | 08:13:40.499
[ALERT] FIRE       | frame   2505 | objects 1 | 08:13:40.723
[ALERT] FIRE       | frame   2512 | objects 1 | 08:13:40.961
[ALERT] Violence  | frame   2516 | conf 0.982 | 08:13:41.206
[ALERT] FIRE       | frame   2516 | objects 1 | 08:13:41.206
[ALERT] FIRE       | frame   2522 | objects 1 | 08:13:41.399
[ALERT] FIRE       | frame   2528 | objects 1 | 08:13:41.649
[ALERT] FIRE       | frame   2534 | objects 2 | 08:13:41.918
[ALERT] FIRE       | frame   2540 | objects 1 | 08:13:42.122
[ALERT] Violence  | frame   2547 | conf 0.980 | 08:13:42.424
[ALERT] FIRE       | frame   2547 | objects 1 | 08:13:42.424
[ALERT] Violence  | frame   2552 | conf 0.965 | 08:13:42.684
[ALERT] FIRE       | frame   2552 | objects 1 | 08:13:42.684
[ALERT] Violence  | frame   2557 | conf 0.997 | 08:13:42.962
[ALERT] FIRE       | frame   2557 | objects 1 | 08:13:42.962
[ALERT] Violence  | frame   2568 | conf 0.979 | 08:13:43.170
[ALERT] FIRE       | frame   2568 | objects 1 | 08:13:43.170
[ALERT] Violence  | frame   2574 | conf 0.966 | 08:13:43.377
[ALERT] FIRE       | frame   2574 | objects 1 | 08:13:43.377
[ALERT] Violence  | frame   2581 | conf 0.971 | 08:13:43.597
[ALERT] FIRE       | frame   2581 | objects 1 | 08:13:43.597
[ALERT] Violence  | frame   2589 | conf 0.978 | 08:13:43.780
[ALERT] FIRE       | frame   2589 | objects 1 | 08:13:43.780
[ALERT] Violence  | frame   2592 | conf 0.981 | 08:13:43.996
[ALERT] FIRE       | frame   2592 | objects 1 | 08:13:43.996
[ALERT] Violence  | frame   2610 | conf 0.970 | 08:13:44.379
[ALERT] FIRE       | frame   2610 | objects 1 | 08:13:44.379
[ALERT] Violence  | frame   2614 | conf 0.982 | 08:13:44.577
[ALERT] FIRE       | frame   2614 | objects 1 | 08:13:44.577
[ALERT] Violence  | frame   2615 | conf 0.992 | 08:13:44.765
[ALERT] FIRE       | frame   2615 | objects 1 | 08:13:44.765
[ALERT] Violence  | frame   2616 | conf 0.976 | 08:13:45.011
[ALERT] Violence  | frame   2624 | conf 0.982 | 08:13:45.277
[ALERT] Violence  | frame   2632 | conf 0.982 | 08:13:45.473
[ALERT] Violence  | frame   2636 | conf 0.988 | 08:13:45.663
[ALERT] Violence  | frame   2643 | conf 0.927 | 08:13:45.894
[ALERT] Violence  | frame   2644 | conf 0.931 | 08:13:46.096
[ALERT] Violence  | frame   2657 | conf 0.991 | 08:13:46.311
[ALERT] Violence  | frame   2661 | conf 0.941 | 08:13:46.567
[ALERT] Violence  | frame   2673 | conf 0.951 | 08:13:46.806
[ALERT] Violence  | frame   2674 | conf 0.995 | 08:13:47.004
[ALERT] Violence  | frame   2675 | conf 0.990 | 08:13:47.225
[ALERT] Violence  | frame   2680 | conf 0.977 | 08:13:47.442
[ALERT] Violence  | frame   2686 | conf 0.997 | 08:13:47.682
[ALERT] Violence  | frame   2691 | conf 0.882 | 08:13:47.890
[ALERT] Violence  | frame   2698 | conf 0.968 | 08:13:48.102
[ALERT] Littering | frame   2790 | objects 2 | 08:13:51.782
[ALERT] Violence  | frame   2807 | conf 0.988 | 08:13:52.217
[ALERT] Violence  | frame   2814 | conf 0.919 | 08:13:52.435
[ALERT] Violence  | frame   2820 | conf 0.991 | 08:13:52.661
[ALERT] Violence  | frame   2825 | conf 0.888 | 08:13:52.874
[ALERT] Littering | frame   2849 | objects 2 | 08:13:53.675
[ALERT] Littering | frame   2853 | objects 3 | 08:13:53.869
[ALERT] Littering | frame   2860 | objects 3 | 08:13:54.063
[ALERT] Littering | frame   2865 | objects 4 | 08:13:54.257
[ALERT] Littering | frame   2892 | objects 1 | 08:13:55.347
[ALERT] Violence  | frame   2987 | conf 0.986 | 08:13:59.136
[ALERT] Littering | frame   2992 | objects 2 | 08:13:59.341
[ALERT] Littering | frame   2999 | objects 1 | 08:13:59.544
[ALERT] Littering | frame   3006 | objects 4 | 08:13:59.804
[ALERT] Littering | frame   3012 | objects 3 | 08:14:00.000
[ALERT] Violence  | frame   3040 | conf 0.950 | 08:14:01.072
[ALERT] Violence  | frame   3045 | conf 0.990 | 08:14:01.338
[ALERT] Violence  | frame   3051 | conf 0.995 | 08:14:01.565
[ALERT] Violence  | frame   3056 | conf 0.896 | 08:14:01.761
[ALERT] Violence  | frame   3063 | conf 0.999 | 08:14:01.995
[ALERT] Violence  | frame   3070 | conf 0.997 | 08:14:02.245
[ALERT] Violence  | frame   3075 | conf 1.000 | 08:14:02.434
[ALERT] Violence  | frame   3082 | conf 0.995 | 08:14:02.644
[ALERT] Violence  | frame   3087 | conf 0.999 | 08:14:02.879
[ALERT] Violence  | frame   3092 | conf 0.997 | 08:14:03.075
[ALERT] Violence  | frame   3100 | conf 0.997 | 08:14:03.268
[ALERT] Violence  | frame   3103 | conf 0.993 | 08:14:03.493
[ALERT] Violence  | frame   3109 | conf 1.000 | 08:14:03.712
[ALERT] Violence  | frame   3114 | conf 0.999 | 08:14:03.907
[ALERT] Violence  | frame   3120 | conf 0.999 | 08:14:04.115
[ALERT] Violence  | frame   3126 | conf 0.997 | 08:14:04.333
[ALERT] Violence  | frame   3132 | conf 0.988 | 08:14:04.532
[ALERT] Violence  | frame   3138 | conf 0.979 | 08:14:04.777
[ALERT] Violence  | frame   3143 | conf 0.997 | 08:14:04.988
[ALERT] Violence  | frame   3149 | conf 0.992 | 08:14:05.253
[ALERT] Violence  | frame   3155 | conf 0.996 | 08:14:05.590
[ALERT] Violence  | frame   3162 | conf 0.974 | 08:14:05.925
[ALERT] Violence  | frame   3168 | conf 0.989 | 08:14:06.222
[ALERT] FIRE       | frame   3227 | objects 1 | 08:14:09.381
[ALERT] FIRE       | frame   3232 | objects 1 | 08:14:09.663
[ALERT] FIRE       | frame   3235 | objects 1 | 08:14:09.900
[ALERT] FIRE       | frame   3244 | objects 1 | 08:14:10.143
[ALERT] Violence  | frame   3252 | conf 0.961 | 08:14:10.344
[ALERT] FIRE       | frame   3252 | objects 1 | 08:14:10.344
[ALERT] Violence  | frame   3258 | conf 0.995 | 08:14:10.589
[ALERT] FIRE       | frame   3258 | objects 1 | 08:14:10.589
[ALERT] Violence  | frame   3264 | conf 0.908 | 08:14:10.759
[ALERT] FIRE       | frame   3264 | objects 1 | 08:14:10.759
[ALERT] Violence  | frame   3269 | conf 0.915 | 08:14:10.951
[ALERT] FIRE       | frame   3269 | objects 1 | 08:14:10.951
[ALERT] FIRE       | frame   3275 | objects 1 | 08:14:11.170
[ALERT] FIRE       | frame   3279 | objects 1 | 08:14:11.427
[ALERT] FIRE       | frame   3285 | objects 1 | 08:14:11.609
[ALERT] FIRE       | frame   3290 | objects 1 | 08:14:11.874
[ALERT] FIRE       | frame   3296 | objects 1 | 08:14:12.131
[ALERT] FIRE       | frame   3302 | objects 1 | 08:14:12.415
[ALERT] FIRE       | frame   3309 | objects 1 | 08:14:12.715
[ALERT] FIRE       | frame   3315 | objects 1 | 08:14:12.996
[ALERT] FIRE       | frame   3323 | objects 1 | 08:14:13.189
[ALERT] FIRE       | frame   3331 | objects 1 | 08:14:13.404
[ALERT] FIRE       | frame   3338 | objects 1 | 08:14:13.630
[ALERT] FIRE       | frame   3343 | objects 1 | 08:14:13.900
[ALERT] FIRE       | frame   3349 | objects 1 | 08:14:14.105
[ALERT] FIRE       | frame   3357 | objects 1 | 08:14:14.323
[ALERT] FIRE       | frame   3361 | objects 1 | 08:14:14.558
[ALERT] FIRE       | frame   3366 | objects 1 | 08:14:14.762
[ALERT] Violence  | frame   3372 | conf 0.983 | 08:14:14.933
[ALERT] FIRE       | frame   3372 | objects 1 | 08:14:14.933
[ALERT] Violence  | frame   3380 | conf 0.976 | 08:14:15.158
[ALERT] FIRE       | frame   3380 | objects 1 | 08:14:15.158
[ALERT] Violence  | frame   3386 | conf 0.957 | 08:14:15.386
[ALERT] FIRE       | frame   3386 | objects 1 | 08:14:15.386
[ALERT] Violence  | frame   3389 | conf 0.964 | 08:14:15.573
[ALERT] FIRE       | frame   3389 | objects 1 | 08:14:15.573
[ALERT] Violence  | frame   3396 | conf 0.950 | 08:14:15.767
[ALERT] FIRE       | frame   3396 | objects 1 | 08:14:15.767
[ALERT] Violence  | frame   3406 | conf 0.980 | 08:14:16.026
[ALERT] FIRE       | frame   3406 | objects 1 | 08:14:16.026
[ALERT] Violence  | frame   3414 | conf 0.956 | 08:14:16.295
[ALERT] FIRE       | frame   3414 | objects 1 | 08:14:16.295
[ALERT] Violence  | frame   3416 | conf 0.984 | 08:14:16.491
[ALERT] FIRE       | frame   3416 | objects 1 | 08:14:16.491
[ALERT] Violence  | frame   3419 | conf 0.987 | 08:14:16.707
[ALERT] FIRE       | frame   3419 | objects 1 | 08:14:16.707
[ALERT] Violence  | frame   3425 | conf 0.944 | 08:14:16.970
[ALERT] FIRE       | frame   3425 | objects 1 | 08:14:16.970
[ALERT] Violence  | frame   3431 | conf 0.982 | 08:14:17.155
[ALERT] FIRE       | frame   3431 | objects 1 | 08:14:17.155
[ALERT] Violence  | frame   3439 | conf 0.993 | 08:14:17.349
[ALERT] FIRE       | frame   3439 | objects 1 | 08:14:17.349
[ALERT] Violence  | frame   3443 | conf 0.982 | 08:14:17.564
[ALERT] FIRE       | frame   3443 | objects 1 | 08:14:17.564
[ALERT] Violence  | frame   3447 | conf 0.977 | 08:14:17.798
[ALERT] FIRE       | frame   3447 | objects 1 | 08:14:17.798
[ALERT] Violence  | frame   3452 | conf 0.963 | 08:14:17.965
[ALERT] FIRE       | frame   3452 | objects 1 | 08:14:17.965
[ALERT] Violence  | frame   3462 | conf 0.977 | 08:14:18.184
[ALERT] FIRE       | frame   3462 | objects 1 | 08:14:18.184
[ALERT] Violence  | frame   3466 | conf 0.952 | 08:14:18.423
[ALERT] FIRE       | frame   3466 | objects 1 | 08:14:18.423
[ALERT] Violence  | frame   3468 | conf 0.977 | 08:14:18.614
[ALERT] FIRE       | frame   3468 | objects 1 | 08:14:18.614
[ALERT] Violence  | frame   3475 | conf 0.984 | 08:14:18.826
[ALERT] FIRE       | frame   3475 | objects 1 | 08:14:18.826
[ALERT] Violence  | frame   3479 | conf 0.991 | 08:14:19.082
[ALERT] FIRE       | frame   3479 | objects 1 | 08:14:19.082
[ALERT] Violence  | frame   3483 | conf 0.984 | 08:14:19.339
[ALERT] FIRE       | frame   3483 | objects 1 | 08:14:19.339
[ALERT] Violence  | frame   3492 | conf 0.982 | 08:14:19.564
[ALERT] FIRE       | frame   3492 | objects 1 | 08:14:19.564
[ALERT] Violence  | frame   3497 | conf 0.963 | 08:14:19.787
[ALERT] FIRE       | frame   3497 | objects 1 | 08:14:19.787
[ALERT] Violence  | frame   3502 | conf 0.975 | 08:14:20.015
[ALERT] FIRE       | frame   3502 | objects 1 | 08:14:20.015
[ALERT] Violence  | frame   3508 | conf 0.965 | 08:14:20.221
[ALERT] FIRE       | frame   3508 | objects 1 | 08:14:20.221
[ALERT] Violence  | frame   3514 | conf 0.955 | 08:14:20.418
[ALERT] FIRE       | frame   3514 | objects 1 | 08:14:20.418
[ALERT] Violence  | frame   3521 | conf 0.989 | 08:14:20.644
[ALERT] FIRE       | frame   3521 | objects 1 | 08:14:20.644
[ALERT] Violence  | frame   3528 | conf 0.979 | 08:14:20.901
[ALERT] FIRE       | frame   3528 | objects 1 | 08:14:20.901
[ALERT] Violence  | frame   3533 | conf 0.987 | 08:14:21.089
[ALERT] FIRE       | frame   3533 | objects 1 | 08:14:21.089
[ALERT] Violence  | frame   3540 | conf 0.984 | 08:14:21.291
[ALERT] FIRE       | frame   3540 | objects 1 | 08:14:21.291
[ALERT] Violence  | frame   3544 | conf 0.990 | 08:14:21.519
[ALERT] FIRE       | frame   3544 | objects 1 | 08:14:21.519
[ALERT] Violence  | frame   3549 | conf 0.932 | 08:14:21.730
[ALERT] FIRE       | frame   3549 | objects 1 | 08:14:21.730
[ALERT] Violence  | frame   3559 | conf 0.939 | 08:14:21.970
[ALERT] FIRE       | frame   3559 | objects 1 | 08:14:21.970
[ALERT] Violence  | frame   3563 | conf 0.990 | 08:14:22.209
[ALERT] FIRE       | frame   3563 | objects 1 | 08:14:22.209
[ALERT] Violence  | frame   3565 | conf 0.970 | 08:14:22.452
[ALERT] FIRE       | frame   3565 | objects 1 | 08:14:22.452
[ALERT] Violence  | frame   3574 | conf 0.995 | 08:14:22.639
[ALERT] FIRE       | frame   3574 | objects 1 | 08:14:22.639
[ALERT] Violence  | frame   3579 | conf 0.984 | 08:14:22.840
[ALERT] FIRE       | frame   3579 | objects 1 | 08:14:22.840
[ALERT] Violence  | frame   3587 | conf 0.987 | 08:14:23.034
[ALERT] FIRE       | frame   3587 | objects 1 | 08:14:23.034
[ALERT] Violence  | frame   3596 | conf 0.973 | 08:14:23.267
[ALERT] FIRE       | frame   3596 | objects 1 | 08:14:23.267
[ALERT] Violence  | frame   3600 | conf 0.968 | 08:14:23.462
[ALERT] FIRE       | frame   3600 | objects 1 | 08:14:23.462
[ALERT] Violence  | frame   3604 | conf 0.990 | 08:14:23.660
[ALERT] FIRE       | frame   3604 | objects 1 | 08:14:23.660
[ALERT] Violence  | frame   3609 | conf 0.945 | 08:14:23.858
[ALERT] FIRE       | frame   3609 | objects 1 | 08:14:23.858
[ALERT] Violence  | frame   3614 | conf 0.987 | 08:14:24.053
[ALERT] FIRE       | frame   3614 | objects 1 | 08:14:24.053
[ALERT] Violence  | frame   3619 | conf 0.968 | 08:14:24.258
[ALERT] FIRE       | frame   3619 | objects 1 | 08:14:24.258
[ALERT] Violence  | frame   3623 | conf 0.894 | 08:14:24.440
[ALERT] FIRE       | frame   3623 | objects 1 | 08:14:24.440
[ALERT] Violence  | frame   3627 | conf 0.988 | 08:14:24.626
[ALERT] FIRE       | frame   3627 | objects 1 | 08:14:24.626
[ALERT] FIRE       | frame   3631 | objects 1 | 08:14:24.815
[ALERT] FIRE       | frame   3636 | objects 1 | 08:14:25.018
[ALERT] FIRE       | frame   3644 | objects 2 | 08:14:25.209
[ALERT] FIRE       | frame   3646 | objects 1 | 08:14:25.372
[ALERT] FIRE       | frame   3651 | objects 1 | 08:14:25.592
[ALERT] Violence  | frame   3656 | conf 0.960 | 08:14:25.823
[ALERT] FIRE       | frame   3656 | objects 1 | 08:14:25.823
[ALERT] Violence  | frame   3660 | conf 0.990 | 08:14:25.991
[ALERT] FIRE       | frame   3660 | objects 1 | 08:14:25.991
[ALERT] Violence  | frame   3667 | conf 0.987 | 08:14:26.184
[ALERT] FIRE       | frame   3667 | objects 1 | 08:14:26.184
[ALERT] Violence  | frame   3679 | conf 0.976 | 08:14:26.429
[ALERT] FIRE       | frame   3679 | objects 1 | 08:14:26.429
[ALERT] Violence  | frame   3683 | conf 0.963 | 08:14:26.677
[ALERT] FIRE       | frame   3683 | objects 1 | 08:14:26.677
[ALERT] FIRE       | frame   3690 | objects 1 | 08:14:26.847
[ALERT] FIRE       | frame   3691 | objects 1 | 08:14:27.051
[ALERT] FIRE       | frame   3696 | objects 2 | 08:14:27.280
[ALERT] FIRE       | frame   3702 | objects 1 | 08:14:27.488
[ALERT] FIRE       | frame   3705 | objects 1 | 08:14:27.705
[ALERT] FIRE       | frame   3711 | objects 1 | 08:14:27.912
[ALERT] FIRE       | frame   3718 | objects 1 | 08:14:28.146
[ALERT] FIRE       | frame   3723 | objects 1 | 08:14:28.341
[ALERT] FIRE       | frame   3731 | objects 1 | 08:14:28.557
[ALERT] FIRE       | frame   3736 | objects 1 | 08:14:28.787
[ALERT] FIRE       | frame   3740 | objects 2 | 08:14:28.981
[ALERT] FIRE       | frame   3745 | objects 1 | 08:14:29.258
[ALERT] FIRE       | frame   3751 | objects 1 | 08:14:29.485
[ALERT] FIRE       | frame   3756 | objects 2 | 08:14:29.699
[ALERT] FIRE       | frame   3764 | objects 2 | 08:14:29.903
[ALERT] FIRE       | frame   3772 | objects 1 | 08:14:30.105
[ALERT] FIRE       | frame   3777 | objects 1 | 08:14:30.290
[ALERT] FIRE       | frame   3782 | objects 1 | 08:14:30.448
[ALERT] FIRE       | frame   3786 | objects 1 | 08:14:30.664
[ALERT] FIRE       | frame   3794 | objects 1 | 08:14:30.868
[ALERT] Violence  | frame   3797 | conf 0.940 | 08:14:31.033
[ALERT] FIRE       | frame   3797 | objects 1 | 08:14:31.033
[ALERT] Violence  | frame   3802 | conf 0.918 | 08:14:31.237
[ALERT] FIRE       | frame   3802 | objects 1 | 08:14:31.237
[ALERT] FIRE       | frame   3808 | objects 1 | 08:14:31.430
[ALERT] FIRE       | frame   3812 | objects 1 | 08:14:31.598
[ALERT] FIRE       | frame   3819 | objects 1 | 08:14:31.784
[ALERT] Violence  | frame   3825 | conf 0.902 | 08:14:31.952
[ALERT] FIRE       | frame   3825 | objects 1 | 08:14:31.952
[ALERT] FIRE       | frame   3837 | objects 2 | 08:14:32.159
[ALERT] FIRE       | frame   3840 | objects 2 | 08:14:32.327
[ALERT] FIRE       | frame   3846 | objects 1 | 08:14:32.524
[ALERT] FIRE       | frame   3847 | objects 1 | 08:14:32.704
[ALERT] FIRE       | frame   3849 | objects 1 | 08:14:32.870
[ALERT] FIRE       | frame   3856 | objects 1 | 08:14:33.124
[ALERT] FIRE       | frame   3861 | objects 1 | 08:14:33.340
[ALERT] FIRE       | frame   3867 | objects 1 | 08:14:33.586
[ALERT] Violence  | frame   3871 | conf 0.973 | 08:14:33.804
[ALERT] FIRE       | frame   3871 | objects 1 | 08:14:33.804
[ALERT] FIRE       | frame   3879 | objects 1 | 08:14:34.048
[ALERT] FIRE       | frame   3887 | objects 1 | 08:14:34.367
[ALERT] FIRE       | frame   3895 | objects 1 | 08:14:34.790
[ALERT] FIRE       | frame   3898 | objects 1 | 08:14:35.167
[ALERT] Violence  | frame   3908 | conf 0.955 | 08:14:35.449
[ALERT] FIRE       | frame   3908 | objects 1 | 08:14:35.449
[ALERT] Violence  | frame   3919 | conf 0.966 | 08:14:35.651
[ALERT] FIRE       | frame   3919 | objects 1 | 08:14:35.651
[ALERT] Violence  | frame   3926 | conf 0.960 | 08:14:35.873
[ALERT] FIRE       | frame   3926 | objects 1 | 08:14:35.873
[ALERT] FIRE       | frame   3934 | objects 1 | 08:14:36.108
[ALERT] FIRE       | frame   3939 | objects 1 | 08:14:36.373
[ALERT] FIRE       | frame   3946 | objects 1 | 08:14:36.570
[ALERT] FIRE       | frame   3952 | objects 1 | 08:14:36.784
[ALERT] FIRE       | frame   3959 | objects 2 | 08:14:37.044
[ALERT] FIRE       | frame   3968 | objects 1 | 08:14:37.226
[ALERT] FIRE       | frame   3970 | objects 1 | 08:14:37.427
[ALERT] Violence  | frame   3978 | conf 0.985 | 08:14:37.628
[ALERT] FIRE       | frame   3978 | objects 2 | 08:14:37.628
[ALERT] Violence  | frame   3982 | conf 0.987 | 08:14:37.872
[ALERT] FIRE       | frame   3982 | objects 1 | 08:14:37.872
[ALERT] Violence  | frame   3988 | conf 0.990 | 08:14:38.041
[ALERT] FIRE       | frame   3988 | objects 1 | 08:14:38.041
[ALERT] Violence  | frame   3993 | conf 0.975 | 08:14:38.248
[ALERT] FIRE       | frame   3993 | objects 1 | 08:14:38.248
[ALERT] FIRE       | frame   4000 | objects 1 | 08:14:38.488
[ALERT] FIRE       | frame   4003 | objects 1 | 08:14:38.677
[ALERT] FIRE       | frame   4010 | objects 1 | 08:14:38.871
[ALERT] FIRE       | frame   4019 | objects 1 | 08:14:39.058
[ALERT] FIRE       | frame   4021 | objects 1 | 08:14:39.307
[ALERT] FIRE       | frame   4028 | objects 1 | 08:14:39.504
[ALERT] Violence  | frame   4031 | conf 0.968 | 08:14:39.746
[ALERT] FIRE       | frame   4031 | objects 1 | 08:14:39.746
[ALERT] Violence  | frame   4038 | conf 0.948 | 08:14:40.091
[ALERT] FIRE       | frame   4038 | objects 1 | 08:14:40.091
[ALERT] FIRE       | frame   4043 | objects 1 | 08:14:40.342
[ALERT] FIRE       | frame   4052 | objects 1 | 08:14:40.586
[ALERT] FIRE       | frame   4058 | objects 1 | 08:14:40.823
[ALERT] FIRE       | frame   4067 | objects 1 | 08:14:41.070
[ALERT] Violence  | frame   4073 | conf 0.949 | 08:14:41.237
[ALERT] FIRE       | frame   4073 | objects 1 | 08:14:41.237
[ALERT] FIRE       | frame   4080 | objects 1 | 08:14:41.441
[ALERT] FIRE       | frame   4093 | objects 1 | 08:14:41.730
[ALERT] FIRE       | frame   4095 | objects 1 | 08:14:41.940
[ALERT] FIRE       | frame   4097 | objects 1 | 08:14:42.157
[ALERT] FIRE       | frame   4119 | objects 1 | 08:14:42.574
[ALERT] FIRE       | frame   4121 | objects 1 | 08:14:42.786
[ALERT] FIRE       | frame   4124 | objects 1 | 08:14:42.956
[ALERT] Violence  | frame   4128 | conf 0.949 | 08:14:43.156
[ALERT] FIRE       | frame   4128 | objects 2 | 08:14:43.156
[ALERT] Violence  | frame   4131 | conf 0.929 | 08:14:43.409
[ALERT] FIRE       | frame   4131 | objects 1 | 08:14:43.409
[ALERT] Violence  | frame   4136 | conf 0.960 | 08:14:43.578
[ALERT] FIRE       | frame   4136 | objects 1 | 08:14:43.578
[ALERT] Violence  | frame   4140 | conf 0.893 | 08:14:43.763
[ALERT] FIRE       | frame   4140 | objects 1 | 08:14:43.763
[ALERT] FIRE       | frame   4146 | objects 1 | 08:14:43.980
[ALERT] FIRE       | frame   4152 | objects 1 | 08:14:44.231
[ALERT] FIRE       | frame   4157 | objects 1 | 08:14:44.405
[ALERT] FIRE       | frame   4165 | objects 1 | 08:14:44.613
[ALERT] FIRE       | frame   4170 | objects 1 | 08:14:44.852
[ALERT] FIRE       | frame   4174 | objects 1 | 08:14:45.046
[ALERT] Violence  | frame   4182 | conf 0.918 | 08:14:45.306
[ALERT] FIRE       | frame   4182 | objects 1 | 08:14:45.306
[ALERT] FIRE       | frame   4187 | objects 1 | 08:14:45.541
[ALERT] FIRE       | frame   4191 | objects 1 | 08:14:45.795
[ALERT] FIRE       | frame   4200 | objects 1 | 08:14:45.967
[ALERT] FIRE       | frame   4216 | objects 1 | 08:14:46.203
[ALERT] Violence  | frame   4218 | conf 0.972 | 08:14:46.432
[ALERT] FIRE       | frame   4218 | objects 1 | 08:14:46.432
[ALERT] Violence  | frame   4222 | conf 0.951 | 08:14:46.625
[ALERT] FIRE       | frame   4222 | objects 1 | 08:14:46.625
[ALERT] Violence  | frame   4225 | conf 0.937 | 08:14:46.822
[ALERT] FIRE       | frame   4225 | objects 1 | 08:14:46.822
[ALERT] FIRE       | frame   4236 | objects 1 | 08:14:47.018
[ALERT] FIRE       | frame   4249 | objects 1 | 08:14:47.394
[ALERT] FIRE       | frame   4251 | objects 1 | 08:14:47.563
[ALERT] FIRE       | frame   4257 | objects 2 | 08:14:47.781
[ALERT] FIRE       | frame   4262 | objects 1 | 08:14:48.007
[ALERT] FIRE       | frame   4273 | objects 1 | 08:14:48.308
[ALERT] FIRE       | frame   4280 | objects 1 | 08:14:48.554
[ALERT] FIRE       | frame   4293 | objects 1 | 08:14:49.021
[ALERT] FIRE       | frame   4299 | objects 1 | 08:14:49.219
[ALERT] FIRE       | frame   4303 | objects 1 | 08:14:49.385
[ALERT] FIRE       | frame   4311 | objects 1 | 08:14:49.650
[ALERT] Violence  | frame   4316 | conf 0.934 | 08:14:49.947
[ALERT] FIRE       | frame   4316 | objects 1 | 08:14:49.947
[ALERT] FIRE       | frame   4317 | objects 1 | 08:14:50.126
[ALERT] FIRE       | frame   4320 | objects 1 | 08:14:50.334
[ALERT] FIRE       | frame   4329 | objects 1 | 08:14:50.543
[ALERT] Violence  | frame   4331 | conf 0.886 | 08:14:50.751
[ALERT] FIRE       | frame   4331 | objects 2 | 08:14:50.751
[ALERT] Violence  | frame   4335 | conf 0.962 | 08:14:50.913
[ALERT] FIRE       | frame   4335 | objects 2 | 08:14:50.913
[ALERT] Violence  | frame   4338 | conf 0.939 | 08:14:51.133
[ALERT] FIRE       | frame   4338 | objects 1 | 08:14:51.133
[ALERT] Violence  | frame   4369 | conf 0.885 | 08:14:51.955
[ALERT] FIRE       | frame   4369 | objects 1 | 08:14:51.955
[ALERT] Violence  | frame   4375 | conf 0.900 | 08:14:52.189
[ALERT] FIRE       | frame   4375 | objects 1 | 08:14:52.189
[ALERT] FIRE       | frame   4379 | objects 1 | 08:14:52.370
[ALERT] FIRE       | frame   4382 | objects 1 | 08:14:52.567
[ALERT] FIRE       | frame   4390 | objects 1 | 08:14:52.958
[ALERT] FIRE       | frame   4392 | objects 1 | 08:14:53.160
[ALERT] FIRE       | frame   4396 | objects 1 | 08:14:53.343
[ALERT] FIRE       | frame   4406 | objects 1 | 08:14:53.546
[ALERT] FIRE       | frame   4412 | objects 1 | 08:14:53.753
[ALERT] FIRE       | frame   4416 | objects 1 | 08:14:53.949
[ALERT] FIRE       | frame   4419 | objects 1 | 08:14:54.112
[ALERT] FIRE       | frame   4429 | objects 1 | 08:14:54.323
[ALERT] Violence  | frame   4437 | conf 0.881 | 08:14:54.552
[ALERT] FIRE       | frame   4437 | objects 1 | 08:14:54.552
[ALERT] Violence  | frame   4440 | conf 0.947 | 08:14:54.741
[ALERT] FIRE       | frame   4440 | objects 1 | 08:14:54.741
[ALERT] Violence  | frame   4446 | conf 0.946 | 08:14:54.938
[ALERT] FIRE       | frame   4446 | objects 1 | 08:14:54.938
[ALERT] Violence  | frame   4451 | conf 0.967 | 08:14:55.150
[ALERT] FIRE       | frame   4451 | objects 1 | 08:14:55.150
[ALERT] Violence  | frame   4455 | conf 0.930 | 08:14:55.383
[ALERT] FIRE       | frame   4455 | objects 1 | 08:14:55.383
[ALERT] Violence  | frame   4462 | conf 0.942 | 08:14:55.555
[ALERT] FIRE       | frame   4462 | objects 1 | 08:14:55.555
[ALERT] Violence  | frame   4474 | conf 0.959 | 08:14:55.758
[ALERT] FIRE       | frame   4474 | objects 1 | 08:14:55.758
[ALERT] Violence  | frame   4480 | conf 0.953 | 08:14:55.994
[ALERT] FIRE       | frame   4480 | objects 1 | 08:14:55.994
[ALERT] Violence  | frame   4496 | conf 0.926 | 08:14:56.666
[ALERT] FIRE       | frame   4496 | objects 1 | 08:14:56.666
[ALERT] FIRE       | frame   4500 | objects 1 | 08:14:56.860
[ALERT] FIRE       | frame   4502 | objects 1 | 08:14:57.062
[ALERT] FIRE       | frame   4516 | objects 1 | 08:14:57.321
[ALERT] FIRE       | frame   4525 | objects 1 | 08:14:57.630
[ALERT] FIRE       | frame   4530 | objects 1 | 08:14:57.837
[ALERT] FIRE       | frame   4533 | objects 1 | 08:14:58.087
[ALERT] FIRE       | frame   4541 | objects 1 | 08:14:58.283
[ALERT] Violence  | frame   4549 | conf 0.946 | 08:14:58.544
[ALERT] FIRE       | frame   4549 | objects 1 | 08:14:58.544
[ALERT] Violence  | frame   4563 | conf 0.890 | 08:14:59.012
[ALERT] FIRE       | frame   4563 | objects 1 | 08:14:59.012
[ALERT] Violence  | frame   4572 | conf 0.890 | 08:14:59.363
[ALERT] FIRE       | frame   4572 | objects 1 | 08:14:59.363
[ALERT] Violence  | frame   4575 | conf 0.954 | 08:14:59.555
[ALERT] FIRE       | frame   4575 | objects 1 | 08:14:59.555
[ALERT] Violence  | frame   4599 | conf 0.967 | 08:15:00.286
[ALERT] FIRE       | frame   4599 | objects 1 | 08:15:00.286
[ALERT] Violence  | frame   4616 | conf 0.946 | 08:15:00.885
[ALERT] FIRE       | frame   4616 | objects 1 | 08:15:00.885
[ALERT] Violence  | frame   4619 | conf 0.954 | 08:15:01.114
[ALERT] FIRE       | frame   4619 | objects 1 | 08:15:01.114
[ALERT] Violence  | frame   4621 | conf 0.965 | 08:15:01.278
[ALERT] FIRE       | frame   4621 | objects 1 | 08:15:01.278
[ALERT] Violence  | frame   4626 | conf 0.954 | 08:15:01.474
[ALERT] FIRE       | frame   4626 | objects 1 | 08:15:01.474
[ALERT] FIRE       | frame   4629 | objects 1 | 08:15:01.682
[ALERT] FIRE       | frame   4633 | objects 1 | 08:15:01.892
[ALERT] FIRE       | frame   4643 | objects 1 | 08:15:02.056
[ALERT] Violence  | frame   4645 | conf 0.932 | 08:15:02.265
[ALERT] FIRE       | frame   4645 | objects 1 | 08:15:02.265
[ALERT] Violence  | frame   4650 | conf 0.975 | 08:15:02.511
[ALERT] FIRE       | frame   4650 | objects 1 | 08:15:02.511
[ALERT] Violence  | frame   4656 | conf 0.907 | 08:15:02.702
[ALERT] FIRE       | frame   4656 | objects 1 | 08:15:02.702
[ALERT] Violence  | frame   4663 | conf 0.950 | 08:15:02.917
[ALERT] FIRE       | frame   4663 | objects 1 | 08:15:02.917
[ALERT] Violence  | frame   4668 | conf 0.979 | 08:15:03.125
[ALERT] FIRE       | frame   4668 | objects 1 | 08:15:03.125
[ALERT] Violence  | frame   4672 | conf 0.965 | 08:15:03.378
[ALERT] FIRE       | frame   4672 | objects 1 | 08:15:03.378
[ALERT] FIRE       | frame   4684 | objects 1 | 08:15:03.552
[ALERT] FIRE       | frame   4685 | objects 1 | 08:15:03.759
[ALERT] FIRE       | frame   4691 | objects 1 | 08:15:03.945
[ALERT] FIRE       | frame   4693 | objects 1 | 08:15:04.143
[ALERT] FIRE       | frame   4700 | objects 1 | 08:15:04.339
[ALERT] FIRE       | frame   4703 | objects 1 | 08:15:04.532
[ALERT] FIRE       | frame   4709 | objects 1 | 08:15:04.721
[ALERT] FIRE       | frame   4717 | objects 1 | 08:15:04.908
[ALERT] FIRE       | frame   4719 | objects 1 | 08:15:05.104
[ALERT] FIRE       | frame   4724 | objects 1 | 08:15:05.300
[ALERT] FIRE       | frame   4729 | objects 1 | 08:15:05.482
[ALERT] FIRE       | frame   4735 | objects 1 | 08:15:05.688
[ALERT] FIRE       | frame   4743 | objects 1 | 08:15:05.944
[ALERT] FIRE       | frame   4745 | objects 1 | 08:15:06.164
[ALERT] FIRE       | frame   4752 | objects 1 | 08:15:06.439
[ALERT] FIRE       | frame   4764 | objects 1 | 08:15:06.681
[ALERT] FIRE       | frame   4765 | objects 1 | 08:15:06.899
[ALERT] Violence  | frame   4774 | conf 0.962 | 08:15:07.098
[ALERT] FIRE       | frame   4774 | objects 1 | 08:15:07.098
[ALERT] FIRE       | frame   4780 | objects 1 | 08:15:07.304
[ALERT] FIRE       | frame   4786 | objects 1 | 08:15:07.527
[ALERT] FIRE       | frame   4794 | objects 1 | 08:15:07.711
[ALERT] FIRE       | frame   4799 | objects 1 | 08:15:07.911
[ALERT] Violence  | frame   4801 | conf 0.971 | 08:15:08.115
[ALERT] FIRE       | frame   4801 | objects 1 | 08:15:08.115
[ALERT] Violence  | frame   4806 | conf 0.930 | 08:15:08.338
[ALERT] FIRE       | frame   4806 | objects 1 | 08:15:08.338
[ALERT] Violence  | frame   4811 | conf 0.945 | 08:15:08.500
[ALERT] FIRE       | frame   4811 | objects 1 | 08:15:08.500
[ALERT] Violence  | frame   4817 | conf 0.920 | 08:15:08.706
[ALERT] FIRE       | frame   4817 | objects 1 | 08:15:08.706
[ALERT] Violence  | frame   4823 | conf 0.926 | 08:15:08.996
[ALERT] FIRE       | frame   4823 | objects 1 | 08:15:08.996
[ALERT] FIRE       | frame   4828 | objects 1 | 08:15:09.166
[ALERT] FIRE       | frame   4834 | objects 1 | 08:15:09.358
[ALERT] FIRE       | frame   4840 | objects 1 | 08:15:09.579
[ALERT] Violence  | frame   4844 | conf 0.980 | 08:15:09.826
[ALERT] FIRE       | frame   4844 | objects 1 | 08:15:09.826
[ALERT] Violence  | frame   4851 | conf 0.914 | 08:15:09.989
[ALERT] FIRE       | frame   4851 | objects 1 | 08:15:09.989
[ALERT] Violence  | frame   4858 | conf 0.992 | 08:15:10.193
[ALERT] FIRE       | frame   4858 | objects 1 | 08:15:10.193
[ALERT] Violence  | frame   4863 | conf 0.988 | 08:15:10.403
[ALERT] FIRE       | frame   4863 | objects 1 | 08:15:10.403
[ALERT] Violence  | frame   4866 | conf 0.985 | 08:15:10.597
[ALERT] FIRE       | frame   4866 | objects 1 | 08:15:10.597
[ALERT] Violence  | frame   4872 | conf 0.976 | 08:15:10.794
[ALERT] FIRE       | frame   4872 | objects 1 | 08:15:10.794
[ALERT] Violence  | frame   4877 | conf 0.996 | 08:15:10.983
[ALERT] FIRE       | frame   4877 | objects 1 | 08:15:10.983
[ALERT] Violence  | frame   4882 | conf 0.982 | 08:15:11.180
[ALERT] FIRE       | frame   4882 | objects 1 | 08:15:11.180
[ALERT] FIRE       | frame   4888 | objects 1 | 08:15:11.369
[ALERT] FIRE       | frame   4893 | objects 1 | 08:15:11.564
[ALERT] FIRE       | frame   4899 | objects 1 | 08:15:11.761
[ALERT] FIRE       | frame   4906 | objects 1 | 08:15:11.962
[ALERT] FIRE       | frame   4910 | objects 1 | 08:15:12.167
[ALERT] FIRE       | frame   4914 | objects 1 | 08:15:12.380
[ALERT] Violence  | frame   4919 | conf 0.990 | 08:15:12.559
[ALERT] FIRE       | frame   4919 | objects 1 | 08:15:12.559
[ALERT] Violence  | frame   4925 | conf 0.982 | 08:15:12.773
[ALERT] FIRE       | frame   4925 | objects 1 | 08:15:12.773
[ALERT] Violence  | frame   4933 | conf 0.974 | 08:15:12.978
[ALERT] FIRE       | frame   4933 | objects 1 | 08:15:12.978
[ALERT] Violence  | frame   4936 | conf 0.988 | 08:15:13.182
[ALERT] FIRE       | frame   4936 | objects 1 | 08:15:13.182
[ALERT] Violence  | frame   4941 | conf 0.961 | 08:15:13.379
[ALERT] FIRE       | frame   4941 | objects 1 | 08:15:13.379
[ALERT] Violence  | frame   4946 | conf 0.969 | 08:15:13.646
[ALERT] FIRE       | frame   4946 | objects 1 | 08:15:13.646
[ALERT] Violence  | frame   4952 | conf 0.963 | 08:15:13.872
[ALERT] FIRE       | frame   4952 | objects 1 | 08:15:13.872
[ALERT] Violence  | frame   4957 | conf 0.911 | 08:15:14.100
[ALERT] FIRE       | frame   4957 | objects 1 | 08:15:14.100
[ALERT] Violence  | frame   4966 | conf 0.991 | 08:15:14.370
[ALERT] FIRE       | frame   4966 | objects 1 | 08:15:14.370
[ALERT] Violence  | frame   4972 | conf 0.992 | 08:15:14.561
[ALERT] FIRE       | frame   4972 | objects 1 | 08:15:14.561
[ALERT] Violence  | frame   4976 | conf 0.960 | 08:15:14.734
[ALERT] FIRE       | frame   4976 | objects 1 | 08:15:14.734
[ALERT] Violence  | frame   4986 | conf 0.986 | 08:15:14.922
[ALERT] FIRE       | frame   4986 | objects 1 | 08:15:14.922
[ALERT] Violence  | frame   4994 | conf 0.990 | 08:15:15.242
[ALERT] FIRE       | frame   4994 | objects 1 | 08:15:15.242
[ALERT] Violence  | frame   5001 | conf 0.991 | 08:15:15.431
[ALERT] FIRE       | frame   5001 | objects 2 | 08:15:15.431
[ALERT] Littering | frame   5011 | objects 1 | 08:15:16.013
[ALERT] Littering | frame   5016 | objects 1 | 08:15:16.209
[ALERT] Littering | frame   5018 | objects 4 | 08:15:16.413
[ALERT] Littering | frame   5021 | objects 6 | 08:15:16.648
[ALERT] Littering | frame   5024 | objects 5 | 08:15:16.845
[ALERT] Littering | frame   5028 | objects 1 | 08:15:17.045
[ALERT] Littering | frame   5031 | objects 5 | 08:15:17.230
[ALERT] Littering | frame   5035 | objects 4 | 08:15:17.424
[ALERT] Littering | frame   5038 | objects 3 | 08:15:17.594
[ALERT] Littering | frame   5041 | objects 6 | 08:15:17.770
[ALERT] Littering | frame   5044 | objects 4 | 08:15:17.927
[ALERT] Littering | frame   5047 | objects 6 | 08:15:18.151
[ALERT] Littering | frame   5075 | objects 3 | 08:15:20.002
[ALERT] Littering | frame   5080 | objects 1 | 08:15:20.201
[ALERT] Littering | frame   5114 | objects 1 | 08:15:21.961

============================================================
Session started: 2026-04-15 08:15:45.056815  [mode=both  fire=ON]
============================================================
[ALERT] Violence  | frame    368 | conf 0.967 | 08:16:02.730
[ALERT] Violence  | frame    374 | conf 0.933 | 08:16:02.895
[ALERT] Littering | frame    385 | objects 6 | 08:16:03.374
[ALERT] Violence  | frame    442 | conf 0.978 | 08:16:05.517
[ALERT] Violence  | frame    446 | conf 0.918 | 08:16:05.673
[ALERT] Violence  | frame    463 | conf 0.934 | 08:16:06.291
[ALERT] Littering | frame    501 | objects 1 | 08:16:07.679
[ALERT] Littering | frame    506 | objects 4 | 08:16:07.851
[ALERT] Littering | frame    510 | objects 3 | 08:16:08.003
[ALERT] Littering | frame    514 | objects 1 | 08:16:08.161
[ALERT] Littering | frame    518 | objects 5 | 08:16:08.339
[ALERT] Littering | frame    522 | objects 3 | 08:16:08.495
[ALERT] Littering | frame    527 | objects 2 | 08:16:08.661
[ALERT] Littering | frame    532 | objects 4 | 08:16:08.845
[ALERT] Littering | frame    536 | objects 4 | 08:16:09.003
[ALERT] Littering | frame    544 | objects 3 | 08:16:09.166
[ALERT] Littering | frame    553 | objects 4 | 08:16:09.344
[ALERT] Littering | frame    556 | objects 2 | 08:16:09.546
[ALERT] Violence  | frame    560 | conf 0.902 | 08:16:09.758
[ALERT] Littering | frame    560 | objects 3 | 08:16:09.758
[ALERT] Littering | frame    563 | objects 3 | 08:16:09.996
[ALERT] Littering | frame    566 | objects 5 | 08:16:10.200
[ALERT] Littering | frame    569 | objects 3 | 08:16:10.400
[ALERT] Littering | frame    577 | objects 2 | 08:16:10.600
[ALERT] Littering | frame    584 | objects 4 | 08:16:10.783
[ALERT] Littering | frame    589 | objects 1 | 08:16:10.949
[ALERT] Littering | frame    608 | objects 5 | 08:16:11.595
[ALERT] Littering | frame    613 | objects 3 | 08:16:11.823
[ALERT] Littering | frame    619 | objects 1 | 08:16:11.999
[ALERT] Littering | frame    621 | objects 2 | 08:16:12.169
[ALERT] Littering | frame    627 | objects 1 | 08:16:12.329
[ALERT] FIRE       | frame    652 | objects 1 | 08:16:13.320
[ALERT] Littering | frame    659 | objects 1 | 08:16:13.493
[ALERT] FIRE       | frame    659 | objects 1 | 08:16:13.493
[ALERT] Littering | frame    663 | objects 2 | 08:16:13.656
[ALERT] FIRE       | frame    663 | objects 1 | 08:16:13.656
[ALERT] Littering | frame    667 | objects 1 | 08:16:13.833
[ALERT] FIRE       | frame    667 | objects 1 | 08:16:13.833
[ALERT] FIRE       | frame    671 | objects 1 | 08:16:13.991
[ALERT] FIRE       | frame    676 | objects 1 | 08:16:14.152
[ALERT] FIRE       | frame    680 | objects 1 | 08:16:14.337
[ALERT] FIRE       | frame    685 | objects 1 | 08:16:14.560
[ALERT] FIRE       | frame    693 | objects 1 | 08:16:14.772
[ALERT] FIRE       | frame    696 | objects 1 | 08:16:15.015
[ALERT] FIRE       | frame    705 | objects 1 | 08:16:15.219
[ALERT] FIRE       | frame    706 | objects 1 | 08:16:15.417
[ALERT] FIRE       | frame    711 | objects 1 | 08:16:15.692
[ALERT] Littering | frame    716 | objects 2 | 08:16:15.905
[ALERT] FIRE       | frame    716 | objects 1 | 08:16:15.905
[ALERT] Littering | frame    721 | objects 1 | 08:16:16.138
[ALERT] FIRE       | frame    721 | objects 1 | 08:16:16.138
[ALERT] Littering | frame    728 | objects 1 | 08:16:16.469
[ALERT] FIRE       | frame    728 | objects 1 | 08:16:16.469
[ALERT] Littering | frame    733 | objects 2 | 08:16:16.691
[ALERT] FIRE       | frame    733 | objects 1 | 08:16:16.691
[ALERT] Littering | frame    740 | objects 2 | 08:16:16.900
[ALERT] FIRE       | frame    740 | objects 1 | 08:16:16.900
[ALERT] Littering | frame    747 | objects 2 | 08:16:17.176
[ALERT] FIRE       | frame    747 | objects 1 | 08:16:17.176
[ALERT] Littering | frame    754 | objects 3 | 08:16:17.407
[ALERT] FIRE       | frame    754 | objects 1 | 08:16:17.407
[ALERT] Littering | frame    760 | objects 2 | 08:16:17.615
[ALERT] FIRE       | frame    760 | objects 1 | 08:16:17.615
[ALERT] Littering | frame    768 | objects 3 | 08:16:17.801
[ALERT] FIRE       | frame    768 | objects 1 | 08:16:17.801
[ALERT] Littering | frame    772 | objects 1 | 08:16:17.976
[ALERT] FIRE       | frame    772 | objects 1 | 08:16:17.976
[ALERT] Littering | frame    777 | objects 3 | 08:16:18.131
[ALERT] FIRE       | frame    777 | objects 1 | 08:16:18.131
[ALERT] Littering | frame    782 | objects 2 | 08:16:18.330
[ALERT] FIRE       | frame    782 | objects 1 | 08:16:18.330
[ALERT] Littering | frame    787 | objects 3 | 08:16:18.526
[ALERT] FIRE       | frame    787 | objects 1 | 08:16:18.526
[ALERT] Violence  | frame    792 | conf 0.886 | 08:16:18.701
[ALERT] Littering | frame    792 | objects 3 | 08:16:18.701
[ALERT] FIRE       | frame    792 | objects 1 | 08:16:18.701
[ALERT] Violence  | frame    798 | conf 0.922 | 08:16:18.910
[ALERT] Littering | frame    798 | objects 3 | 08:16:18.910
[ALERT] FIRE       | frame    798 | objects 1 | 08:16:18.910
[ALERT] Violence  | frame    803 | conf 0.966 | 08:16:19.123
[ALERT] Littering | frame    803 | objects 1 | 08:16:19.123
[ALERT] FIRE       | frame    803 | objects 1 | 08:16:19.123
[ALERT] Littering | frame    807 | objects 3 | 08:16:19.319
[ALERT] FIRE       | frame    807 | objects 1 | 08:16:19.319
[ALERT] Littering | frame    815 | objects 1 | 08:16:19.556
[ALERT] FIRE       | frame    815 | objects 1 | 08:16:19.556
[ALERT] Littering | frame    821 | objects 4 | 08:16:19.747
[ALERT] FIRE       | frame    821 | objects 1 | 08:16:19.747
[ALERT] Littering | frame    824 | objects 3 | 08:16:19.914
[ALERT] FIRE       | frame    824 | objects 1 | 08:16:19.914
[ALERT] Littering | frame    832 | objects 3 | 08:16:20.085
[ALERT] FIRE       | frame    832 | objects 1 | 08:16:20.085
[ALERT] Littering | frame    838 | objects 3 | 08:16:20.269
[ALERT] FIRE       | frame    838 | objects 1 | 08:16:20.269
[ALERT] Littering | frame    841 | objects 3 | 08:16:20.448
[ALERT] FIRE       | frame    841 | objects 1 | 08:16:20.448
[ALERT] Littering | frame    844 | objects 4 | 08:16:20.672
[ALERT] FIRE       | frame    844 | objects 1 | 08:16:20.672
[ALERT] Littering | frame    848 | objects 4 | 08:16:20.859
[ALERT] FIRE       | frame    848 | objects 1 | 08:16:20.859
[ALERT] Littering | frame    856 | objects 4 | 08:16:21.022
[ALERT] FIRE       | frame    856 | objects 1 | 08:16:21.022
[ALERT] Violence  | frame    865 | conf 0.924 | 08:16:21.229
[ALERT] Littering | frame    865 | objects 4 | 08:16:21.229
[ALERT] FIRE       | frame    865 | objects 1 | 08:16:21.229
[ALERT] Violence  | frame    871 | conf 0.931 | 08:16:21.418
[ALERT] Littering | frame    871 | objects 4 | 08:16:21.418
[ALERT] FIRE       | frame    871 | objects 1 | 08:16:21.418
[ALERT] Violence  | frame    880 | conf 0.951 | 08:16:21.716
[ALERT] Littering | frame    880 | objects 4 | 08:16:21.716
[ALERT] FIRE       | frame    880 | objects 1 | 08:16:21.716
[ALERT] Violence  | frame    881 | conf 0.979 | 08:16:22.220
[ALERT] Littering | frame    881 | objects 1 | 08:16:22.220
[ALERT] FIRE       | frame    881 | objects 1 | 08:16:22.220
[ALERT] Violence  | frame    892 | conf 0.951 | 08:16:22.589
[ALERT] Littering | frame    892 | objects 2 | 08:16:22.589
[ALERT] FIRE       | frame    892 | objects 1 | 08:16:22.589
[ALERT] Violence  | frame    895 | conf 0.963 | 08:16:22.762
[ALERT] Littering | frame    895 | objects 4 | 08:16:22.762
[ALERT] FIRE       | frame    895 | objects 1 | 08:16:22.762
[ALERT] Violence  | frame    899 | conf 0.976 | 08:16:22.954
[ALERT] Littering | frame    899 | objects 4 | 08:16:22.954
[ALERT] FIRE       | frame    899 | objects 1 | 08:16:22.954
[ALERT] Violence  | frame    902 | conf 0.968 | 08:16:23.125
[ALERT] Littering | frame    902 | objects 4 | 08:16:23.125
[ALERT] FIRE       | frame    902 | objects 1 | 08:16:23.125
[ALERT] Violence  | frame    906 | conf 0.971 | 08:16:23.285
[ALERT] FIRE       | frame    906 | objects 1 | 08:16:23.285
[ALERT] Violence  | frame    908 | conf 0.974 | 08:16:23.467
[ALERT] FIRE       | frame    908 | objects 1 | 08:16:23.467
[ALERT] Violence  | frame    920 | conf 0.951 | 08:16:23.623
[ALERT] FIRE       | frame    920 | objects 1 | 08:16:23.623
[ALERT] Violence  | frame    923 | conf 0.975 | 08:16:23.782
[ALERT] FIRE       | frame    923 | objects 1 | 08:16:23.782
[ALERT] Violence  | frame    930 | conf 0.926 | 08:16:24.467
[ALERT] Littering | frame    930 | objects 1 | 08:16:24.467
[ALERT] FIRE       | frame    930 | objects 1 | 08:16:24.467
[ALERT] Violence  | frame    934 | conf 0.974 | 08:16:24.636
[ALERT] Littering | frame    934 | objects 2 | 08:16:24.636
[ALERT] FIRE       | frame    934 | objects 1 | 08:16:24.636
[ALERT] Violence  | frame    941 | conf 0.971 | 08:16:24.849
[ALERT] Littering | frame    941 | objects 2 | 08:16:24.849
[ALERT] FIRE       | frame    941 | objects 1 | 08:16:24.849
[ALERT] Violence  | frame    943 | conf 0.952 | 08:16:25.047
[ALERT] Littering | frame    943 | objects 1 | 08:16:25.047
[ALERT] FIRE       | frame    943 | objects 1 | 08:16:25.047
[ALERT] Violence  | frame    961 | conf 0.953 | 08:16:25.527
[ALERT] Littering | frame    961 | objects 2 | 08:16:25.527
[ALERT] FIRE       | frame    961 | objects 1 | 08:16:25.527
[ALERT] Violence  | frame    966 | conf 0.976 | 08:16:25.724
[ALERT] Littering | frame    966 | objects 1 | 08:16:25.724
[ALERT] FIRE       | frame    966 | objects 1 | 08:16:25.724
[ALERT] Violence  | frame    975 | conf 0.964 | 08:16:26.063
[ALERT] Littering | frame    975 | objects 2 | 08:16:26.063
[ALERT] FIRE       | frame    975 | objects 1 | 08:16:26.063
[ALERT] Violence  | frame   1002 | conf 0.954 | 08:16:27.036
[ALERT] Littering | frame   1002 | objects 1 | 08:16:27.036
[ALERT] FIRE       | frame   1002 | objects 1 | 08:16:27.036
[ALERT] Violence  | frame   1007 | conf 0.981 | 08:16:27.195
[ALERT] Littering | frame   1007 | objects 3 | 08:16:27.195
[ALERT] FIRE       | frame   1007 | objects 1 | 08:16:27.195
[ALERT] Violence  | frame   1035 | conf 0.969 | 08:16:28.142
[ALERT] Littering | frame   1035 | objects 3 | 08:16:28.142
[ALERT] FIRE       | frame   1035 | objects 1 | 08:16:28.142
[ALERT] Littering | frame   1045 | objects 3 | 08:16:28.480
[ALERT] FIRE       | frame   1045 | objects 1 | 08:16:28.480
[ALERT] Littering | frame   1052 | objects 2 | 08:16:28.726
[ALERT] FIRE       | frame   1052 | objects 1 | 08:16:28.726
[ALERT] Littering | frame   1057 | objects 4 | 08:16:28.923
[ALERT] FIRE       | frame   1057 | objects 1 | 08:16:28.923
[ALERT] Littering | frame   1064 | objects 2 | 08:16:29.689
[ALERT] FIRE       | frame   1064 | objects 1 | 08:16:29.689
[ALERT] Littering | frame   1065 | objects 2 | 08:16:29.851
[ALERT] FIRE       | frame   1065 | objects 1 | 08:16:29.851
[ALERT] Violence  | frame   1068 | conf 0.981 | 08:16:30.021
[ALERT] Littering | frame   1068 | objects 2 | 08:16:30.021
[ALERT] FIRE       | frame   1068 | objects 1 | 08:16:30.021
[ALERT] Violence  | frame   1069 | conf 0.970 | 08:16:30.189
[ALERT] Littering | frame   1069 | objects 3 | 08:16:30.189
[ALERT] FIRE       | frame   1069 | objects 1 | 08:16:30.189
[ALERT] Violence  | frame   1073 | conf 0.938 | 08:16:30.357
[ALERT] FIRE       | frame   1073 | objects 1 | 08:16:30.357
[ALERT] Violence  | frame   1077 | conf 0.982 | 08:16:30.556
[ALERT] FIRE       | frame   1077 | objects 1 | 08:16:30.556
[ALERT] Violence  | frame   1082 | conf 0.982 | 08:16:30.741
[ALERT] FIRE       | frame   1082 | objects 1 | 08:16:30.741
[ALERT] Violence  | frame   1087 | conf 0.946 | 08:16:30.954
[ALERT] FIRE       | frame   1087 | objects 1 | 08:16:30.954
[ALERT] Violence  | frame   1093 | conf 0.896 | 08:16:31.136
[ALERT] FIRE       | frame   1093 | objects 1 | 08:16:31.136
[ALERT] FIRE       | frame   1098 | objects 1 | 08:16:31.310
[ALERT] FIRE       | frame   1103 | objects 1 | 08:16:31.464
[ALERT] FIRE       | frame   1110 | objects 1 | 08:16:31.630
[ALERT] Littering | frame   1115 | objects 1 | 08:16:31.797
[ALERT] FIRE       | frame   1115 | objects 1 | 08:16:31.797
[ALERT] Littering | frame   1118 | objects 1 | 08:16:31.954
[ALERT] FIRE       | frame   1118 | objects 1 | 08:16:31.954
[ALERT] FIRE       | frame   1124 | objects 1 | 08:16:32.122
[ALERT] FIRE       | frame   1126 | objects 1 | 08:16:32.277
[ALERT] FIRE       | frame   1132 | objects 1 | 08:16:32.470
[ALERT] FIRE       | frame   1135 | objects 1 | 08:16:32.629
[ALERT] FIRE       | frame   1140 | objects 1 | 08:16:32.785
[ALERT] FIRE       | frame   1145 | objects 1 | 08:16:32.946
[ALERT] FIRE       | frame   1148 | objects 1 | 08:16:33.119
[ALERT] FIRE       | frame   1152 | objects 1 | 08:16:33.280
[ALERT] FIRE       | frame   1158 | objects 1 | 08:16:33.453
[ALERT] FIRE       | frame   1164 | objects 1 | 08:16:33.656
[ALERT] FIRE       | frame   1168 | objects 1 | 08:16:33.830
[ALERT] Violence  | frame   1174 | conf 0.900 | 08:16:33.995
[ALERT] FIRE       | frame   1174 | objects 1 | 08:16:33.995
[ALERT] Violence  | frame   1178 | conf 0.928 | 08:16:34.170
[ALERT] FIRE       | frame   1178 | objects 1 | 08:16:34.170
[ALERT] Violence  | frame   1183 | conf 0.918 | 08:16:34.327
[ALERT] FIRE       | frame   1183 | objects 1 | 08:16:34.327
[ALERT] FIRE       | frame   1186 | objects 1 | 08:16:34.480
[ALERT] FIRE       | frame   1190 | objects 1 | 08:16:34.651
[ALERT] FIRE       | frame   1197 | objects 1 | 08:16:34.814
[ALERT] FIRE       | frame   1200 | objects 1 | 08:16:34.976
[ALERT] Violence  | frame   1204 | conf 0.964 | 08:16:35.134
[ALERT] FIRE       | frame   1204 | objects 1 | 08:16:35.134
[ALERT] Violence  | frame   1208 | conf 0.972 | 08:16:35.328
[ALERT] FIRE       | frame   1208 | objects 1 | 08:16:35.328
[ALERT] Violence  | frame   1213 | conf 0.988 | 08:16:35.485
[ALERT] FIRE       | frame   1213 | objects 1 | 08:16:35.485
[ALERT] Violence  | frame   1217 | conf 0.941 | 08:16:35.643
[ALERT] FIRE       | frame   1217 | objects 1 | 08:16:35.643
[ALERT] FIRE       | frame   1223 | objects 1 | 08:16:35.817
[ALERT] FIRE       | frame   1227 | objects 1 | 08:16:36.039
[ALERT] FIRE       | frame   1231 | objects 1 | 08:16:36.297
[ALERT] FIRE       | frame   1237 | objects 1 | 08:16:36.619
[ALERT] FIRE       | frame   1245 | objects 1 | 08:16:36.838
[ALERT] FIRE       | frame   1252 | objects 1 | 08:16:37.039
[ALERT] FIRE       | frame   1258 | objects 1 | 08:16:37.282
[ALERT] FIRE       | frame   1264 | objects 1 | 08:16:37.491
[ALERT] FIRE       | frame   1270 | objects 1 | 08:16:37.734
[ALERT] FIRE       | frame   1274 | objects 1 | 08:16:38.084
[ALERT] FIRE       | frame   1280 | objects 1 | 08:16:38.312
[ALERT] FIRE       | frame   1286 | objects 1 | 08:16:38.551
[ALERT] FIRE       | frame   1296 | objects 1 | 08:16:38.961
[ALERT] FIRE       | frame   1304 | objects 1 | 08:16:39.195
[ALERT] Violence  | frame   1308 | conf 0.905 | 08:16:39.427
[ALERT] FIRE       | frame   1308 | objects 1 | 08:16:39.427
[ALERT] FIRE       | frame   1319 | objects 1 | 08:16:39.816
[ALERT] FIRE       | frame   1325 | objects 1 | 08:16:40.058
[ALERT] FIRE       | frame   1332 | objects 1 | 08:16:40.320
[ALERT] FIRE       | frame   1342 | objects 2 | 08:16:40.670
[ALERT] FIRE       | frame   1348 | objects 1 | 08:16:40.981
[ALERT] FIRE       | frame   1357 | objects 1 | 08:16:41.275
[ALERT] FIRE       | frame   1365 | objects 1 | 08:16:41.592
[ALERT] FIRE       | frame   1374 | objects 1 | 08:16:41.986
[ALERT] FIRE       | frame   1382 | objects 1 | 08:16:42.235
[ALERT] FIRE       | frame   1390 | objects 1 | 08:16:42.509
[ALERT] FIRE       | frame   1401 | objects 1 | 08:16:42.712
[ALERT] FIRE       | frame   1411 | objects 2 | 08:16:42.875
[ALERT] FIRE       | frame   1413 | objects 1 | 08:16:43.141
[ALERT] FIRE       | frame   1418 | objects 1 | 08:16:43.355
[ALERT] Littering | frame   1423 | objects 3 | 08:16:43.529
[ALERT] Littering | frame   1431 | objects 1 | 08:16:43.695
[ALERT] Violence  | frame   1435 | conf 0.994 | 08:16:43.851
[ALERT] Violence  | frame   1442 | conf 0.996 | 08:16:44.017
[ALERT] Violence  | frame   1445 | conf 0.993 | 08:16:44.238
[ALERT] Violence  | frame   1449 | conf 0.997 | 08:16:44.784
[ALERT] Violence  | frame   1454 | conf 0.996 | 08:16:44.956
[ALERT] Violence  | frame   1460 | conf 0.996 | 08:16:45.218
[ALERT] Violence  | frame   1478 | conf 0.987 | 08:16:45.429
[ALERT] Violence  | frame   1480 | conf 0.961 | 08:16:45.628
[ALERT] Violence  | frame   1487 | conf 0.973 | 08:16:45.882
[ALERT] Violence  | frame   1492 | conf 0.952 | 08:16:46.109
[ALERT] Violence  | frame   1496 | conf 0.928 | 08:16:46.343
[ALERT] Violence  | frame   1502 | conf 0.992 | 08:16:46.572
[ALERT] Violence  | frame   1507 | conf 0.951 | 08:16:46.768
[ALERT] Violence  | frame   1515 | conf 0.924 | 08:16:46.951
[ALERT] Littering | frame   1643 | objects 4 | 08:16:52.162
[ALERT] Littering | frame   1646 | objects 4 | 08:16:52.444
[ALERT] Littering | frame   1653 | objects 5 | 08:16:52.695
[ALERT] Violence  | frame   1675 | conf 0.988 | 08:16:53.622
[ALERT] Violence  | frame   1681 | conf 0.899 | 08:16:53.981
[ALERT] Violence  | frame   1687 | conf 0.945 | 08:16:54.254
[ALERT] Littering | frame   1763 | objects 10 | 08:16:56.894
[ALERT] Littering | frame   1827 | objects 10 | 08:16:59.345
[ALERT] Littering | frame   1848 | objects 10 | 08:17:00.196
[ALERT] Littering | frame   1926 | objects 9 | 08:17:03.352
[ALERT] Violence  | frame   2089 | conf 0.998 | 08:17:09.852
[ALERT] Violence  | frame   2095 | conf 0.997 | 08:17:10.054
[ALERT] Violence  | frame   2098 | conf 0.995 | 08:17:10.255
[ALERT] Littering | frame   2098 | objects 10 | 08:17:10.255
[ALERT] Violence  | frame   2105 | conf 0.990 | 08:17:10.506
[ALERT] Littering | frame   2105 | objects 4 | 08:17:10.506
[ALERT] Violence  | frame   2109 | conf 0.980 | 08:17:10.716
[ALERT] Littering | frame   2109 | objects 10 | 08:17:10.716
[ALERT] Violence  | frame   2114 | conf 0.994 | 08:17:10.916
[ALERT] Littering | frame   2114 | objects 10 | 08:17:10.916
[ALERT] Littering | frame   2129 | objects 10 | 08:17:11.592
[ALERT] Violence  | frame   2140 | conf 0.999 | 08:17:12.029
[ALERT] Violence  | frame   2175 | conf 0.899 | 08:17:13.511
[ALERT] Violence  | frame   2180 | conf 1.000 | 08:17:13.770
[ALERT] Violence  | frame   2187 | conf 0.948 | 08:17:13.977
[ALERT] Violence  | frame   2207 | conf 0.997 | 08:17:14.770
[ALERT] Violence  | frame   2229 | conf 0.991 | 08:17:15.655
[ALERT] Violence  | frame   2300 | conf 0.997 | 08:17:18.461
[ALERT] Violence  | frame   2307 | conf 0.999 | 08:17:18.668
[ALERT] Violence  | frame   2312 | conf 0.978 | 08:17:18.922
[ALERT] Violence  | frame   2319 | conf 0.995 | 08:17:19.114
[ALERT] Violence  | frame   2323 | conf 0.952 | 08:17:19.311
[ALERT] Violence  | frame   2327 | conf 0.967 | 08:17:19.552
[ALERT] Violence  | frame   2366 | conf 0.994 | 08:17:21.064
[ALERT] Violence  | frame   2397 | conf 0.995 | 08:17:22.434
[ALERT] Violence  | frame   2428 | conf 0.980 | 08:17:24.226
[ALERT] Violence  | frame   2434 | conf 0.993 | 08:17:24.423
[ALERT] Violence  | frame   2444 | conf 0.994 | 08:17:24.672
[ALERT] Violence  | frame   2453 | conf 0.996 | 08:17:24.870
[ALERT] Violence  | frame   2458 | conf 0.995 | 08:17:25.067
[ALERT] Violence  | frame   2479 | conf 0.991 | 08:17:25.936
[ALERT] Violence  | frame   2485 | conf 0.946 | 08:17:26.141
[ALERT] Violence  | frame   2490 | conf 0.996 | 08:17:26.499
[ALERT] Violence  | frame   2496 | conf 0.978 | 08:17:26.777
[ALERT] Violence  | frame   2502 | conf 0.924 | 08:17:26.994
[ALERT] Violence  | frame   2512 | conf 0.946 | 08:17:27.193
[ALERT] Violence  | frame   2520 | conf 0.973 | 08:17:27.451
[ALERT] Violence  | frame   2541 | conf 0.941 | 08:17:28.375
[ALERT] Violence  | frame   2547 | conf 0.942 | 08:17:28.612
[ALERT] Violence  | frame   2554 | conf 0.995 | 08:17:28.876
[ALERT] Violence  | frame   2560 | conf 0.999 | 08:17:29.192
[ALERT] Violence  | frame   2588 | conf 0.990 | 08:17:30.111
[ALERT] Violence  | frame   2593 | conf 0.999 | 08:17:30.292
[ALERT] Violence  | frame   2598 | conf 0.991 | 08:17:30.457
[ALERT] Violence  | frame   2604 | conf 0.990 | 08:17:30.657
[ALERT] Violence  | frame   2613 | conf 0.999 | 08:17:30.910
[ALERT] Violence  | frame   2619 | conf 0.998 | 08:17:31.089
[ALERT] Violence  | frame   2621 | conf 0.997 | 08:17:31.251
[ALERT] Violence  | frame   2625 | conf 0.999 | 08:17:31.428
[ALERT] Violence  | frame   2629 | conf 0.999 | 08:17:31.606
[ALERT] Violence  | frame   2634 | conf 1.000 | 08:17:31.919
[ALERT] Violence  | frame   2639 | conf 0.997 | 08:17:32.196
[ALERT] Violence  | frame   2642 | conf 0.997 | 08:17:32.403
[ALERT] Violence  | frame   2650 | conf 0.992 | 08:17:32.624
[ALERT] Violence  | frame   2659 | conf 0.995 | 08:17:32.928
[ALERT] Violence  | frame   2663 | conf 0.999 | 08:17:33.125
[ALERT] Violence  | frame   2668 | conf 0.998 | 08:17:33.387
[ALERT] Violence  | frame   2676 | conf 0.999 | 08:17:33.559
[ALERT] Violence  | frame   2680 | conf 0.996 | 08:17:33.720
[ALERT] Violence  | frame   2688 | conf 0.991 | 08:17:33.885
[ALERT] Violence  | frame   2702 | conf 0.984 | 08:17:34.094
[ALERT] Violence  | frame   2705 | conf 0.998 | 08:17:34.269
[ALERT] Violence  | frame   2714 | conf 0.999 | 08:17:34.583
[ALERT] Violence  | frame   2716 | conf 0.989 | 08:17:34.794
[ALERT] Violence  | frame   2718 | conf 0.999 | 08:17:34.984
[ALERT] Violence  | frame   2720 | conf 0.947 | 08:17:35.193
[ALERT] Violence  | frame   2727 | conf 0.966 | 08:17:35.439
[ALERT] Violence  | frame   2731 | conf 0.922 | 08:17:35.630
[ALERT] Violence  | frame   2736 | conf 0.964 | 08:17:35.974
[ALERT] Violence  | frame   2741 | conf 0.995 | 08:17:36.184
[ALERT] Violence  | frame   2750 | conf 0.971 | 08:17:36.407
[ALERT] Violence  | frame   2756 | conf 0.969 | 08:17:36.608
[ALERT] Violence  | frame   2762 | conf 0.922 | 08:17:36.816
[ALERT] Violence  | frame   2766 | conf 0.979 | 08:17:37.077
[ALERT] Violence  | frame   2774 | conf 0.954 | 08:17:37.276
[ALERT] Violence  | frame   2777 | conf 0.990 | 08:17:37.465
[ALERT] Violence  | frame   2786 | conf 0.997 | 08:17:37.699
[ALERT] Violence  | frame   2793 | conf 0.945 | 08:17:37.876
[ALERT] Violence  | frame   2798 | conf 0.950 | 08:17:38.104
[ALERT] FIRE       | frame   2799 | objects 1 | 08:17:38.438
[ALERT] FIRE       | frame   2804 | objects 1 | 08:17:38.651
[ALERT] FIRE       | frame   2812 | objects 1 | 08:17:38.883
[ALERT] FIRE       | frame   2825 | objects 1 | 08:17:39.060
[ALERT] FIRE       | frame   2828 | objects 1 | 08:17:39.227
[ALERT] FIRE       | frame   2834 | objects 1 | 08:17:39.427
[ALERT] FIRE       | frame   2840 | objects 1 | 08:17:39.618
[ALERT] FIRE       | frame   2852 | objects 1 | 08:17:39.909
[ALERT] FIRE       | frame   2854 | objects 1 | 08:17:40.102
[ALERT] FIRE       | frame   2861 | objects 1 | 08:17:40.371
[ALERT] FIRE       | frame   2864 | objects 1 | 08:17:40.545
[ALERT] FIRE       | frame   2866 | objects 1 | 08:17:40.710
[ALERT] FIRE       | frame   2871 | objects 1 | 08:17:40.884
[ALERT] FIRE       | frame   2876 | objects 1 | 08:17:41.046
[ALERT] FIRE       | frame   2879 | objects 1 | 08:17:41.214
[ALERT] FIRE       | frame   2882 | objects 1 | 08:17:41.441
[ALERT] FIRE       | frame   2894 | objects 1 | 08:17:41.651
[ALERT] FIRE       | frame   2895 | objects 1 | 08:17:41.818
[ALERT] FIRE       | frame   2900 | objects 1 | 08:17:41.999
[ALERT] FIRE       | frame   2905 | objects 1 | 08:17:42.162
[ALERT] FIRE       | frame   2907 | objects 1 | 08:17:42.331
[ALERT] FIRE       | frame   2912 | objects 1 | 08:17:42.520
[ALERT] FIRE       | frame   2918 | objects 1 | 08:17:42.679
[ALERT] FIRE       | frame   2924 | objects 1 | 08:17:42.865
[ALERT] FIRE       | frame   2928 | objects 1 | 08:17:43.093
[ALERT] FIRE       | frame   2931 | objects 1 | 08:17:43.269
[ALERT] FIRE       | frame   2940 | objects 1 | 08:17:43.425
[ALERT] FIRE       | frame   2941 | objects 1 | 08:17:43.615
[ALERT] Littering | frame   2951 | objects 9 | 08:17:44.026
[ALERT] Violence  | frame   2956 | conf 0.910 | 08:17:44.255
[ALERT] Littering | frame   2956 | objects 10 | 08:17:44.255
[ALERT] Violence  | frame   2968 | conf 0.914 | 08:17:44.484
[ALERT] Littering | frame   2968 | objects 10 | 08:17:44.484
[ALERT] Violence  | frame   2971 | conf 0.926 | 08:17:44.667
[ALERT] Littering | frame   2971 | objects 9 | 08:17:44.667
[ALERT] Violence  | frame   2996 | conf 0.916 | 08:17:45.331
[ALERT] Littering | frame   2996 | objects 9 | 08:17:45.331
[ALERT] Violence  | frame   3000 | conf 0.940 | 08:17:45.500
[ALERT] Littering | frame   3000 | objects 9 | 08:17:45.500
[ALERT] Violence  | frame   3003 | conf 0.945 | 08:17:45.666
[ALERT] Littering | frame   3003 | objects 10 | 08:17:45.666
[ALERT] Violence  | frame   3009 | conf 0.928 | 08:17:45.852
[ALERT] Littering | frame   3009 | objects 10 | 08:17:45.852
[ALERT] Violence  | frame   3014 | conf 0.954 | 08:17:46.070
[ALERT] Littering | frame   3014 | objects 9 | 08:17:46.070
[ALERT] Violence  | frame   3017 | conf 0.989 | 08:17:46.276
[ALERT] Littering | frame   3017 | objects 10 | 08:17:46.276
[ALERT] Violence  | frame   3029 | conf 0.915 | 08:17:46.649
[ALERT] Littering | frame   3029 | objects 10 | 08:17:46.649
[ALERT] Violence  | frame   3057 | conf 0.921 | 08:17:47.643
[ALERT] Littering | frame   3057 | objects 10 | 08:17:47.643
[ALERT] Violence  | frame   3067 | conf 0.937 | 08:17:47.975
[ALERT] Littering | frame   3067 | objects 9 | 08:17:47.975
[ALERT] Violence  | frame   3096 | conf 0.994 | 08:17:49.018
[ALERT] Littering | frame   3096 | objects 9 | 08:17:49.018
[ALERT] Violence  | frame   3099 | conf 0.982 | 08:17:49.207
[ALERT] Littering | frame   3099 | objects 10 | 08:17:49.207
[ALERT] Violence  | frame   3107 | conf 0.979 | 08:17:49.467
[ALERT] Violence  | frame   3119 | conf 0.974 | 08:17:49.826
[ALERT] Violence  | frame   3129 | conf 0.988 | 08:17:50.348
[ALERT] Littering | frame   3129 | objects 3 | 08:17:50.348
[ALERT] Violence  | frame   3145 | conf 0.989 | 08:17:50.834
[ALERT] Littering | frame   3145 | objects 10 | 08:17:50.834
[ALERT] Violence  | frame   3156 | conf 0.991 | 08:17:51.246
[ALERT] Littering | frame   3156 | objects 9 | 08:17:51.246
[ALERT] Violence  | frame   3172 | conf 0.995 | 08:17:51.771
[ALERT] Littering | frame   3172 | objects 9 | 08:17:51.771
[ALERT] Violence  | frame   3183 | conf 0.984 | 08:17:52.248
[ALERT] Littering | frame   3183 | objects 10 | 08:17:52.248
[ALERT] Violence  | frame   3189 | conf 0.980 | 08:17:52.513
[ALERT] Littering | frame   3189 | objects 14 | 08:17:52.513
[ALERT] Violence  | frame   3245 | conf 0.994 | 08:17:54.285
[ALERT] Littering | frame   3245 | objects 12 | 08:17:54.285
[ALERT] Violence  | frame   3275 | conf 0.979 | 08:17:55.398
[ALERT] Littering | frame   3275 | objects 10 | 08:17:55.398
[ALERT] Violence  | frame   3287 | conf 0.983 | 08:17:55.766
[ALERT] Littering | frame   3287 | objects 9 | 08:17:55.766
[ALERT] Violence  | frame   3323 | conf 0.994 | 08:17:56.989
[ALERT] Littering | frame   3323 | objects 6 | 08:17:56.989
[ALERT] Violence  | frame   3328 | conf 0.973 | 08:17:57.175
[ALERT] Littering | frame   3328 | objects 9 | 08:17:57.175
[ALERT] Violence  | frame   3339 | conf 0.949 | 08:17:57.598
[ALERT] Violence  | frame   3347 | conf 0.991 | 08:17:57.951
[ALERT] Violence  | frame   3351 | conf 0.996 | 08:17:58.372
[ALERT] Violence  | frame   3365 | conf 0.995 | 08:17:58.578
[ALERT] Littering | frame   3365 | objects 7 | 08:17:58.578
[ALERT] Violence  | frame   3372 | conf 0.985 | 08:17:58.747
[ALERT] Littering | frame   3372 | objects 18 | 08:17:58.747
[ALERT] Violence  | frame   3373 | conf 0.984 | 08:17:59.000
[ALERT] Violence  | frame   3374 | conf 0.991 | 08:17:59.189
[ALERT] Violence  | frame   3380 | conf 0.984 | 08:17:59.375
[ALERT] Violence  | frame   3389 | conf 0.988 | 08:17:59.557
[ALERT] Littering | frame   3389 | objects 14 | 08:17:59.557
[ALERT] Violence  | frame   3392 | conf 0.984 | 08:17:59.880
[ALERT] Littering | frame   3392 | objects 2 | 08:17:59.880
[ALERT] Littering | frame   4389 | objects 3 | 08:18:34.988
[ALERT] Littering | frame   4393 | objects 2 | 08:18:35.203
[ALERT] Violence  | frame   4425 | conf 0.997 | 08:18:36.342
[ALERT] Violence  | frame   4431 | conf 0.992 | 08:18:36.562
[ALERT] Violence  | frame   4439 | conf 0.999 | 08:18:36.850
[ALERT] Violence  | frame   4445 | conf 0.995 | 08:18:37.053
[ALERT] Violence  | frame   4450 | conf 0.994 | 08:18:37.270
[ALERT] Violence  | frame   4481 | conf 0.999 | 08:18:38.378
[ALERT] Violence  | frame   4485 | conf 0.999 | 08:18:38.586
[ALERT] Violence  | frame   4492 | conf 0.980 | 08:18:38.888
[ALERT] Violence  | frame   4497 | conf 0.956 | 08:18:39.103
[ALERT] Violence  | frame   4503 | conf 0.955 | 08:18:39.328
[ALERT] Violence  | frame   4509 | conf 0.999 | 08:18:39.581
[ALERT] Violence  | frame   4515 | conf 0.988 | 08:18:39.817
[ALERT] Violence  | frame   4548 | conf 0.986 | 08:18:41.099
[ALERT] Violence  | frame   4554 | conf 0.993 | 08:18:41.304
[ALERT] Violence  | frame   4559 | conf 0.994 | 08:18:41.590
[ALERT] Violence  | frame   4565 | conf 1.000 | 08:18:41.831
[ALERT] Violence  | frame   4570 | conf 0.999 | 08:18:42.038
[ALERT] Violence  | frame   4578 | conf 0.998 | 08:18:42.310
[ALERT] Violence  | frame   4583 | conf 0.998 | 08:18:42.509
[ALERT] Violence  | frame   4589 | conf 0.996 | 08:18:42.716
[ALERT] Violence  | frame   4596 | conf 1.000 | 08:18:42.954
[ALERT] Violence  | frame   4601 | conf 1.000 | 08:18:43.164
[ALERT] Littering | frame   4601 | objects 8 | 08:18:43.164
[ALERT] Violence  | frame   4607 | conf 0.994 | 08:18:43.363
[ALERT] Violence  | frame   4611 | conf 0.992 | 08:18:43.603
[ALERT] Violence  | frame   4617 | conf 0.914 | 08:18:43.800
[ALERT] Violence  | frame   4647 | conf 0.978 | 08:18:45.069
[ALERT] Violence  | frame   4653 | conf 0.926 | 08:18:45.310
[ALERT] Violence  | frame   4658 | conf 0.899 | 08:18:45.587
[ALERT] Violence  | frame   4709 | conf 0.907 | 08:18:47.566
[ALERT] Violence  | frame   4714 | conf 0.999 | 08:18:47.822
[ALERT] Violence  | frame   4721 | conf 0.999 | 08:18:48.026
[ALERT] Violence  | frame   4726 | conf 0.958 | 08:18:48.225
[ALERT] Violence  | frame   4733 | conf 0.999 | 08:18:48.463
[ALERT] Violence  | frame   4738 | conf 0.994 | 08:18:48.663
[ALERT] Violence  | frame   4743 | conf 0.999 | 08:18:48.975
[ALERT] Violence  | frame   4748 | conf 0.889 | 08:18:49.205
[ALERT] Violence  | frame   4753 | conf 0.983 | 08:18:49.399
[ALERT] Violence  | frame   4777 | conf 0.996 | 08:18:50.276
[ALERT] Violence  | frame   4785 | conf 0.995 | 08:18:50.525
[ALERT] Violence  | frame   4790 | conf 0.994 | 08:18:50.726
[ALERT] Violence  | frame   4796 | conf 0.987 | 08:18:50.919
[ALERT] Violence  | frame   4803 | conf 0.996 | 08:18:51.233
[ALERT] Violence  | frame   4807 | conf 0.967 | 08:18:51.479
[ALERT] Violence  | frame   4812 | conf 0.995 | 08:18:51.727
[ALERT] Violence  | frame   4821 | conf 0.996 | 08:18:51.999
[ALERT] Violence  | frame   4826 | conf 0.979 | 08:18:52.201
[ALERT] Violence  | frame   4835 | conf 0.990 | 08:18:52.399
[ALERT] Violence  | frame   4840 | conf 0.984 | 08:18:52.651
[ALERT] Violence  | frame   4845 | conf 0.996 | 08:18:52.853
[ALERT] Violence  | frame   4851 | conf 0.969 | 08:18:53.067
[ALERT] Violence  | frame   4856 | conf 0.955 | 08:18:53.320
[ALERT] Violence  | frame   4862 | conf 0.949 | 08:18:53.511
[ALERT] Violence  | frame   4914 | conf 0.934 | 08:18:55.592
[ALERT] Violence  | frame   4918 | conf 0.996 | 08:18:55.810
[ALERT] Violence  | frame   4923 | conf 0.999 | 08:18:55.999
[ALERT] Violence  | frame   4929 | conf 0.911 | 08:18:56.175
[ALERT] Violence  | frame   4936 | conf 0.980 | 08:18:56.545
[ALERT] Violence  | frame   4939 | conf 0.946 | 08:18:56.752
[ALERT] Violence  | frame   4974 | conf 0.999 | 08:18:57.941
[ALERT] Violence  | frame   4980 | conf 1.000 | 08:18:58.246
[ALERT] Violence  | frame   4988 | conf 1.000 | 08:18:58.467
[ALERT] Violence  | frame   4992 | conf 0.998 | 08:18:58.679
[ALERT] Violence  | frame   4998 | conf 1.000 | 08:18:58.863
[ALERT] Violence  | frame   5004 | conf 1.000 | 08:18:59.178
[ALERT] Violence  | frame   5009 | conf 0.998 | 08:18:59.457
[ALERT] Violence  | frame   5013 | conf 0.995 | 08:18:59.646
[ALERT] Violence  | frame   5021 | conf 0.999 | 08:18:59.876
[ALERT] Violence  | frame   5028 | conf 1.000 | 08:19:00.061
[ALERT] FIRE       | frame   5258 | objects 2 | 08:19:08.764
[ALERT] FIRE       | frame   5262 | objects 1 | 08:19:09.032
[ALERT] FIRE       | frame   5267 | objects 2 | 08:19:09.236
[ALERT] FIRE       | frame   5276 | objects 1 | 08:19:09.437
[ALERT] FIRE       | frame   5283 | objects 1 | 08:19:09.664
[ALERT] FIRE       | frame   5286 | objects 1 | 08:19:09.825
[ALERT] FIRE       | frame   5292 | objects 1 | 08:19:09.989
[ALERT] FIRE       | frame   5298 | objects 1 | 08:19:10.256
[ALERT] FIRE       | frame   5301 | objects 1 | 08:19:10.556
[ALERT] Violence  | frame   5305 | conf 0.920 | 08:19:10.805
[ALERT] FIRE       | frame   5305 | objects 1 | 08:19:10.805
[ALERT] FIRE       | frame   5313 | objects 1 | 08:19:10.978
[ALERT] FIRE       | frame   5320 | objects 1 | 08:19:11.155
[ALERT] FIRE       | frame   5331 | objects 1 | 08:19:11.450
[ALERT] FIRE       | frame   5332 | objects 1 | 08:19:11.708
[ALERT] Violence  | frame   5334 | conf 0.885 | 08:19:11.919
[ALERT] FIRE       | frame   5334 | objects 1 | 08:19:11.919
[ALERT] Violence  | frame   5522 | conf 0.989 | 08:19:19.007
[ALERT] Violence  | frame   5530 | conf 0.983 | 08:19:19.256
[ALERT] Violence  | frame   5534 | conf 0.996 | 08:19:19.420
[ALERT] Violence  | frame   5541 | conf 0.998 | 08:19:19.584
[ALERT] Violence  | frame   5548 | conf 0.983 | 08:19:19.775
[ALERT] Violence  | frame   5551 | conf 0.983 | 08:19:19.933
[ALERT] Violence  | frame   5556 | conf 0.989 | 08:19:20.121
[ALERT] Violence  | frame   5562 | conf 0.992 | 08:19:20.321
[ALERT] Violence  | frame   5567 | conf 0.991 | 08:19:20.573
[ALERT] Violence  | frame   5570 | conf 0.999 | 08:19:20.814
[ALERT] Violence  | frame   5578 | conf 0.984 | 08:19:21.022
[ALERT] Violence  | frame   5582 | conf 0.994 | 08:19:21.200
[ALERT] Violence  | frame   5588 | conf 0.900 | 08:19:21.362
[ALERT] FIRE       | frame   5596 | objects 1 | 08:19:21.535
[ALERT] FIRE       | frame   5601 | objects 1 | 08:19:21.754
[ALERT] Littering | frame   5603 | objects 2 | 08:19:21.928
[ALERT] FIRE       | frame   5603 | objects 1 | 08:19:21.928
[ALERT] FIRE       | frame   5611 | objects 1 | 08:19:22.120
[ALERT] FIRE       | frame   5613 | objects 1 | 08:19:22.284
[ALERT] FIRE       | frame   5618 | objects 1 | 08:19:22.446
[ALERT] FIRE       | frame   5624 | objects 1 | 08:19:22.662
[ALERT] FIRE       | frame   5631 | objects 1 | 08:19:23.026
[ALERT] FIRE       | frame   5636 | objects 1 | 08:19:23.247
[ALERT] Violence  | frame   5994 | conf 0.996 | 08:19:38.334
[ALERT] Littering | frame   5994 | objects 7 | 08:19:38.334
[ALERT] Violence  | frame   6000 | conf 0.994 | 08:19:38.539
[ALERT] Littering | frame   6000 | objects 2 | 08:19:38.539
[ALERT] Violence  | frame   6008 | conf 0.996 | 08:19:38.826
[ALERT] Littering | frame   6008 | objects 6 | 08:19:38.826
[ALERT] Violence  | frame   6015 | conf 0.995 | 08:19:39.062
[ALERT] FIRE       | frame   6015 | objects 1 | 08:19:39.062
[ALERT] Violence  | frame   6020 | conf 0.986 | 08:19:39.287
[ALERT] FIRE       | frame   6020 | objects 1 | 08:19:39.287
[ALERT] Violence  | frame   6024 | conf 0.980 | 08:19:39.672
[ALERT] FIRE       | frame   6024 | objects 1 | 08:19:39.672
[ALERT] Violence  | frame   6030 | conf 0.997 | 08:19:39.917
[ALERT] FIRE       | frame   6030 | objects 1 | 08:19:39.917
[ALERT] Littering | frame   6065 | objects 9 | 08:19:41.330
[ALERT] Violence  | frame   6095 | conf 0.998 | 08:19:42.542
[ALERT] Violence  | frame   6099 | conf 0.999 | 08:19:42.906
[ALERT] Violence  | frame   6105 | conf 0.973 | 08:19:43.140
[ALERT] Violence  | frame   6110 | conf 0.996 | 08:19:43.345
[ALERT] Violence  | frame   6119 | conf 0.972 | 08:19:43.716
[ALERT] FIRE       | frame   6119 | objects 1 | 08:19:43.716
[ALERT] Violence  | frame   6125 | conf 0.997 | 08:19:43.919
[ALERT] FIRE       | frame   6125 | objects 1 | 08:19:43.919
[ALERT] Violence  | frame   6131 | conf 0.991 | 08:19:44.185
[ALERT] Violence  | frame   6138 | conf 0.988 | 08:19:44.509
[ALERT] Violence  | frame   6142 | conf 0.986 | 08:19:44.745
[ALERT] FIRE       | frame   6142 | objects 1 | 08:19:44.745
[ALERT] Violence  | frame   6150 | conf 0.995 | 08:19:44.972
[ALERT] FIRE       | frame   6150 | objects 1 | 08:19:44.972
[ALERT] Violence  | frame   6157 | conf 0.998 | 08:19:45.366
[ALERT] FIRE       | frame   6157 | objects 1 | 08:19:45.366
[ALERT] Violence  | frame   6160 | conf 0.995 | 08:19:45.697
[ALERT] FIRE       | frame   6160 | objects 1 | 08:19:45.697
[ALERT] Violence  | frame   6168 | conf 0.990 | 08:19:45.921
[ALERT] Violence  | frame   6174 | conf 0.996 | 08:19:46.215
[ALERT] Violence  | frame   6180 | conf 0.900 | 08:19:46.481
[ALERT] FIRE       | frame   6180 | objects 1 | 08:19:46.481
[ALERT] Violence  | frame   6185 | conf 0.997 | 08:19:46.711
[ALERT] FIRE       | frame   6185 | objects 1 | 08:19:46.711
[ALERT] FIRE       | frame   6195 | objects 1 | 08:19:47.039
[ALERT] FIRE       | frame   6200 | objects 1 | 08:19:47.284
[ALERT] FIRE       | frame   6210 | objects 1 | 08:19:47.507
[ALERT] Violence  | frame   6214 | conf 0.949 | 08:19:47.808
[ALERT] Violence  | frame   6219 | conf 0.949 | 08:19:48.058
[ALERT] Violence  | frame   6225 | conf 0.978 | 08:19:48.266
[ALERT] Violence  | frame   6230 | conf 0.890 | 08:19:48.680
[ALERT] Violence  | frame   6235 | conf 0.925 | 08:19:48.900
[ALERT] Violence  | frame   6245 | conf 0.962 | 08:19:49.097
[ALERT] Violence  | frame   6250 | conf 0.984 | 08:19:49.473
[ALERT] Violence  | frame   6280 | conf 0.970 | 08:19:50.578
[ALERT] Violence  | frame   6283 | conf 0.902 | 08:19:50.795
[ALERT] Violence  | frame   6292 | conf 0.950 | 08:19:51.217
[ALERT] Violence  | frame   6295 | conf 0.962 | 08:19:51.455
[ALERT] Violence  | frame   6300 | conf 0.994 | 08:19:51.703
[ALERT] Violence  | frame   6326 | conf 0.955 | 08:19:52.093
[ALERT] Violence  | frame   6342 | conf 0.994 | 08:19:53.150
[ALERT] Violence  | frame   6349 | conf 0.982 | 08:19:53.408
[ALERT] Violence  | frame   6354 | conf 0.938 | 08:19:53.780
[ALERT] Violence  | frame   6623 | conf 0.987 | 08:20:04.597
[ALERT] Violence  | frame   6634 | conf 0.963 | 08:20:04.804
[ALERT] Violence  | frame   6640 | conf 0.978 | 08:20:05.001
[ALERT] Violence  | frame   6643 | conf 0.974 | 08:20:05.218
[ALERT] Violence  | frame   6660 | conf 0.992 | 08:20:05.524
[ALERT] Violence  | frame   6673 | conf 0.957 | 08:20:05.974
[ALERT] Violence  | frame   6678 | conf 0.923 | 08:20:06.173
[ALERT] Littering | frame   6696 | objects 9 | 08:20:07.282
[ALERT] Littering | frame   6704 | objects 10 | 08:20:07.473
[ALERT] Littering | frame   6713 | objects 9 | 08:20:07.660
[ALERT] Littering | frame   6716 | objects 3 | 08:20:07.845
[ALERT] Littering | frame   6741 | objects 2 | 08:20:09.049
[ALERT] Littering | frame   6815 | objects 2 | 08:20:11.684
[ALERT] Littering | frame   6928 | objects 1 | 08:20:15.841
[ALERT] Littering | frame   6936 | objects 1 | 08:20:16.007
[ALERT] Littering | frame   6978 | objects 4 | 08:20:17.518
[ALERT] Littering | frame   6980 | objects 6 | 08:20:17.744
[ALERT] Littering | frame   7064 | objects 3 | 08:20:20.887
[ALERT] Littering | frame   7071 | objects 4 | 08:20:21.056
[ALERT] Littering | frame   7073 | objects 6 | 08:20:21.248
[ALERT] Littering | frame   7087 | objects 4 | 08:20:21.621
[ALERT] Littering | frame   7089 | objects 6 | 08:20:21.853
[ALERT] Littering | frame   7105 | objects 1 | 08:20:22.611
[ALERT] FIRE       | frame   7313 | objects 1 | 08:20:30.861
[ALERT] FIRE       | frame   7318 | objects 1 | 08:20:31.184
[ALERT] FIRE       | frame   7322 | objects 1 | 08:20:31.506
[ALERT] FIRE       | frame   7333 | objects 1 | 08:20:31.872
[ALERT] FIRE       | frame   7352 | objects 1 | 08:20:32.066
[ALERT] FIRE       | frame   7357 | objects 1 | 08:20:32.266
[ALERT] FIRE       | frame   7370 | objects 1 | 08:20:32.547
[ALERT] FIRE       | frame   7374 | objects 1 | 08:20:32.858
[ALERT] FIRE       | frame   7382 | objects 1 | 08:20:33.107
[ALERT] FIRE       | frame   7387 | objects 1 | 08:20:33.343
[ALERT] FIRE       | frame   7401 | objects 1 | 08:20:34.015
[ALERT] FIRE       | frame   7403 | objects 1 | 08:20:34.447
[ALERT] FIRE       | frame   7407 | objects 1 | 08:20:34.655
[ALERT] FIRE       | frame   7415 | objects 1 | 08:20:34.855
[ALERT] FIRE       | frame   7427 | objects 1 | 08:20:35.150
[ALERT] FIRE       | frame   7431 | objects 1 | 08:20:35.356
[ALERT] FIRE       | frame   7436 | objects 1 | 08:20:35.553
[ALERT] FIRE       | frame   7443 | objects 1 | 08:20:35.809
[ALERT] FIRE       | frame   7451 | objects 1 | 08:20:35.998
[ALERT] Littering | frame   7457 | objects 1 | 08:20:36.188
[ALERT] FIRE       | frame   7457 | objects 1 | 08:20:36.188
[ALERT] FIRE       | frame   7467 | objects 1 | 08:20:36.448
[ALERT] FIRE       | frame   7475 | objects 1 | 08:20:36.638
[ALERT] FIRE       | frame   7477 | objects 1 | 08:20:36.827
[ALERT] FIRE       | frame   7486 | objects 1 | 08:20:37.180
[ALERT] Littering | frame   7510 | objects 3 | 08:20:38.565
[ALERT] Violence  | frame   7546 | conf 0.978 | 08:20:39.882
[ALERT] Violence  | frame   7570 | conf 0.971 | 08:20:40.794
[ALERT] Violence  | frame   7574 | conf 0.964 | 08:20:40.952
[ALERT] Violence  | frame   7580 | conf 0.990 | 08:20:41.172
[ALERT] Violence  | frame   7590 | conf 0.986 | 08:20:41.391
[ALERT] Violence  | frame   7593 | conf 0.984 | 08:20:41.561
[ALERT] Violence  | frame   7599 | conf 0.992 | 08:20:41.731
[ALERT] Violence  | frame   7604 | conf 0.985 | 08:20:41.897
[ALERT] Violence  | frame   7606 | conf 0.992 | 08:20:42.058
[ALERT] Violence  | frame   7610 | conf 0.985 | 08:20:42.248
[ALERT] Violence  | frame   7613 | conf 0.996 | 08:20:42.420
[ALERT] Violence  | frame   7619 | conf 0.995 | 08:20:42.587
[ALERT] Violence  | frame   7626 | conf 0.998 | 08:20:42.785
[ALERT] Violence  | frame   7631 | conf 0.988 | 08:20:42.979
[ALERT] Violence  | frame   7636 | conf 0.993 | 08:20:43.142
[ALERT] Violence  | frame   7638 | conf 0.992 | 08:20:43.330
[ALERT] Violence  | frame   7640 | conf 0.991 | 08:20:43.500
[ALERT] Violence  | frame   7647 | conf 0.994 | 08:20:43.696
[ALERT] Violence  | frame   7651 | conf 0.987 | 08:20:43.972
[ALERT] Violence  | frame   7656 | conf 0.985 | 08:20:44.190
[ALERT] Violence  | frame   7658 | conf 0.981 | 08:20:44.383
[ALERT] Violence  | frame   7668 | conf 0.981 | 08:20:44.686
[ALERT] FIRE       | frame   7946 | objects 1 | 08:20:56.924
[ALERT] FIRE       | frame   7977 | objects 1 | 08:20:58.610
[ALERT] FIRE       | frame   7985 | objects 1 | 08:20:58.850
[ALERT] FIRE       | frame   7991 | objects 1 | 08:20:59.074
[ALERT] FIRE       | frame   7998 | objects 1 | 08:20:59.381
[ALERT] Violence  | frame   8064 | conf 0.907 | 08:21:02.487
[ALERT] Violence  | frame   8070 | conf 0.917 | 08:21:02.704
[ALERT] Littering | frame   8097 | objects 4 | 08:21:03.908
[ALERT] Littering | frame   8140 | objects 10 | 08:21:05.797
[ALERT] Littering | frame   8147 | objects 15 | 08:21:06.069
[ALERT] Littering | frame   8154 | objects 10 | 08:21:06.273
[ALERT] Littering | frame   8159 | objects 12 | 08:21:06.599
[ALERT] Littering | frame   8164 | objects 10 | 08:21:06.931
[ALERT] Littering | frame   8170 | objects 10 | 08:21:07.131
[ALERT] Littering | frame   8178 | objects 9 | 08:21:07.326
[ALERT] Littering | frame   8186 | objects 10 | 08:21:07.562
[ALERT] Littering | frame   8191 | objects 9 | 08:21:07.758
[ALERT] Littering | frame   8195 | objects 10 | 08:21:07.953
[ALERT] Violence  | frame   8216 | conf 0.940 | 08:21:09.021
[ALERT] Violence  | frame   8221 | conf 0.956 | 08:21:09.256
[ALERT] Violence  | frame   8226 | conf 0.998 | 08:21:09.488
[ALERT] Violence  | frame   8236 | conf 0.995 | 08:21:09.779
[ALERT] Violence  | frame   8251 | conf 0.995 | 08:21:10.084
[ALERT] Violence  | frame   8253 | conf 0.997 | 08:21:10.318
[ALERT] Littering | frame   8253 | objects 8 | 08:21:10.318
[ALERT] Violence  | frame   8259 | conf 0.998 | 08:21:10.554
[ALERT] Littering | frame   8259 | objects 8 | 08:21:10.554
[ALERT] Violence  | frame   8261 | conf 0.992 | 08:21:10.734
[ALERT] Littering | frame   8261 | objects 5 | 08:21:10.734
[ALERT] Violence  | frame   8266 | conf 0.990 | 08:21:10.901
[ALERT] Littering | frame   8266 | objects 3 | 08:21:10.901
[ALERT] Violence  | frame   8271 | conf 0.982 | 08:21:11.085
[ALERT] Littering | frame   8271 | objects 1 | 08:21:11.085
[ALERT] Violence  | frame   8276 | conf 0.997 | 08:21:11.350
[ALERT] Littering | frame   8276 | objects 6 | 08:21:11.350
[ALERT] Violence  | frame   8280 | conf 0.996 | 08:21:11.569
[ALERT] Littering | frame   8280 | objects 6 | 08:21:11.569
[ALERT] Violence  | frame   8286 | conf 0.990 | 08:21:11.880
[ALERT] Littering | frame   8286 | objects 6 | 08:21:11.880
[ALERT] Littering | frame   8295 | objects 19 | 08:21:12.095
[ALERT] Littering | frame   8299 | objects 19 | 08:21:12.319
[ALERT] Littering | frame   8305 | objects 12 | 08:21:12.694
[ALERT] Littering | frame   8311 | objects 15 | 08:21:12.918
[ALERT] Littering | frame   8313 | objects 17 | 08:21:13.153
[ALERT] Littering | frame   8321 | objects 19 | 08:21:13.517
[ALERT] Littering | frame   8327 | objects 10 | 08:21:13.780
[ALERT] Littering | frame   8331 | objects 10 | 08:21:14.107
[ALERT] Littering | frame   8335 | objects 9 | 08:21:14.427
[ALERT] Littering | frame   8341 | objects 9 | 08:21:14.651
[ALERT] Littering | frame   8348 | objects 8 | 08:21:14.860
[ALERT] Littering | frame   8357 | objects 10 | 08:21:15.119
[ALERT] Littering | frame   8361 | objects 9 | 08:21:15.317
[ALERT] Violence  | frame   8365 | conf 0.939 | 08:21:15.530
[ALERT] Littering | frame   8365 | objects 8 | 08:21:15.530
[ALERT] Littering | frame   8370 | objects 6 | 08:21:15.751
[ALERT] Littering | frame   8382 | objects 6 | 08:21:15.941
[ALERT] Littering | frame   8387 | objects 7 | 08:21:16.144
[ALERT] Littering | frame   8388 | objects 9 | 08:21:16.371
[ALERT] Littering | frame   8390 | objects 1 | 08:21:16.565
[ALERT] Littering | frame   8406 | objects 9 | 08:21:17.061
[ALERT] Littering | frame   8410 | objects 5 | 08:21:17.232
[ALERT] Littering | frame   8414 | objects 5 | 08:21:17.392
[ALERT] Littering | frame   8419 | objects 4 | 08:21:17.584
[ALERT] Littering | frame   8424 | objects 4 | 08:21:17.761
[ALERT] Littering | frame   8437 | objects 9 | 08:21:18.271
[ALERT] Littering | frame   8441 | objects 2 | 08:21:18.432
[ALERT] Littering | frame   8445 | objects 2 | 08:21:18.619
[ALERT] Littering | frame   8450 | objects 9 | 08:21:18.788
[ALERT] Littering | frame   8454 | objects 10 | 08:21:18.957
[ALERT] Littering | frame   8459 | objects 6 | 08:21:19.141
[ALERT] Littering | frame   8484 | objects 9 | 08:21:20.141
[ALERT] Littering | frame   8490 | objects 8 | 08:21:20.297
[ALERT] Littering | frame   8494 | objects 8 | 08:21:20.459
[ALERT] Littering | frame   8499 | objects 8 | 08:21:20.635
[ALERT] Littering | frame   8503 | objects 8 | 08:21:20.797
[ALERT] Littering | frame   8507 | objects 8 | 08:21:20.961
[ALERT] Littering | frame   8512 | objects 10 | 08:21:21.134
[ALERT] Littering | frame   8525 | objects 8 | 08:21:21.691
[ALERT] Littering | frame   8530 | objects 9 | 08:21:21.924
[ALERT] Littering | frame   8544 | objects 5 | 08:21:22.556
[ALERT] Littering | frame   8548 | objects 9 | 08:21:22.722
[ALERT] Littering | frame   8555 | objects 10 | 08:21:23.012
[ALERT] Violence  | frame   8575 | conf 0.932 | 08:21:23.609
[ALERT] Violence  | frame   8576 | conf 0.927 | 08:21:23.796
[ALERT] Violence  | frame   8579 | conf 0.980 | 08:21:23.979
[ALERT] Violence  | frame   8589 | conf 0.998 | 08:21:24.190
[ALERT] Violence  | frame   8596 | conf 0.992 | 08:21:24.373
[ALERT] Violence  | frame   8599 | conf 0.994 | 08:21:24.543
[ALERT] Violence  | frame   8601 | conf 0.991 | 08:21:24.765
[ALERT] Violence  | frame   8605 | conf 0.991 | 08:21:24.950
[ALERT] Violence  | frame   8613 | conf 0.990 | 08:21:25.127
[ALERT] Violence  | frame   8618 | conf 0.996 | 08:21:25.351
[ALERT] Violence  | frame   8622 | conf 0.993 | 08:21:25.548
[ALERT] Violence  | frame   8628 | conf 0.994 | 08:21:25.730
[ALERT] Violence  | frame   8632 | conf 0.957 | 08:21:25.952
[ALERT] Violence  | frame   8638 | conf 0.983 | 08:21:26.145
[ALERT] Violence  | frame   8642 | conf 0.973 | 08:21:26.340
[ALERT] Violence  | frame   8650 | conf 0.991 | 08:21:26.623
[ALERT] Violence  | frame   8652 | conf 0.990 | 08:21:26.824
[ALERT] Violence  | frame   8658 | conf 0.989 | 08:21:27.038
[ALERT] Violence  | frame   8664 | conf 0.995 | 08:21:27.242
[ALERT] Violence  | frame   8669 | conf 0.977 | 08:21:27.429
[ALERT] Violence  | frame   8674 | conf 0.973 | 08:21:27.604
[ALERT] Violence  | frame   8679 | conf 0.978 | 08:21:27.816
[ALERT] Violence  | frame   8683 | conf 0.974 | 08:21:27.993
[ALERT] Violence  | frame   8687 | conf 0.978 | 08:21:28.151
[ALERT] Violence  | frame   8692 | conf 0.951 | 08:21:28.323
[ALERT] Violence  | frame   8698 | conf 0.987 | 08:21:28.488
[ALERT] Violence  | frame   8701 | conf 0.982 | 08:21:28.656
[ALERT] Violence  | frame   8704 | conf 0.931 | 08:21:28.900
[ALERT] Violence  | frame   8709 | conf 0.978 | 08:21:29.100
[ALERT] Violence  | frame   8714 | conf 0.995 | 08:21:29.271
[ALERT] Violence  | frame   8721 | conf 0.963 | 08:21:29.448
[ALERT] Violence  | frame   8726 | conf 0.969 | 08:21:29.609
[ALERT] Violence  | frame   8730 | conf 0.898 | 08:21:29.772
[ALERT] Violence  | frame   8736 | conf 0.898 | 08:21:29.946
[ALERT] Violence  | frame   8739 | conf 0.938 | 08:21:30.110
[ALERT] Violence  | frame   8744 | conf 0.974 | 08:21:30.275
[ALERT] Violence  | frame   8749 | conf 0.957 | 08:21:30.449
[ALERT] Violence  | frame   8754 | conf 0.936 | 08:21:30.610
[ALERT] Violence  | frame   8759 | conf 0.975 | 08:21:30.774
[ALERT] Violence  | frame   8767 | conf 0.906 | 08:21:30.948
[ALERT] Violence  | frame   8769 | conf 0.903 | 08:21:31.105
[ALERT] Violence  | frame   8786 | conf 0.937 | 08:21:31.765
[ALERT] Violence  | frame   8792 | conf 0.937 | 08:21:31.942
[ALERT] Violence  | frame   8795 | conf 0.952 | 08:21:32.101
[ALERT] Violence  | frame   8813 | conf 0.905 | 08:21:32.762
[ALERT] Violence  | frame   8817 | conf 0.927 | 08:21:32.926
[ALERT] Violence  | frame   8827 | conf 0.946 | 08:21:33.101
[ALERT] Violence  | frame   8855 | conf 0.889 | 08:21:34.350
[ALERT] Violence  | frame   8873 | conf 0.936 | 08:21:35.187
[ALERT] Violence  | frame   8880 | conf 0.986 | 08:21:35.448
[ALERT] Violence  | frame   8885 | conf 0.968 | 08:21:35.673
[ALERT] Violence  | frame   8889 | conf 0.965 | 08:21:35.876
[ALERT] Violence  | frame   8895 | conf 0.940 | 08:21:36.142
[ALERT] Violence  | frame   8901 | conf 0.916 | 08:21:36.347
[ALERT] Violence  | frame   8939 | conf 0.947 | 08:21:37.822
[ALERT] Violence  | frame   8945 | conf 0.957 | 08:21:38.058
[ALERT] Violence  | frame   8949 | conf 0.946 | 08:21:38.249
[ALERT] Littering | frame   8949 | objects 9 | 08:21:38.249
[ALERT] Violence  | frame   8956 | conf 0.903 | 08:21:38.436
[ALERT] Littering | frame   8956 | objects 10 | 08:21:38.436
[ALERT] Violence  | frame   8961 | conf 0.947 | 08:21:38.666
[ALERT] Littering | frame   8961 | objects 10 | 08:21:38.666
[ALERT] Littering | frame   8965 | objects 10 | 08:21:38.851
[ALERT] Littering | frame   8970 | objects 8 | 08:21:39.043
[ALERT] Littering | frame   8985 | objects 1 | 08:21:39.706
[ALERT] Littering | frame   8993 | objects 9 | 08:21:39.904
[ALERT] Littering | frame   8997 | objects 5 | 08:21:40.088
[ALERT] Littering | frame   9002 | objects 8 | 08:21:40.300
[ALERT] Littering | frame   9006 | objects 7 | 08:21:40.572
[ALERT] Littering | frame   9011 | objects 5 | 08:21:40.738
[ALERT] Littering | frame   9016 | objects 9 | 08:21:40.897
[ALERT] Littering | frame   9024 | objects 2 | 08:21:41.092
[ALERT] Littering | frame   9026 | objects 2 | 08:21:41.257
[ALERT] Littering | frame   9031 | objects 1 | 08:21:41.482
[ALERT] Littering | frame   9035 | objects 8 | 08:21:41.726
[ALERT] Violence  | frame  13270 | conf 0.973 | 08:24:14.798
[ALERT] Violence  | frame  13275 | conf 0.988 | 08:24:14.958
[ALERT] Violence  | frame  13279 | conf 0.983 | 08:24:15.122
[ALERT] Violence  | frame  13284 | conf 0.915 | 08:24:15.281
[ALERT] Violence  | frame  13309 | conf 0.975 | 08:24:16.220
[ALERT] Violence  | frame  13314 | conf 0.913 | 08:24:16.375
[ALERT] Violence  | frame  13355 | conf 0.888 | 08:24:17.840
[ALERT] Littering | frame  13408 | objects 10 | 08:24:19.819
[ALERT] Violence  | frame  14521 | conf 0.925 | 08:25:03.713
[ALERT] Violence  | frame  14526 | conf 0.924 | 08:25:03.896
[ALERT] Violence  | frame  14559 | conf 0.983 | 08:25:05.217
[ALERT] Violence  | frame  14565 | conf 0.990 | 08:25:05.453
[ALERT] Violence  | frame  14572 | conf 0.968 | 08:25:05.649
[ALERT] Violence  | frame  14607 | conf 0.998 | 08:25:06.827
[ALERT] Violence  | frame  14611 | conf 0.988 | 08:25:07.015
[ALERT] Violence  | frame  14633 | conf 0.962 | 08:25:07.822
[ALERT] Violence  | frame  14635 | conf 0.991 | 08:25:08.015
[ALERT] Violence  | frame  14640 | conf 0.997 | 08:25:08.194
[ALERT] Violence  | frame  14645 | conf 1.000 | 08:25:08.427
[ALERT] Violence  | frame  14651 | conf 0.990 | 08:25:08.627
[ALERT] Violence  | frame  14655 | conf 0.992 | 08:25:08.797
[ALERT] Violence  | frame  14662 | conf 1.000 | 08:25:09.027
[ALERT] Violence  | frame  14668 | conf 0.999 | 08:25:09.212
[ALERT] Violence  | frame  14673 | conf 0.997 | 08:25:09.390
[ALERT] Violence  | frame  14680 | conf 1.000 | 08:25:09.649
[ALERT] Violence  | frame  14683 | conf 0.965 | 08:25:09.859
[ALERT] Violence  | frame  14691 | conf 0.997 | 08:25:10.086
[ALERT] Violence  | frame  14696 | conf 0.984 | 08:25:10.332
[ALERT] Violence  | frame  14733 | conf 0.954 | 08:25:11.643
[ALERT] Violence  | frame  14738 | conf 0.982 | 08:25:11.857
[ALERT] Violence  | frame  14746 | conf 0.991 | 08:25:12.054
[ALERT] Violence  | frame  14747 | conf 0.963 | 08:25:12.264
[ALERT] Violence  | frame  14753 | conf 0.957 | 08:25:12.500
[ALERT] Violence  | frame  14759 | conf 0.994 | 08:25:12.688
[ALERT] Violence  | frame  14763 | conf 0.982 | 08:25:12.881
[ALERT] Violence  | frame  14771 | conf 0.978 | 08:25:13.111
[ALERT] Violence  | frame  14775 | conf 0.951 | 08:25:13.297
[ALERT] Violence  | frame  14779 | conf 0.978 | 08:25:13.481
[ALERT] Violence  | frame  14785 | conf 0.929 | 08:25:13.735
[ALERT] Violence  | frame  14791 | conf 0.915 | 08:25:13.916
[ALERT] Violence  | frame  14796 | conf 0.952 | 08:25:14.082
[ALERT] Violence  | frame  14800 | conf 0.976 | 08:25:14.280
[ALERT] Violence  | frame  14805 | conf 0.905 | 08:25:14.462
[ALERT] Violence  | frame  14830 | conf 0.969 | 08:25:15.225
[ALERT] Violence  | frame  14851 | conf 0.928 | 08:25:16.141
[ALERT] Violence  | frame  14896 | conf 0.902 | 08:25:17.530
[ALERT] Violence  | frame  14898 | conf 0.903 | 08:25:17.684
[ALERT] Violence  | frame  14903 | conf 0.961 | 08:25:17.842
[ALERT] Violence  | frame  14910 | conf 0.981 | 08:25:18.034
[ALERT] Violence  | frame  14913 | conf 0.955 | 08:25:18.212
[ALERT] Violence  | frame  14923 | conf 0.934 | 08:25:18.486
[ALERT] Violence  | frame  14926 | conf 0.981 | 08:25:18.647
[ALERT] Violence  | frame  14927 | conf 0.987 | 08:25:18.802
[ALERT] Violence  | frame  14930 | conf 0.980 | 08:25:18.964
[ALERT] Violence  | frame  14935 | conf 0.971 | 08:25:19.132
[ALERT] Violence  | frame  14937 | conf 0.949 | 08:25:19.293
[ALERT] Violence  | frame  14946 | conf 0.961 | 08:25:19.509
[ALERT] Violence  | frame  14948 | conf 0.995 | 08:25:19.696
[ALERT] Violence  | frame  14955 | conf 0.959 | 08:25:19.876
[ALERT] Violence  | frame  14958 | conf 0.962 | 08:25:20.070
[ALERT] Violence  | frame  14966 | conf 0.904 | 08:25:20.262
[ALERT] Violence  | frame  14968 | conf 0.986 | 08:25:20.441
[ALERT] Violence  | frame  14972 | conf 0.994 | 08:25:20.630
[ALERT] Violence  | frame  14981 | conf 0.952 | 08:25:20.849
[ALERT] Violence  | frame  14982 | conf 0.972 | 08:25:21.032
[ALERT] Violence  | frame  14989 | conf 0.926 | 08:25:21.212
[ALERT] Violence  | frame  14995 | conf 0.967 | 08:25:21.432
[ALERT] Violence  | frame  14997 | conf 0.892 | 08:25:21.627
[ALERT] Violence  | frame  15005 | conf 0.984 | 08:25:21.811
[ALERT] Violence  | frame  15026 | conf 0.929 | 08:25:22.649
[ALERT] Violence  | frame  15044 | conf 0.972 | 08:25:23.419
[ALERT] Violence  | frame  15049 | conf 0.905 | 08:25:23.588
[ALERT] Violence  | frame  15108 | conf 0.937 | 08:25:25.821
[ALERT] Violence  | frame  15130 | conf 0.957 | 08:25:26.666
[ALERT] Violence  | frame  15135 | conf 0.954 | 08:25:26.942
[ALERT] Violence  | frame  15161 | conf 0.969 | 08:25:27.793
[ALERT] Violence  | frame  15166 | conf 0.995 | 08:25:28.160
[ALERT] Violence  | frame  15172 | conf 0.908 | 08:25:28.380
[ALERT] Violence  | frame  15178 | conf 0.987 | 08:25:28.585
[ALERT] Violence  | frame  15188 | conf 0.976 | 08:25:28.776
[ALERT] Violence  | frame  15196 | conf 0.951 | 08:25:28.984
[ALERT] Violence  | frame  15201 | conf 0.993 | 08:25:29.169
[ALERT] Violence  | frame  15205 | conf 0.995 | 08:25:29.350
[ALERT] Violence  | frame  15211 | conf 0.998 | 08:25:29.545
[ALERT] Violence  | frame  15215 | conf 0.996 | 08:25:29.731
[ALERT] Violence  | frame  15220 | conf 0.995 | 08:25:29.919
[ALERT] Violence  | frame  15225 | conf 0.998 | 08:25:30.107
[ALERT] Violence  | frame  15230 | conf 0.995 | 08:25:30.295
[ALERT] Violence  | frame  15236 | conf 0.995 | 08:25:30.474
[ALERT] Violence  | frame  15241 | conf 0.998 | 08:25:30.664
[ALERT] Violence  | frame  15246 | conf 0.993 | 08:25:30.860
[ALERT] Violence  | frame  15252 | conf 0.997 | 08:25:31.084
[ALERT] Violence  | frame  15257 | conf 0.997 | 08:25:31.322
[ALERT] Violence  | frame  15262 | conf 0.996 | 08:25:31.514
[ALERT] Violence  | frame  15269 | conf 0.999 | 08:25:31.723
[ALERT] Violence  | frame  15276 | conf 0.997 | 08:25:31.944
[ALERT] Violence  | frame  15281 | conf 0.999 | 08:25:32.131
[ALERT] Violence  | frame  15287 | conf 0.995 | 08:25:32.357
[ALERT] Violence  | frame  15297 | conf 0.998 | 08:25:32.554
[ALERT] Violence  | frame  15300 | conf 0.998 | 08:25:32.747
[ALERT] Violence  | frame  15305 | conf 0.998 | 08:25:33.045
[ALERT] Violence  | frame  15313 | conf 0.984 | 08:25:33.264
[ALERT] Violence  | frame  15317 | conf 0.990 | 08:25:33.467
[ALERT] Violence  | frame  15328 | conf 0.937 | 08:25:33.668
[ALERT] Violence  | frame  15334 | conf 0.988 | 08:25:33.853
[ALERT] Violence  | frame  15340 | conf 0.972 | 08:25:34.124
[ALERT] Violence  | frame  15343 | conf 0.995 | 08:25:34.286
[ALERT] Violence  | frame  15348 | conf 0.991 | 08:25:34.514
[ALERT] Violence  | frame  15356 | conf 0.994 | 08:25:34.736
[ALERT] Violence  | frame  15361 | conf 0.987 | 08:25:34.957
[ALERT] Violence  | frame  15367 | conf 0.998 | 08:25:35.173
[ALERT] Violence  | frame  15373 | conf 0.996 | 08:25:35.373
[ALERT] Violence  | frame  15380 | conf 0.982 | 08:25:35.574
[ALERT] Violence  | frame  15388 | conf 0.995 | 08:25:35.786
[ALERT] Violence  | frame  15393 | conf 0.953 | 08:25:36.024
[ALERT] Violence  | frame  15397 | conf 0.916 | 08:25:36.218
[ALERT] Violence  | frame  15406 | conf 0.993 | 08:25:36.453
[ALERT] Violence  | frame  15411 | conf 0.964 | 08:25:36.641
[ALERT] Violence  | frame  15421 | conf 0.954 | 08:25:36.807
[ALERT] Violence  | frame  15423 | conf 0.982 | 08:25:37.042
[ALERT] Violence  | frame  15425 | conf 0.943 | 08:25:37.388
[ALERT] Violence  | frame  15430 | conf 0.994 | 08:25:37.590
[ALERT] Violence  | frame  15437 | conf 0.955 | 08:25:37.795
[ALERT] Violence  | frame  15447 | conf 0.996 | 08:25:37.999
[ALERT] Violence  | frame  15458 | conf 0.990 | 08:25:38.187
[ALERT] Violence  | frame  15459 | conf 0.995 | 08:25:38.381
[ALERT] Violence  | frame  15464 | conf 1.000 | 08:25:38.565
[ALERT] Violence  | frame  15469 | conf 0.997 | 08:25:38.743
[ALERT] Violence  | frame  15473 | conf 0.997 | 08:25:38.951
[ALERT] Violence  | frame  15477 | conf 0.997 | 08:25:39.131
[ALERT] Violence  | frame  15484 | conf 0.998 | 08:25:39.310
[ALERT] Violence  | frame  15494 | conf 0.998 | 08:25:39.510
[ALERT] Violence  | frame  15498 | conf 0.997 | 08:25:39.691
[ALERT] Violence  | frame  15500 | conf 0.998 | 08:25:39.878
[ALERT] Violence  | frame  15503 | conf 0.998 | 08:25:40.066
[ALERT] Violence  | frame  15509 | conf 0.996 | 08:25:40.278
[ALERT] Violence  | frame  15514 | conf 1.000 | 08:25:40.524
[ALERT] Violence  | frame  15522 | conf 0.955 | 08:25:40.729
[ALERT] Violence  | frame  15524 | conf 0.997 | 08:25:40.908
[ALERT] Violence  | frame  15539 | conf 0.999 | 08:25:41.085
[ALERT] Violence  | frame  15541 | conf 0.998 | 08:25:41.272
[ALERT] Violence  | frame  15542 | conf 0.999 | 08:25:41.428
[ALERT] Violence  | frame  15546 | conf 0.994 | 08:25:41.592
[ALERT] Violence  | frame  15552 | conf 1.000 | 08:25:41.785
[ALERT] Violence  | frame  15563 | conf 0.997 | 08:25:41.964
[ALERT] Violence  | frame  15566 | conf 0.998 | 08:25:42.128
[ALERT] Violence  | frame  15568 | conf 0.998 | 08:25:42.291
[ALERT] Violence  | frame  15570 | conf 0.945 | 08:25:42.451
[ALERT] Violence  | frame  15579 | conf 0.987 | 08:25:42.619
[ALERT] Violence  | frame  15585 | conf 0.994 | 08:25:42.813
[ALERT] Violence  | frame  15588 | conf 0.999 | 08:25:42.998
[ALERT] Violence  | frame  15591 | conf 0.998 | 08:25:43.213
[ALERT] Violence  | frame  15594 | conf 0.993 | 08:25:43.406
[ALERT] Violence  | frame  15598 | conf 0.982 | 08:25:43.604
[ALERT] Violence  | frame  15605 | conf 0.990 | 08:25:43.799
[ALERT] Violence  | frame  15611 | conf 0.992 | 08:25:44.036
[ALERT] Violence  | frame  15616 | conf 0.998 | 08:25:44.239
[ALERT] Violence  | frame  15621 | conf 0.998 | 08:25:44.434
[ALERT] Violence  | frame  15630 | conf 0.998 | 08:25:44.620
[ALERT] Violence  | frame  15632 | conf 0.984 | 08:25:44.803
[ALERT] Violence  | frame  15637 | conf 0.973 | 08:25:45.002
[ALERT] Violence  | frame  15647 | conf 0.995 | 08:25:45.208
[ALERT] Violence  | frame  15649 | conf 0.997 | 08:25:45.394
[ALERT] Violence  | frame  15654 | conf 0.995 | 08:25:45.575
[ALERT] Violence  | frame  15660 | conf 0.996 | 08:25:45.776
[ALERT] Violence  | frame  15662 | conf 0.994 | 08:25:45.961
[ALERT] Violence  | frame  15667 | conf 0.985 | 08:25:46.154
[ALERT] Violence  | frame  15674 | conf 0.961 | 08:25:46.344
[ALERT] Violence  | frame  15682 | conf 0.980 | 08:25:46.526
[ALERT] Violence  | frame  15683 | conf 0.998 | 08:25:46.714
[ALERT] Violence  | frame  15690 | conf 0.989 | 08:25:46.910
[ALERT] Violence  | frame  15693 | conf 0.996 | 08:25:47.129
[ALERT] Violence  | frame  15697 | conf 0.996 | 08:25:47.308
[ALERT] Violence  | frame  15704 | conf 0.996 | 08:25:47.461
[ALERT] Violence  | frame  15709 | conf 0.995 | 08:25:47.632
[ALERT] Violence  | frame  15714 | conf 0.990 | 08:25:47.802
[ALERT] Violence  | frame  15718 | conf 0.991 | 08:25:47.963
[ALERT] Violence  | frame  15722 | conf 0.996 | 08:25:48.153
[ALERT] Violence  | frame  15737 | conf 0.998 | 08:25:48.367
[ALERT] Violence  | frame  15745 | conf 0.998 | 08:25:48.689
[ALERT] Violence  | frame  15747 | conf 0.999 | 08:25:48.938
[ALERT] Violence  | frame  15749 | conf 0.998 | 08:25:49.141
[ALERT] Violence  | frame  15751 | conf 0.990 | 08:25:49.342
[ALERT] Violence  | frame  15758 | conf 0.996 | 08:25:49.610
[ALERT] Violence  | frame  15764 | conf 0.995 | 08:25:49.815
[ALERT] Violence  | frame  15771 | conf 0.961 | 08:25:50.014
[ALERT] Violence  | frame  15776 | conf 0.989 | 08:25:50.260
[ALERT] Violence  | frame  15781 | conf 0.958 | 08:25:50.459
[ALERT] Violence  | frame  15787 | conf 0.970 | 08:25:50.652
[ALERT] Violence  | frame  15794 | conf 0.996 | 08:25:50.812
[ALERT] Violence  | frame  15801 | conf 0.998 | 08:25:50.993
[ALERT] Violence  | frame  15807 | conf 0.999 | 08:25:51.181
[ALERT] Violence  | frame  15811 | conf 0.997 | 08:25:51.373
[ALERT] Violence  | frame  15816 | conf 0.999 | 08:25:51.558
[ALERT] Violence  | frame  15819 | conf 0.999 | 08:25:51.740
[ALERT] Violence  | frame  15825 | conf 1.000 | 08:25:51.950
[ALERT] Violence  | frame  15830 | conf 0.998 | 08:25:52.130
[ALERT] Violence  | frame  15834 | conf 0.997 | 08:25:52.297
[ALERT] Violence  | frame  15841 | conf 1.000 | 08:25:52.494
[ALERT] Violence  | frame  15843 | conf 0.996 | 08:25:52.675
[ALERT] Violence  | frame  15849 | conf 0.999 | 08:25:52.857
[ALERT] Violence  | frame  15857 | conf 0.995 | 08:25:53.094
[ALERT] Violence  | frame  15861 | conf 0.999 | 08:25:53.326
[ALERT] Violence  | frame  15867 | conf 0.998 | 08:25:53.528
[ALERT] Violence  | frame  15869 | conf 0.997 | 08:25:53.761
[ALERT] Violence  | frame  15876 | conf 0.998 | 08:25:53.964
[ALERT] Violence  | frame  15881 | conf 0.995 | 08:25:54.168
[ALERT] Violence  | frame  15888 | conf 0.993 | 08:25:54.410
[ALERT] Violence  | frame  15891 | conf 0.996 | 08:25:54.623
[ALERT] Violence  | frame  15901 | conf 0.997 | 08:25:54.840
[ALERT] Violence  | frame  15906 | conf 0.988 | 08:25:55.099
[ALERT] Violence  | frame  15913 | conf 0.999 | 08:25:55.319
[ALERT] Violence  | frame  15918 | conf 0.998 | 08:25:55.587
[ALERT] Violence  | frame  15922 | conf 0.989 | 08:25:55.882
[ALERT] Violence  | frame  15928 | conf 0.999 | 08:25:56.105
[ALERT] Violence  | frame  15935 | conf 0.964 | 08:25:56.365
[ALERT] Violence  | frame  15942 | conf 0.975 | 08:25:56.612
[ALERT] Violence  | frame  15948 | conf 0.998 | 08:25:56.806
[ALERT] Violence  | frame  15954 | conf 0.988 | 08:25:57.025
[ALERT] Violence  | frame  15961 | conf 0.985 | 08:25:57.270
[ALERT] Violence  | frame  15967 | conf 0.988 | 08:25:57.493
[ALERT] Violence  | frame  15971 | conf 0.954 | 08:25:57.694
[ALERT] Violence  | frame  15995 | conf 0.934 | 08:25:58.627
[ALERT] Violence  | frame  16000 | conf 0.983 | 08:25:58.834
[ALERT] Violence  | frame  16007 | conf 0.993 | 08:25:59.027
[ALERT] Violence  | frame  16015 | conf 0.985 | 08:25:59.266
[ALERT] Violence  | frame  16020 | conf 0.979 | 08:25:59.465
[ALERT] Violence  | frame  16026 | conf 0.973 | 08:25:59.660
[ALERT] Violence  | frame  16032 | conf 0.948 | 08:25:59.922
[ALERT] Violence  | frame  16037 | conf 0.990 | 08:26:00.120
[ALERT] Violence  | frame  16044 | conf 0.987 | 08:26:00.364
[ALERT] Violence  | frame  16050 | conf 0.987 | 08:26:00.584
[ALERT] Violence  | frame  16056 | conf 0.998 | 08:26:00.821
[ALERT] Violence  | frame  16062 | conf 0.946 | 08:26:01.006
[ALERT] Violence  | frame  16068 | conf 0.967 | 08:26:01.202
[ALERT] Violence  | frame  16074 | conf 0.960 | 08:26:01.427
[ALERT] Violence  | frame  16147 | conf 0.954 | 08:26:04.199
[ALERT] Violence  | frame  16154 | conf 0.921 | 08:26:04.430
[ALERT] Violence  | frame  16157 | conf 0.982 | 08:26:04.624
[ALERT] Violence  | frame  16162 | conf 0.969 | 08:26:04.800
[ALERT] Littering | frame  16209 | objects 1 | 08:26:06.531
[ALERT] Violence  | frame  16215 | conf 0.994 | 08:26:06.791
[ALERT] Violence  | frame  16219 | conf 0.977 | 08:26:06.974
[ALERT] Violence  | frame  16225 | conf 0.995 | 08:26:07.180
[ALERT] Violence  | frame  16252 | conf 0.999 | 08:26:08.184
[ALERT] Violence  | frame  16257 | conf 0.997 | 08:26:08.378
[ALERT] Violence  | frame  16263 | conf 0.939 | 08:26:08.610
[ALERT] Violence  | frame  16268 | conf 0.998 | 08:26:08.802
[ALERT] Violence  | frame  16273 | conf 0.989 | 08:26:08.979
[ALERT] Violence  | frame  16279 | conf 0.992 | 08:26:09.245
[ALERT] Violence  | frame  16285 | conf 0.923 | 08:26:09.432
[ALERT] Violence  | frame  16318 | conf 0.999 | 08:26:10.613
[ALERT] Violence  | frame  16342 | conf 0.997 | 08:26:11.470
[ALERT] Violence  | frame  16405 | conf 0.980 | 08:26:13.730
[ALERT] Violence  | frame  16412 | conf 0.998 | 08:26:13.926
[ALERT] Violence  | frame  16414 | conf 0.998 | 08:26:14.133
[ALERT] Violence  | frame  16421 | conf 0.992 | 08:26:14.362
[ALERT] Violence  | frame  16426 | conf 0.967 | 08:26:14.547
[ALERT] Violence  | frame  16431 | conf 0.998 | 08:26:14.746
[ALERT] Violence  | frame  16439 | conf 0.971 | 08:26:14.983
[ALERT] Violence  | frame  16480 | conf 0.987 | 08:26:16.702
[ALERT] Violence  | frame  16489 | conf 0.999 | 08:26:16.988
[ALERT] Violence  | frame  16495 | conf 0.996 | 08:26:17.181
[ALERT] Violence  | frame  16501 | conf 0.979 | 08:26:17.373
[ALERT] Violence  | frame  16508 | conf 0.994 | 08:26:17.629
[ALERT] Violence  | frame  16513 | conf 0.990 | 08:26:17.824
[ALERT] Violence  | frame  16519 | conf 0.983 | 08:26:18.018
[ALERT] Violence  | frame  16525 | conf 0.999 | 08:26:18.236
[ALERT] Violence  | frame  16531 | conf 0.988 | 08:26:18.462
[ALERT] Violence  | frame  16535 | conf 0.983 | 08:26:18.653
[ALERT] Violence  | frame  16540 | conf 0.991 | 08:26:18.822
[ALERT] Violence  | frame  16547 | conf 0.995 | 08:26:19.081
[ALERT] Violence  | frame  16552 | conf 1.000 | 08:26:19.291
[ALERT] Violence  | frame  16554 | conf 0.996 | 08:26:19.473
[ALERT] Violence  | frame  16565 | conf 0.976 | 08:26:19.714
[ALERT] Violence  | frame  16568 | conf 0.997 | 08:26:19.918
[ALERT] Violence  | frame  16573 | conf 1.000 | 08:26:20.106
[ALERT] Violence  | frame  16579 | conf 0.999 | 08:26:20.306
[ALERT] Violence  | frame  16584 | conf 0.998 | 08:26:20.505
[ALERT] Violence  | frame  16589 | conf 0.997 | 08:26:20.723
[ALERT] Violence  | frame  16595 | conf 0.999 | 08:26:20.987
[ALERT] Violence  | frame  16600 | conf 0.999 | 08:26:21.185
[ALERT] Violence  | frame  16605 | conf 0.997 | 08:26:21.370
[ALERT] Violence  | frame  16611 | conf 0.997 | 08:26:21.590
[ALERT] Violence  | frame  16617 | conf 0.978 | 08:26:21.790
[ALERT] Violence  | frame  16623 | conf 0.973 | 08:26:21.978
[ALERT] Violence  | frame  16627 | conf 0.995 | 08:26:22.216
[ALERT] Violence  | frame  16633 | conf 0.954 | 08:26:22.409
[ALERT] Violence  | frame  16639 | conf 0.995 | 08:26:22.637
[ALERT] Violence  | frame  16645 | conf 0.995 | 08:26:22.944
[ALERT] Violence  | frame  16651 | conf 0.996 | 08:26:23.159
[ALERT] Violence  | frame  16657 | conf 0.988 | 08:26:23.399
[ALERT] Violence  | frame  16666 | conf 1.000 | 08:26:23.684
[ALERT] Violence  | frame  16672 | conf 0.998 | 08:26:23.900
[ALERT] Violence  | frame  16679 | conf 0.998 | 08:26:24.126
[ALERT] Violence  | frame  16686 | conf 0.965 | 08:26:24.369
[ALERT] Violence  | frame  16693 | conf 0.995 | 08:26:24.616
[ALERT] Violence  | frame  16699 | conf 0.975 | 08:26:24.856
[ALERT] Violence  | frame  16725 | conf 1.000 | 08:26:25.797
[ALERT] Violence  | frame  16731 | conf 0.998 | 08:26:26.127
[ALERT] Violence  | frame  16739 | conf 0.999 | 08:26:26.351
[ALERT] Violence  | frame  16743 | conf 0.997 | 08:26:26.671
[ALERT] Violence  | frame  16753 | conf 0.909 | 08:26:26.884
[ALERT] Violence  | frame  16759 | conf 0.990 | 08:26:27.095
[ALERT] Violence  | frame  16794 | conf 1.000 | 08:26:28.281
[ALERT] Violence  | frame  16800 | conf 1.000 | 08:26:28.479
[ALERT] Violence  | frame  16806 | conf 1.000 | 08:26:28.708
[ALERT] Violence  | frame  16811 | conf 0.994 | 08:26:28.935
[ALERT] Violence  | frame  16818 | conf 0.999 | 08:26:29.158
[ALERT] Violence  | frame  16822 | conf 0.993 | 08:26:29.436
[ALERT] Violence  | frame  16829 | conf 0.999 | 08:26:29.651
[ALERT] Violence  | frame  16835 | conf 0.998 | 08:26:29.859
[ALERT] Violence  | frame  16842 | conf 0.999 | 08:26:30.087
[ALERT] Violence  | frame  16849 | conf 0.998 | 08:26:30.295
[ALERT] Violence  | frame  16856 | conf 1.000 | 08:26:30.500
[ALERT] Violence  | frame  16861 | conf 1.000 | 08:26:30.738
[ALERT] Violence  | frame  16869 | conf 0.997 | 08:26:30.961
[ALERT] Violence  | frame  16874 | conf 0.992 | 08:26:31.181
[ALERT] Violence  | frame  16880 | conf 0.996 | 08:26:31.443
[ALERT] Violence  | frame  16886 | conf 0.974 | 08:26:31.656
[ALERT] Violence  | frame  16893 | conf 0.989 | 08:26:31.887
[ALERT] Violence  | frame  16900 | conf 0.990 | 08:26:32.150
[ALERT] Violence  | frame  16905 | conf 0.992 | 08:26:32.361
[ALERT] Violence  | frame  16911 | conf 0.940 | 08:26:32.557
[ALERT] Violence  | frame  16918 | conf 0.982 | 08:26:32.768
[ALERT] Violence  | frame  16925 | conf 0.954 | 08:26:32.974
[ALERT] Violence  | frame  16930 | conf 0.988 | 08:26:33.178
[ALERT] Violence  | frame  16935 | conf 0.975 | 08:26:33.522
[ALERT] Violence  | frame  16941 | conf 0.911 | 08:26:33.744
[ALERT] Violence  | frame  16967 | conf 0.992 | 08:26:34.576
[ALERT] Violence  | frame  16974 | conf 0.986 | 08:26:34.795
[ALERT] Violence  | frame  16979 | conf 1.000 | 08:26:34.996
[ALERT] Violence  | frame  16985 | conf 0.999 | 08:26:35.177
[ALERT] Violence  | frame  16990 | conf 0.995 | 08:26:35.443
[ALERT] Violence  | frame  16997 | conf 0.996 | 08:26:35.662
[ALERT] Violence  | frame  17002 | conf 0.998 | 08:26:35.890
[ALERT] Violence  | frame  17009 | conf 0.990 | 08:26:36.123
[ALERT] Littering | frame  17049 | objects 1 | 08:26:37.581
[ALERT] Littering | frame  17054 | objects 9 | 08:26:37.772
[ALERT] Violence  | frame  17062 | conf 0.987 | 08:26:38.013
[ALERT] Violence  | frame  17065 | conf 0.974 | 08:26:38.209
[ALERT] Violence  | frame  17098 | conf 0.906 | 08:26:39.417
[ALERT] Violence  | frame  17158 | conf 0.953 | 08:26:41.800
[ALERT] Violence  | frame  17163 | conf 0.978 | 08:26:42.030
[ALERT] Violence  | frame  17174 | conf 0.987 | 08:26:42.261
[ALERT] Violence  | frame  17177 | conf 0.962 | 08:26:42.543
[ALERT] Violence  | frame  17183 | conf 0.968 | 08:26:42.751
[ALERT] Violence  | frame  17189 | conf 0.888 | 08:26:42.946
[ALERT] Violence  | frame  17195 | conf 0.898 | 08:26:43.165
[ALERT] Violence  | frame  17202 | conf 0.982 | 08:26:43.412
[ALERT] Violence  | frame  17208 | conf 0.966 | 08:26:43.598
[ALERT] Violence  | frame  17219 | conf 0.974 | 08:26:43.811
[ALERT] Violence  | frame  17220 | conf 0.971 | 08:26:44.018
[ALERT] Violence  | frame  17224 | conf 0.944 | 08:26:44.237
[ALERT] Violence  | frame  17231 | conf 0.952 | 08:26:44.488
[ALERT] Violence  | frame  17237 | conf 0.990 | 08:26:44.696
[ALERT] Violence  | frame  17240 | conf 0.985 | 08:26:44.900
[ALERT] Violence  | frame  17245 | conf 0.971 | 08:26:45.131
[ALERT] Violence  | frame  17258 | conf 0.976 | 08:26:45.317
[ALERT] Violence  | frame  17260 | conf 0.992 | 08:26:45.497
[ALERT] Violence  | frame  17263 | conf 0.974 | 08:26:45.748
[ALERT] Violence  | frame  17268 | conf 0.981 | 08:26:45.955
[ALERT] Violence  | frame  17273 | conf 0.961 | 08:26:46.163
[ALERT] Violence  | frame  17278 | conf 0.969 | 08:26:46.396
[ALERT] Violence  | frame  17284 | conf 0.974 | 08:26:46.591
[ALERT] Violence  | frame  17292 | conf 0.969 | 08:26:46.795
[ALERT] Violence  | frame  17299 | conf 0.975 | 08:26:47.028
[ALERT] Violence  | frame  17302 | conf 0.946 | 08:26:47.228
[ALERT] Violence  | frame  17308 | conf 0.964 | 08:26:47.418
[ALERT] Violence  | frame  17316 | conf 0.938 | 08:26:47.656
[ALERT] Violence  | frame  17320 | conf 0.952 | 08:26:47.858
[ALERT] Violence  | frame  17326 | conf 0.952 | 08:26:48.059
[ALERT] Violence  | frame  17335 | conf 0.927 | 08:26:48.332
[ALERT] Violence  | frame  17337 | conf 0.981 | 08:26:48.553
[ALERT] Violence  | frame  17348 | conf 0.945 | 08:26:48.751
[ALERT] Violence  | frame  17350 | conf 0.937 | 08:26:48.951
[ALERT] Violence  | frame  17357 | conf 0.978 | 08:26:49.173
[ALERT] Violence  | frame  17365 | conf 0.943 | 08:26:49.364
[ALERT] Violence  | frame  17367 | conf 0.947 | 08:26:49.558
[ALERT] Violence  | frame  17392 | conf 0.969 | 08:26:50.522
[ALERT] Violence  | frame  17405 | conf 0.961 | 08:26:50.778
[ALERT] Violence  | frame  17406 | conf 0.990 | 08:26:50.967
[ALERT] Violence  | frame  17413 | conf 0.951 | 08:26:51.216
[ALERT] Violence  | frame  17417 | conf 0.960 | 08:26:51.412
[ALERT] Violence  | frame  17425 | conf 0.983 | 08:26:51.610
[ALERT] Violence  | frame  17433 | conf 0.992 | 08:26:51.814
[ALERT] Violence  | frame  17440 | conf 0.983 | 08:26:52.020
[ALERT] Violence  | frame  17443 | conf 0.986 | 08:26:52.224
[ALERT] Violence  | frame  17445 | conf 0.968 | 08:26:52.455
[ALERT] Violence  | frame  17451 | conf 0.988 | 08:26:52.660
[ALERT] Violence  | frame  17457 | conf 0.977 | 08:26:52.857
[ALERT] Violence  | frame  17464 | conf 0.988 | 08:26:53.123
[ALERT] Violence  | frame  17470 | conf 0.990 | 08:26:53.321
[ALERT] Violence  | frame  17475 | conf 0.990 | 08:26:53.501
[ALERT] Violence  | frame  17485 | conf 0.990 | 08:26:53.741
[ALERT] Violence  | frame  17488 | conf 0.998 | 08:26:53.944
[ALERT] Violence  | frame  17495 | conf 0.996 | 08:26:54.156
[ALERT] Violence  | frame  17503 | conf 0.994 | 08:26:54.388
[ALERT] Violence  | frame  17506 | conf 0.992 | 08:26:54.578
[ALERT] Violence  | frame  17510 | conf 0.995 | 08:26:54.780
[ALERT] Violence  | frame  17515 | conf 0.987 | 08:26:55.018
[ALERT] Violence  | frame  17523 | conf 0.981 | 08:26:55.231
[ALERT] Violence  | frame  17526 | conf 0.991 | 08:26:55.426
[ALERT] Violence  | frame  17532 | conf 0.974 | 08:26:55.666
[ALERT] Violence  | frame  17539 | conf 0.989 | 08:26:55.861
[ALERT] Violence  | frame  17543 | conf 0.998 | 08:26:56.057
[ALERT] Violence  | frame  17550 | conf 0.990 | 08:26:56.306
[ALERT] Violence  | frame  17555 | conf 0.995 | 08:26:56.527
[ALERT] Violence  | frame  17565 | conf 0.993 | 08:26:56.726
[ALERT] Violence  | frame  17568 | conf 0.991 | 08:26:57.019
[ALERT] Violence  | frame  17575 | conf 0.925 | 08:26:57.211
[ALERT] Violence  | frame  17580 | conf 0.953 | 08:26:57.404
[ALERT] Violence  | frame  17587 | conf 0.989 | 08:26:57.653
[ALERT] Violence  | frame  17593 | conf 0.982 | 08:26:57.860
[ALERT] Violence  | frame  17604 | conf 0.986 | 08:26:58.054
[ALERT] Violence  | frame  17606 | conf 0.937 | 08:26:58.312
[ALERT] Violence  | frame  17610 | conf 0.990 | 08:26:58.603
[ALERT] Violence  | frame  17616 | conf 0.972 | 08:26:58.799
[ALERT] Violence  | frame  17625 | conf 0.992 | 08:26:59.051
[ALERT] Violence  | frame  17632 | conf 0.952 | 08:26:59.256
[ALERT] Violence  | frame  17636 | conf 0.936 | 08:26:59.457
[ALERT] Violence  | frame  17651 | conf 0.988 | 08:26:59.739
[ALERT] Violence  | frame  17654 | conf 0.988 | 08:26:59.944
[ALERT] Violence  | frame  17655 | conf 0.980 | 08:27:00.155
[ALERT] Violence  | frame  17663 | conf 0.961 | 08:27:00.385
[ALERT] Violence  | frame  17670 | conf 0.970 | 08:27:00.593
[ALERT] Violence  | frame  17676 | conf 0.904 | 08:27:00.791
[ALERT] Violence  | frame  17682 | conf 0.973 | 08:27:01.028
[ALERT] Violence  | frame  17687 | conf 0.977 | 08:27:01.239
[ALERT] Violence  | frame  17692 | conf 0.981 | 08:27:01.460
[ALERT] Violence  | frame  17699 | conf 0.945 | 08:27:01.687
[ALERT] Violence  | frame  17704 | conf 0.949 | 08:27:01.888
[ALERT] Violence  | frame  17712 | conf 0.950 | 08:27:02.084
[ALERT] Violence  | frame  17736 | conf 0.979 | 08:27:03.000
[ALERT] Violence  | frame  17742 | conf 0.970 | 08:27:03.188
[ALERT] Violence  | frame  17748 | conf 0.923 | 08:27:03.381
[ALERT] Violence  | frame  17754 | conf 0.980 | 08:27:03.623
[ALERT] Violence  | frame  17761 | conf 0.964 | 08:27:03.834
[ALERT] Violence  | frame  17764 | conf 0.951 | 08:27:04.034
[ALERT] Violence  | frame  17794 | conf 0.954 | 08:27:04.919
[ALERT] Violence  | frame  17796 | conf 0.986 | 08:27:05.134
[ALERT] Violence  | frame  17807 | conf 0.928 | 08:27:05.333
[ALERT] Violence  | frame  17810 | conf 0.958 | 08:27:05.594
[ALERT] Violence  | frame  17832 | conf 0.939 | 08:27:06.372
[ALERT] Violence  | frame  17836 | conf 0.957 | 08:27:06.576
[ALERT] Violence  | frame  17849 | conf 0.985 | 08:27:06.833
[ALERT] Violence  | frame  17853 | conf 0.953 | 08:27:07.027
[ALERT] Violence  | frame  17859 | conf 0.889 | 08:27:07.219
[ALERT] Violence  | frame  17860 | conf 0.956 | 08:27:07.457
[ALERT] Violence  | frame  17865 | conf 0.949 | 08:27:07.655
[ALERT] Violence  | frame  17873 | conf 0.921 | 08:27:07.841
[ALERT] Violence  | frame  17906 | conf 0.956 | 08:27:09.063
[ALERT] Violence  | frame  17910 | conf 0.976 | 08:27:09.273
[ALERT] Violence  | frame  17922 | conf 0.936 | 08:27:09.468
[ALERT] Violence  | frame  17956 | conf 0.947 | 08:27:10.902
[ALERT] Violence  | frame  17964 | conf 0.901 | 08:27:11.141
[ALERT] Violence  | frame  17967 | conf 0.937 | 08:27:11.353
[ALERT] Violence  | frame  17973 | conf 0.940 | 08:27:11.535
[ALERT] Violence  | frame  17979 | conf 0.973 | 08:27:11.771
[ALERT] Violence  | frame  17986 | conf 0.908 | 08:27:11.967
[ALERT] Violence  | frame  17992 | conf 0.952 | 08:27:12.166
[ALERT] Violence  | frame  17995 | conf 0.939 | 08:27:12.455
[ALERT] Violence  | frame  18000 | conf 0.978 | 08:27:12.631
[ALERT] Violence  | frame  18006 | conf 0.915 | 08:27:12.813
[ALERT] Violence  | frame  18015 | conf 0.881 | 08:27:13.072
[ALERT] Violence  | frame  18040 | conf 0.903 | 08:27:13.927
[ALERT] Violence  | frame  18043 | conf 0.951 | 08:27:14.135
[ALERT] Violence  | frame  18051 | conf 0.905 | 08:27:14.335
[ALERT] Violence  | frame  18054 | conf 0.947 | 08:27:14.585
[ALERT] Violence  | frame  18060 | conf 0.968 | 08:27:14.780
[ALERT] Violence  | frame  18066 | conf 0.905 | 08:27:14.980
[ALERT] Violence  | frame  18100 | conf 0.971 | 08:27:16.265
[ALERT] Violence  | frame  18108 | conf 0.947 | 08:27:16.478
[ALERT] Violence  | frame  18113 | conf 0.928 | 08:27:16.705
[ALERT] Violence  | frame  18119 | conf 0.966 | 08:27:16.891
[ALERT] Violence  | frame  18124 | conf 0.944 | 08:27:17.152
[ALERT] Violence  | frame  18131 | conf 0.945 | 08:27:17.359
[ALERT] Violence  | frame  18139 | conf 0.976 | 08:27:17.567
[ALERT] Violence  | frame  18145 | conf 0.963 | 08:27:17.805
[ALERT] Violence  | frame  18153 | conf 0.918 | 08:27:17.997
[ALERT] Violence  | frame  18158 | conf 0.909 | 08:27:18.202
[ALERT] Violence  | frame  18161 | conf 0.959 | 08:27:18.460
[ALERT] Violence  | frame  18187 | conf 0.976 | 08:27:19.308
[ALERT] Violence  | frame  18191 | conf 0.974 | 08:27:19.517
[ALERT] Violence  | frame  18196 | conf 0.972 | 08:27:19.728
[ALERT] Violence  | frame  18204 | conf 0.983 | 08:27:19.985
[ALERT] Violence  | frame  18208 | conf 0.994 | 08:27:20.184
[ALERT] Violence  | frame  18215 | conf 0.988 | 08:27:20.394
[ALERT] Violence  | frame  18222 | conf 0.952 | 08:27:20.637
[ALERT] Violence  | frame  18244 | conf 0.960 | 08:27:21.488
[ALERT] Violence  | frame  18251 | conf 0.952 | 08:27:21.694
[ALERT] Violence  | frame  18258 | conf 0.935 | 08:27:21.958
[ALERT] Violence  | frame  18262 | conf 0.963 | 08:27:22.164
[ALERT] Violence  | frame  18267 | conf 0.987 | 08:27:22.369
[ALERT] Violence  | frame  18277 | conf 0.932 | 08:27:22.676
[ALERT] Violence  | frame  18280 | conf 0.956 | 08:27:22.897
[ALERT] Violence  | frame  18285 | conf 0.984 | 08:27:23.086
[ALERT] Violence  | frame  18294 | conf 0.988 | 08:27:23.302
[ALERT] Violence  | frame  18305 | conf 0.992 | 08:27:23.506
[ALERT] Violence  | frame  18307 | conf 0.951 | 08:27:23.712
[ALERT] Violence  | frame  18311 | conf 0.989 | 08:27:24.084
[ALERT] Violence  | frame  18320 | conf 0.979 | 08:27:24.333
[ALERT] Violence  | frame  18323 | conf 0.986 | 08:27:24.531
[ALERT] Violence  | frame  18332 | conf 0.936 | 08:27:24.843
[ALERT] Violence  | frame  18342 | conf 0.947 | 08:27:25.047
[ALERT] Violence  | frame  18345 | conf 0.881 | 08:27:25.247
[ALERT] Violence  | frame  18354 | conf 0.965 | 08:27:25.463
[ALERT] Violence  | frame  18359 | conf 0.973 | 08:27:25.683
[ALERT] Violence  | frame  18365 | conf 0.945 | 08:27:25.878
[ALERT] Violence  | frame  18371 | conf 0.975 | 08:27:26.157
[ALERT] Violence  | frame  18378 | conf 0.993 | 08:27:26.362
[ALERT] Violence  | frame  18384 | conf 0.977 | 08:27:26.579
[ALERT] Violence  | frame  18392 | conf 0.984 | 08:27:26.861
[ALERT] Violence  | frame  18398 | conf 0.979 | 08:27:27.082
[ALERT] Violence  | frame  18404 | conf 0.991 | 08:27:27.325
[ALERT] Violence  | frame  18411 | conf 0.966 | 08:27:27.797
[ALERT] Violence  | frame  18417 | conf 0.972 | 08:27:28.072
[ALERT] Littering | frame  18417 | objects 4 | 08:27:28.072
[ALERT] FIRE       | frame  18417 | objects 1 | 08:27:28.072
[ALERT] Violence  | frame  18424 | conf 0.932 | 08:27:28.331
[ALERT] Littering | frame  18424 | objects 3 | 08:27:28.331
[ALERT] FIRE       | frame  18424 | objects 1 | 08:27:28.331
[ALERT] Violence  | frame  18437 | conf 0.905 | 08:27:28.611
[ALERT] Littering | frame  18437 | objects 3 | 08:27:28.611
[ALERT] FIRE       | frame  18437 | objects 1 | 08:27:28.611
[ALERT] Violence  | frame  18442 | conf 0.969 | 08:27:28.836
[ALERT] Littering | frame  18442 | objects 4 | 08:27:28.836
[ALERT] FIRE       | frame  18442 | objects 2 | 08:27:28.836
[ALERT] Violence  | frame  18449 | conf 0.952 | 08:27:29.058
[ALERT] FIRE       | frame  18449 | objects 1 | 08:27:29.058
[ALERT] FIRE       | frame  18460 | objects 1 | 08:27:29.391
[ALERT] Littering | frame  18462 | objects 3 | 08:27:29.596
[ALERT] FIRE       | frame  18462 | objects 1 | 08:27:29.596
[ALERT] Littering | frame  18469 | objects 1 | 08:27:29.839
[ALERT] FIRE       | frame  18469 | objects 1 | 08:27:29.839
[ALERT] Littering | frame  18481 | objects 2 | 08:27:30.304
[ALERT] FIRE       | frame  18481 | objects 2 | 08:27:30.304
[ALERT] Littering | frame  18489 | objects 2 | 08:27:30.515
[ALERT] FIRE       | frame  18489 | objects 1 | 08:27:30.515
[ALERT] FIRE       | frame  18494 | objects 1 | 08:27:30.724
[ALERT] FIRE       | frame  18513 | objects 1 | 08:27:31.411
[ALERT] FIRE       | frame  18519 | objects 1 | 08:27:31.661
[ALERT] FIRE       | frame  18525 | objects 1 | 08:27:31.862
[ALERT] Violence  | frame  18531 | conf 0.986 | 08:27:32.046
[ALERT] FIRE       | frame  18531 | objects 2 | 08:27:32.046
[ALERT] Violence  | frame  18537 | conf 0.978 | 08:27:32.368
[ALERT] FIRE       | frame  18537 | objects 1 | 08:27:32.368
[ALERT] Violence  | frame  18543 | conf 0.982 | 08:27:32.583
[ALERT] FIRE       | frame  18543 | objects 1 | 08:27:32.583
[ALERT] FIRE       | frame  18548 | objects 1 | 08:27:32.778
[ALERT] FIRE       | frame  18557 | objects 1 | 08:27:33.070
[ALERT] FIRE       | frame  18563 | objects 1 | 08:27:33.271
[ALERT] Violence  | frame  18569 | conf 0.973 | 08:27:33.467
[ALERT] FIRE       | frame  18569 | objects 1 | 08:27:33.467
[ALERT] Violence  | frame  18576 | conf 0.921 | 08:27:33.696
[ALERT] FIRE       | frame  18576 | objects 2 | 08:27:33.696
[ALERT] Violence  | frame  18582 | conf 0.986 | 08:27:33.912
[ALERT] FIRE       | frame  18582 | objects 1 | 08:27:33.912
[ALERT] Violence  | frame  18587 | conf 0.909 | 08:27:34.117
[ALERT] FIRE       | frame  18587 | objects 1 | 08:27:34.117
[ALERT] Violence  | frame  18593 | conf 0.979 | 08:27:34.381
[ALERT] FIRE       | frame  18593 | objects 2 | 08:27:34.381
[ALERT] Violence  | frame  18598 | conf 0.960 | 08:27:34.611
[ALERT] FIRE       | frame  18598 | objects 1 | 08:27:34.611
[ALERT] Violence  | frame  18604 | conf 0.881 | 08:27:34.823
[ALERT] FIRE       | frame  18604 | objects 1 | 08:27:34.823
[ALERT] Violence  | frame  18611 | conf 0.926 | 08:27:35.098
[ALERT] FIRE       | frame  18611 | objects 1 | 08:27:35.098
[ALERT] FIRE       | frame  18618 | objects 1 | 08:27:35.302
[ALERT] FIRE       | frame  18624 | objects 1 | 08:27:35.512
[ALERT] FIRE       | frame  18632 | objects 2 | 08:27:35.768
[ALERT] FIRE       | frame  18637 | objects 1 | 08:27:35.979
[ALERT] FIRE       | frame  18644 | objects 1 | 08:27:36.265
[ALERT] FIRE       | frame  18650 | objects 1 | 08:27:36.527
[ALERT] FIRE       | frame  18656 | objects 1 | 08:27:36.732
[ALERT] FIRE       | frame  18663 | objects 1 | 08:27:36.925
[ALERT] FIRE       | frame  18670 | objects 1 | 08:27:37.225
[ALERT] FIRE       | frame  18677 | objects 1 | 08:27:37.422
[ALERT] FIRE       | frame  18682 | objects 1 | 08:27:37.600
[ALERT] Violence  | frame  18689 | conf 0.965 | 08:27:37.829
[ALERT] FIRE       | frame  18689 | objects 1 | 08:27:37.829
[ALERT] Violence  | frame  18695 | conf 0.938 | 08:27:38.036
[ALERT] FIRE       | frame  18695 | objects 2 | 08:27:38.036
[ALERT] Violence  | frame  18701 | conf 0.914 | 08:27:38.238
[ALERT] FIRE       | frame  18701 | objects 1 | 08:27:38.238
[ALERT] FIRE       | frame  18706 | objects 1 | 08:27:38.492
[ALERT] FIRE       | frame  18711 | objects 1 | 08:27:38.691
[ALERT] FIRE       | frame  18717 | objects 1 | 08:27:38.884
[ALERT] FIRE       | frame  18723 | objects 1 | 08:27:39.131
[ALERT] FIRE       | frame  18729 | objects 2 | 08:27:39.344
[ALERT] FIRE       | frame  18734 | objects 2 | 08:27:39.538
[ALERT] FIRE       | frame  18741 | objects 1 | 08:27:39.791
[ALERT] FIRE       | frame  18747 | objects 1 | 08:27:39.991
[ALERT] FIRE       | frame  18753 | objects 1 | 08:27:40.187
[ALERT] Violence  | frame  18757 | conf 0.964 | 08:27:40.470
[ALERT] FIRE       | frame  18757 | objects 1 | 08:27:40.470
[ALERT] Violence  | frame  18763 | conf 0.968 | 08:27:40.675
[ALERT] FIRE       | frame  18763 | objects 1 | 08:27:40.675
[ALERT] Violence  | frame  18768 | conf 0.966 | 08:27:40.902
[ALERT] FIRE       | frame  18768 | objects 1 | 08:27:40.902
[ALERT] Violence  | frame  18778 | conf 0.890 | 08:27:41.173
[ALERT] FIRE       | frame  18778 | objects 1 | 08:27:41.173
[ALERT] Violence  | frame  18782 | conf 0.952 | 08:27:41.375
[ALERT] FIRE       | frame  18782 | objects 1 | 08:27:41.375
[ALERT] Violence  | frame  18787 | conf 0.980 | 08:27:41.547
[ALERT] FIRE       | frame  18787 | objects 1 | 08:27:41.547
[ALERT] Violence  | frame  18794 | conf 0.993 | 08:27:41.827
[ALERT] FIRE       | frame  18794 | objects 1 | 08:27:41.827
[ALERT] Violence  | frame  18807 | conf 0.984 | 08:27:42.039
[ALERT] FIRE       | frame  18807 | objects 1 | 08:27:42.039
[ALERT] Violence  | frame  18809 | conf 0.970 | 08:27:42.264
[ALERT] FIRE       | frame  18809 | objects 1 | 08:27:42.264
[ALERT] Violence  | frame  18812 | conf 0.976 | 08:27:42.569
[ALERT] FIRE       | frame  18812 | objects 1 | 08:27:42.569
[ALERT] Violence  | frame  18826 | conf 0.993 | 08:27:42.799
[ALERT] FIRE       | frame  18826 | objects 1 | 08:27:42.799
[ALERT] Violence  | frame  18833 | conf 0.988 | 08:27:43.049
[ALERT] FIRE       | frame  18833 | objects 1 | 08:27:43.049
[ALERT] FIRE       | frame  18835 | objects 1 | 08:27:43.328
[ALERT] FIRE       | frame  18839 | objects 1 | 08:27:43.543
[ALERT] FIRE       | frame  18846 | objects 1 | 08:27:43.801
[ALERT] FIRE       | frame  18852 | objects 1 | 08:27:44.082
[ALERT] FIRE       | frame  18859 | objects 1 | 08:27:44.329
[ALERT] FIRE       | frame  18867 | objects 1 | 08:27:44.526
[ALERT] FIRE       | frame  18872 | objects 1 | 08:27:44.758
[ALERT] FIRE       | frame  18879 | objects 1 | 08:27:44.964
[ALERT] FIRE       | frame  18885 | objects 1 | 08:27:45.161
[ALERT] Violence  | frame  18891 | conf 0.985 | 08:27:45.449
[ALERT] FIRE       | frame  18891 | objects 1 | 08:27:45.449
[ALERT] Violence  | frame  18897 | conf 0.941 | 08:27:45.661
[ALERT] FIRE       | frame  18897 | objects 1 | 08:27:45.661
[ALERT] Violence  | frame  18902 | conf 0.987 | 08:27:45.854
[ALERT] FIRE       | frame  18902 | objects 1 | 08:27:45.854
[ALERT] Violence  | frame  18910 | conf 0.962 | 08:27:46.097
[ALERT] FIRE       | frame  18910 | objects 1 | 08:27:46.097
[ALERT] Violence  | frame  18915 | conf 0.969 | 08:27:46.308
[ALERT] FIRE       | frame  18915 | objects 1 | 08:27:46.308
[ALERT] Violence  | frame  18921 | conf 0.979 | 08:27:46.513
[ALERT] FIRE       | frame  18921 | objects 1 | 08:27:46.513
[ALERT] Violence  | frame  18927 | conf 0.905 | 08:27:46.782
[ALERT] FIRE       | frame  18927 | objects 1 | 08:27:46.782
[ALERT] FIRE       | frame  18934 | objects 1 | 08:27:47.004
[ALERT] FIRE       | frame  18940 | objects 2 | 08:27:47.214
[ALERT] FIRE       | frame  18946 | objects 1 | 08:27:47.487
[ALERT] FIRE       | frame  18952 | objects 2 | 08:27:47.711
[ALERT] Violence  | frame  18958 | conf 0.938 | 08:27:47.919
[ALERT] FIRE       | frame  18958 | objects 1 | 08:27:47.919
[ALERT] Violence  | frame  18967 | conf 0.993 | 08:27:48.178
[ALERT] FIRE       | frame  18967 | objects 1 | 08:27:48.178
[ALERT] Violence  | frame  18972 | conf 0.988 | 08:27:48.405
[ALERT] FIRE       | frame  18972 | objects 1 | 08:27:48.405
[ALERT] Violence  | frame  18979 | conf 0.980 | 08:27:48.649
[ALERT] FIRE       | frame  18979 | objects 1 | 08:27:48.649
[ALERT] Violence  | frame  18984 | conf 0.963 | 08:27:48.884
[ALERT] FIRE       | frame  18984 | objects 1 | 08:27:48.884
[ALERT] Violence  | frame  18992 | conf 0.965 | 08:27:49.255
[ALERT] FIRE       | frame  18992 | objects 1 | 08:27:49.255
[ALERT] Violence  | frame  18998 | conf 0.937 | 08:27:49.484
[ALERT] FIRE       | frame  18998 | objects 1 | 08:27:49.484
[ALERT] Violence  | frame  19005 | conf 0.893 | 08:27:49.737
[ALERT] FIRE       | frame  19005 | objects 1 | 08:27:49.737
[ALERT] FIRE       | frame  19016 | objects 1 | 08:27:50.002
[ALERT] FIRE       | frame  19022 | objects 1 | 08:27:50.246
[ALERT] FIRE       | frame  19029 | objects 1 | 08:27:50.494
[ALERT] FIRE       | frame  19035 | objects 1 | 08:27:50.803
[ALERT] FIRE       | frame  19043 | objects 2 | 08:27:51.044
[ALERT] FIRE       | frame  19051 | objects 1 | 08:27:51.264
[ALERT] Violence  | frame  19058 | conf 0.991 | 08:27:51.615
[ALERT] FIRE       | frame  19058 | objects 1 | 08:27:51.615
[ALERT] Violence  | frame  19066 | conf 0.974 | 08:27:51.857
[ALERT] FIRE       | frame  19066 | objects 1 | 08:27:51.857
[ALERT] Violence  | frame  19071 | conf 0.990 | 08:27:52.082
[ALERT] FIRE       | frame  19071 | objects 1 | 08:27:52.082
[ALERT] Violence  | frame  19082 | conf 0.984 | 08:27:52.362
[ALERT] FIRE       | frame  19082 | objects 1 | 08:27:52.362
[ALERT] Violence  | frame  19088 | conf 0.891 | 08:27:52.596
[ALERT] FIRE       | frame  19088 | objects 1 | 08:27:52.596
[ALERT] FIRE       | frame  19095 | objects 1 | 08:27:52.842
[ALERT] FIRE       | frame  19102 | objects 1 | 08:27:53.139
[ALERT] FIRE       | frame  19109 | objects 1 | 08:27:53.376
[ALERT] Violence  | frame  19116 | conf 0.907 | 08:27:53.620
[ALERT] FIRE       | frame  19116 | objects 2 | 08:27:53.620
[ALERT] Violence  | frame  19124 | conf 0.969 | 08:27:53.896
[ALERT] FIRE       | frame  19124 | objects 1 | 08:27:53.896
[ALERT] Violence  | frame  19131 | conf 0.913 | 08:27:54.153
[ALERT] FIRE       | frame  19131 | objects 1 | 08:27:54.153
[ALERT] Violence  | frame  19138 | conf 0.970 | 08:27:54.379
[ALERT] FIRE       | frame  19138 | objects 1 | 08:27:54.379
[ALERT] Violence  | frame  19144 | conf 0.957 | 08:27:54.666
[ALERT] FIRE       | frame  19144 | objects 1 | 08:27:54.666
[ALERT] Violence  | frame  19151 | conf 0.982 | 08:27:55.022
[ALERT] FIRE       | frame  19151 | objects 1 | 08:27:55.022
[ALERT] Violence  | frame  19159 | conf 0.886 | 08:27:55.253
[ALERT] FIRE       | frame  19159 | objects 1 | 08:27:55.253
[ALERT] Violence  | frame  19167 | conf 0.986 | 08:27:55.563
[ALERT] FIRE       | frame  19167 | objects 1 | 08:27:55.563
[ALERT] Violence  | frame  19176 | conf 0.915 | 08:27:55.794
[ALERT] FIRE       | frame  19176 | objects 1 | 08:27:55.794
[ALERT] FIRE       | frame  19184 | objects 1 | 08:27:55.977
[ALERT] FIRE       | frame  19192 | objects 1 | 08:27:56.230
[ALERT] FIRE       | frame  19198 | objects 1 | 08:27:56.422
[ALERT] Violence  | frame  19204 | conf 0.903 | 08:27:56.656
[ALERT] FIRE       | frame  19204 | objects 1 | 08:27:56.656
[ALERT] Violence  | frame  19209 | conf 0.960 | 08:27:56.966
[ALERT] FIRE       | frame  19209 | objects 1 | 08:27:56.966
[ALERT] Violence  | frame  19214 | conf 0.895 | 08:27:57.185
[ALERT] FIRE       | frame  19214 | objects 1 | 08:27:57.185
[ALERT] Violence  | frame  19220 | conf 0.985 | 08:27:57.401
[ALERT] FIRE       | frame  19220 | objects 1 | 08:27:57.401
[ALERT] Violence  | frame  19239 | conf 0.968 | 08:27:57.731
[ALERT] FIRE       | frame  19239 | objects 1 | 08:27:57.731
[ALERT] Violence  | frame  19242 | conf 0.983 | 08:27:57.947
[ALERT] FIRE       | frame  19242 | objects 1 | 08:27:57.947
[ALERT] Violence  | frame  19252 | conf 0.922 | 08:27:58.148
[ALERT] Violence  | frame  19333 | conf 0.941 | 08:28:01.551
[ALERT] Littering | frame  19371 | objects 10 | 08:28:02.852
[ALERT] Littering | frame  19377 | objects 2 | 08:28:03.159
[ALERT] Littering | frame  19381 | objects 10 | 08:28:03.346
[ALERT] Littering | frame  19387 | objects 1 | 08:28:03.571
[ALERT] Littering | frame  19397 | objects 10 | 08:28:03.885
[ALERT] Littering | frame  19402 | objects 10 | 08:28:04.103
[ALERT] Littering | frame  19407 | objects 15 | 08:28:04.299
[ALERT] Littering | frame  19415 | objects 10 | 08:28:04.566
[ALERT] Littering | frame  19424 | objects 10 | 08:28:04.783
[ALERT] Littering | frame  19426 | objects 10 | 08:28:04.976
[ALERT] Littering | frame  19435 | objects 14 | 08:28:05.255
[ALERT] Littering | frame  19438 | objects 13 | 08:28:05.472
[ALERT] Littering | frame  19443 | objects 10 | 08:28:05.663
[ALERT] Littering | frame  19450 | objects 10 | 08:28:06.011
[ALERT] Littering | frame  19457 | objects 9 | 08:28:06.209
[ALERT] Littering | frame  19462 | objects 14 | 08:28:06.402
[ALERT] Littering | frame  19472 | objects 11 | 08:28:06.621
[ALERT] Littering | frame  19477 | objects 10 | 08:28:06.839
[ALERT] Littering | frame  19483 | objects 10 | 08:28:07.030
[ALERT] Violence  | frame  19509 | conf 0.973 | 08:28:07.870
[ALERT] Littering | frame  19509 | objects 3 | 08:28:07.870
[ALERT] Violence  | frame  19513 | conf 0.993 | 08:28:08.066
[ALERT] Littering | frame  19513 | objects 2 | 08:28:08.066
[ALERT] Violence  | frame  19516 | conf 0.989 | 08:28:08.286
[ALERT] Littering | frame  19516 | objects 6 | 08:28:08.286
[ALERT] Violence  | frame  19523 | conf 0.985 | 08:28:08.545
[ALERT] Violence  | frame  19528 | conf 0.979 | 08:28:08.729
[ALERT] Violence  | frame  19533 | conf 0.979 | 08:28:08.942
[ALERT] Violence  | frame  19539 | conf 0.996 | 08:28:09.206
[ALERT] Violence  | frame  19543 | conf 0.990 | 08:28:09.406
[ALERT] Violence  | frame  19551 | conf 0.906 | 08:28:09.599
[ALERT] Littering | frame  19551 | objects 1 | 08:28:09.599
[ALERT] Violence  | frame  19556 | conf 0.960 | 08:28:09.791
[ALERT] Littering | frame  19556 | objects 3 | 08:28:09.791
[ALERT] FIRE       | frame  19629 | objects 1 | 08:28:12.651
[ALERT] FIRE       | frame  19634 | objects 1 | 08:28:12.881
[ALERT] FIRE       | frame  19639 | objects 1 | 08:28:13.198
[ALERT] FIRE       | frame  19655 | objects 1 | 08:28:13.841
[ALERT] FIRE       | frame  19661 | objects 1 | 08:28:14.146
[ALERT] Littering | frame  19668 | objects 4 | 08:28:14.349
[ALERT] FIRE       | frame  19668 | objects 1 | 08:28:14.349
[ALERT] Littering | frame  19671 | objects 2 | 08:28:14.550
[ALERT] FIRE       | frame  19671 | objects 1 | 08:28:14.550
[ALERT] FIRE       | frame  19696 | objects 1 | 08:28:15.355
[ALERT] FIRE       | frame  19712 | objects 1 | 08:28:15.871
[ALERT] FIRE       | frame  19717 | objects 1 | 08:28:16.046
[ALERT] FIRE       | frame  19720 | objects 1 | 08:28:16.212
[ALERT] FIRE       | frame  19725 | objects 1 | 08:28:16.388
[ALERT] FIRE       | frame  19731 | objects 1 | 08:28:16.547
[ALERT] FIRE       | frame  19736 | objects 1 | 08:28:16.712
[ALERT] Littering | frame  19770 | objects 1 | 08:28:17.872
[ALERT] FIRE       | frame  19781 | objects 1 | 08:28:18.432
[ALERT] FIRE       | frame  19786 | objects 1 | 08:28:18.620
[ALERT] FIRE       | frame  19791 | objects 1 | 08:28:18.797
[ALERT] Littering | frame  19795 | objects 2 | 08:28:18.960
[ALERT] Littering | frame  19800 | objects 4 | 08:28:19.152
[ALERT] Littering | frame  19804 | objects 2 | 08:28:19.319
[ALERT] Littering | frame  19809 | objects 3 | 08:28:19.512
[ALERT] Littering | frame  19814 | objects 5 | 08:28:19.709
[ALERT] FIRE       | frame  19814 | objects 1 | 08:28:19.709
[ALERT] Littering | frame  19818 | objects 2 | 08:28:19.878
[ALERT] FIRE       | frame  19818 | objects 1 | 08:28:19.878
[ALERT] Littering | frame  19823 | objects 1 | 08:28:20.042
[ALERT] FIRE       | frame  19823 | objects 1 | 08:28:20.042
[ALERT] FIRE       | frame  19829 | objects 1 | 08:28:20.235
[ALERT] FIRE       | frame  19833 | objects 1 | 08:28:20.396
[ALERT] FIRE       | frame  19838 | objects 1 | 08:28:20.551
[ALERT] FIRE       | frame  19845 | objects 1 | 08:28:20.738
[ALERT] FIRE       | frame  19848 | objects 1 | 08:28:20.904
[ALERT] FIRE       | frame  19852 | objects 1 | 08:28:21.064
[ALERT] FIRE       | frame  19857 | objects 1 | 08:28:21.257
[ALERT] FIRE       | frame  19861 | objects 1 | 08:28:21.434
[ALERT] FIRE       | frame  19865 | objects 1 | 08:28:21.616
[ALERT] Littering | frame  19871 | objects 1 | 08:28:21.812
[ALERT] FIRE       | frame  19871 | objects 1 | 08:28:21.812
[ALERT] FIRE       | frame  19876 | objects 1 | 08:28:21.999
[ALERT] FIRE       | frame  19881 | objects 1 | 08:28:22.172
[ALERT] FIRE       | frame  19888 | objects 1 | 08:28:22.374
[ALERT] FIRE       | frame  19893 | objects 1 | 08:28:22.565
[ALERT] FIRE       | frame  19898 | objects 1 | 08:28:22.748
[ALERT] FIRE       | frame  19913 | objects 1 | 08:28:23.497
[ALERT] FIRE       | frame  19922 | objects 1 | 08:28:23.711
[ALERT] FIRE       | frame  19928 | objects 1 | 08:28:23.896
[ALERT] FIRE       | frame  19934 | objects 1 | 08:28:24.196
[ALERT] FIRE       | frame  19946 | objects 1 | 08:28:24.454
[ALERT] FIRE       | frame  19948 | objects 1 | 08:28:24.659
[ALERT] FIRE       | frame  19953 | objects 1 | 08:28:24.849
[ALERT] FIRE       | frame  19961 | objects 1 | 08:28:25.054
[ALERT] Littering | frame  19966 | objects 2 | 08:28:25.248
[ALERT] FIRE       | frame  19966 | objects 1 | 08:28:25.248
[ALERT] Littering | frame  19972 | objects 2 | 08:28:25.462
[ALERT] FIRE       | frame  19972 | objects 1 | 08:28:25.462
[ALERT] FIRE       | frame  19978 | objects 1 | 08:28:25.664
[ALERT] FIRE       | frame  19984 | objects 1 | 08:28:25.853
[ALERT] FIRE       | frame  19989 | objects 1 | 08:28:26.037
[ALERT] FIRE       | frame  19995 | objects 1 | 08:28:26.251
[ALERT] FIRE       | frame  20001 | objects 1 | 08:28:26.436
[ALERT] FIRE       | frame  20004 | objects 1 | 08:28:26.615
[ALERT] FIRE       | frame  20010 | objects 1 | 08:28:26.815
[ALERT] FIRE       | frame  20015 | objects 1 | 08:28:26.993
[ALERT] FIRE       | frame  20020 | objects 1 | 08:28:27.166
[ALERT] FIRE       | frame  20025 | objects 1 | 08:28:27.382
[ALERT] FIRE       | frame  20030 | objects 1 | 08:28:27.562
[ALERT] FIRE       | frame  20033 | objects 1 | 08:28:27.749
[ALERT] FIRE       | frame  20040 | objects 1 | 08:28:27.945
[ALERT] FIRE       | frame  20044 | objects 1 | 08:28:28.130
[ALERT] Littering | frame  20049 | objects 1 | 08:28:28.326
[ALERT] FIRE       | frame  20049 | objects 1 | 08:28:28.326
[ALERT] Littering | frame  20056 | objects 1 | 08:28:28.516
[ALERT] FIRE       | frame  20056 | objects 1 | 08:28:28.516
[ALERT] Littering | frame  20060 | objects 1 | 08:28:28.700
[ALERT] FIRE       | frame  20060 | objects 1 | 08:28:28.700
[ALERT] FIRE       | frame  20065 | objects 1 | 08:28:28.879
[ALERT] FIRE       | frame  20069 | objects 1 | 08:28:29.072
[ALERT] FIRE       | frame  20076 | objects 1 | 08:28:29.260
[ALERT] FIRE       | frame  20079 | objects 1 | 08:28:29.433
[ALERT] FIRE       | frame  20086 | objects 1 | 08:28:29.638
[ALERT] FIRE       | frame  20091 | objects 1 | 08:28:29.824
[ALERT] FIRE       | frame  20096 | objects 1 | 08:28:30.008
[ALERT] FIRE       | frame  20103 | objects 1 | 08:28:30.199
[ALERT] FIRE       | frame  20109 | objects 1 | 08:28:30.391
[ALERT] FIRE       | frame  20112 | objects 1 | 08:28:30.565
[ALERT] FIRE       | frame  20118 | objects 1 | 08:28:30.760
[ALERT] FIRE       | frame  20122 | objects 1 | 08:28:30.946
[ALERT] FIRE       | frame  20149 | objects 1 | 08:28:31.905
[ALERT] FIRE       | frame  20156 | objects 1 | 08:28:32.088
[ALERT] FIRE       | frame  20158 | objects 1 | 08:28:32.275
[ALERT] FIRE       | frame  20166 | objects 1 | 08:28:32.466
[ALERT] FIRE       | frame  20169 | objects 1 | 08:28:32.647
[ALERT] FIRE       | frame  20174 | objects 1 | 08:28:32.821
[ALERT] FIRE       | frame  20182 | objects 1 | 08:28:33.010
[ALERT] FIRE       | frame  20185 | objects 1 | 08:28:33.195
[ALERT] FIRE       | frame  20189 | objects 1 | 08:28:33.378
[ALERT] FIRE       | frame  20196 | objects 1 | 08:28:33.574
[ALERT] FIRE       | frame  20200 | objects 1 | 08:28:33.765
[ALERT] FIRE       | frame  20206 | objects 1 | 08:28:33.949
[ALERT] FIRE       | frame  20210 | objects 1 | 08:28:34.146
[ALERT] FIRE       | frame  20218 | objects 1 | 08:28:34.337
[ALERT] FIRE       | frame  20222 | objects 1 | 08:28:34.518
[ALERT] FIRE       | frame  20243 | objects 1 | 08:28:35.257
[ALERT] FIRE       | frame  20246 | objects 1 | 08:28:35.435
[ALERT] FIRE       | frame  20402 | objects 1 | 08:28:41.209
[ALERT] FIRE       | frame  20409 | objects 1 | 08:28:41.405
[ALERT] FIRE       | frame  20411 | objects 1 | 08:28:41.586
[ALERT] FIRE       | frame  20417 | objects 1 | 08:28:41.791
[ALERT] FIRE       | frame  20422 | objects 1 | 08:28:41.972
[ALERT] FIRE       | frame  20449 | objects 1 | 08:28:42.914
[ALERT] FIRE       | frame  20455 | objects 1 | 08:28:43.106
[ALERT] FIRE       | frame  20471 | objects 1 | 08:28:43.678
[ALERT] FIRE       | frame  20477 | objects 1 | 08:28:43.854
[ALERT] FIRE       | frame  20481 | objects 1 | 08:28:44.066
[ALERT] FIRE       | frame  20484 | objects 1 | 08:28:44.277
[ALERT] FIRE       | frame  20490 | objects 1 | 08:28:44.478
[ALERT] FIRE       | frame  20499 | objects 1 | 08:28:44.682
[ALERT] FIRE       | frame  20507 | objects 1 | 08:28:44.877
[ALERT] FIRE       | frame  20511 | objects 1 | 08:28:45.069
[ALERT] FIRE       | frame  20515 | objects 1 | 08:28:45.257
[ALERT] FIRE       | frame  20518 | objects 1 | 08:28:45.458
[ALERT] FIRE       | frame  20525 | objects 1 | 08:28:45.633
[ALERT] FIRE       | frame  20530 | objects 1 | 08:28:45.793
[ALERT] FIRE       | frame  20535 | objects 1 | 08:28:45.993
[ALERT] FIRE       | frame  20540 | objects 1 | 08:28:46.180
[ALERT] FIRE       | frame  20545 | objects 1 | 08:28:46.365
[ALERT] FIRE       | frame  20549 | objects 1 | 08:28:46.557
[ALERT] FIRE       | frame  20553 | objects 1 | 08:28:46.747
[ALERT] FIRE       | frame  20558 | objects 1 | 08:28:46.934
[ALERT] FIRE       | frame  20580 | objects 1 | 08:28:47.652
[ALERT] FIRE       | frame  20586 | objects 1 | 08:28:47.832
[ALERT] FIRE       | frame  20589 | objects 1 | 08:28:48.017
[ALERT] FIRE       | frame  20594 | objects 1 | 08:28:48.214
[ALERT] FIRE       | frame  20598 | objects 1 | 08:28:48.400
[ALERT] FIRE       | frame  20603 | objects 1 | 08:28:48.579
[ALERT] FIRE       | frame  20610 | objects 1 | 08:28:48.768
[ALERT] FIRE       | frame  20613 | objects 1 | 08:28:48.963
[ALERT] FIRE       | frame  20622 | objects 1 | 08:28:49.145
[ALERT] FIRE       | frame  20625 | objects 1 | 08:28:49.325
[ALERT] FIRE       | frame  20630 | objects 1 | 08:28:49.532
[ALERT] FIRE       | frame  20635 | objects 1 | 08:28:49.713
[ALERT] FIRE       | frame  20651 | objects 1 | 08:28:50.280
[ALERT] FIRE       | frame  20653 | objects 1 | 08:28:50.458
[ALERT] FIRE       | frame  20660 | objects 1 | 08:28:50.646
[ALERT] FIRE       | frame  20668 | objects 1 | 08:28:50.837
[ALERT] FIRE       | frame  20670 | objects 1 | 08:28:51.048
[ALERT] FIRE       | frame  20674 | objects 1 | 08:28:51.229
[ALERT] FIRE       | frame  20684 | objects 1 | 08:28:51.420
[ALERT] FIRE       | frame  20687 | objects 1 | 08:28:51.597
[ALERT] FIRE       | frame  20689 | objects 1 | 08:28:51.784
[ALERT] FIRE       | frame  20695 | objects 1 | 08:28:51.969
[ALERT] FIRE       | frame  20701 | objects 1 | 08:28:52.153
[ALERT] FIRE       | frame  20705 | objects 1 | 08:28:52.345
[ALERT] FIRE       | frame  20710 | objects 1 | 08:28:52.508
[ALERT] FIRE       | frame  20714 | objects 1 | 08:28:52.678
[ALERT] FIRE       | frame  20723 | objects 1 | 08:28:52.872
[ALERT] FIRE       | frame  20726 | objects 1 | 08:28:53.058
[ALERT] FIRE       | frame  20730 | objects 1 | 08:28:53.242
[ALERT] FIRE       | frame  20736 | objects 1 | 08:28:53.442
[ALERT] FIRE       | frame  20739 | objects 1 | 08:28:53.623
[ALERT] FIRE       | frame  20746 | objects 1 | 08:28:53.806
[ALERT] FIRE       | frame  20797 | objects 1 | 08:28:55.693
[ALERT] FIRE       | frame  20806 | objects 1 | 08:28:55.878
[ALERT] FIRE       | frame  20821 | objects 1 | 08:28:56.428
[ALERT] FIRE       | frame  20823 | objects 1 | 08:28:56.609
[ALERT] FIRE       | frame  20837 | objects 1 | 08:28:57.178
[ALERT] FIRE       | frame  20844 | objects 1 | 08:28:57.380
[ALERT] FIRE       | frame  20848 | objects 1 | 08:28:57.569
[ALERT] FIRE       | frame  20853 | objects 1 | 08:28:57.759
[ALERT] FIRE       | frame  20858 | objects 1 | 08:28:57.946
[ALERT] FIRE       | frame  20866 | objects 1 | 08:28:58.121
[ALERT] FIRE       | frame  20870 | objects 1 | 08:28:58.307
[ALERT] FIRE       | frame  20878 | objects 1 | 08:28:58.501
[ALERT] FIRE       | frame  20880 | objects 1 | 08:28:58.684
[ALERT] FIRE       | frame  20887 | objects 1 | 08:28:58.868
[ALERT] FIRE       | frame  20892 | objects 1 | 08:28:59.060
[ALERT] FIRE       | frame  20896 | objects 1 | 08:28:59.245
[ALERT] FIRE       | frame  20899 | objects 1 | 08:28:59.436
[ALERT] FIRE       | frame  20907 | objects 1 | 08:28:59.646
[ALERT] FIRE       | frame  20917 | objects 1 | 08:28:59.833
[ALERT] FIRE       | frame  20919 | objects 1 | 08:29:00.014
[ALERT] FIRE       | frame  20922 | objects 1 | 08:29:00.240
[ALERT] FIRE       | frame  20924 | objects 1 | 08:29:00.428
[ALERT] FIRE       | frame  20929 | objects 1 | 08:29:00.611
[ALERT] FIRE       | frame  20936 | objects 1 | 08:29:00.810
[ALERT] FIRE       | frame  20942 | objects 1 | 08:29:00.994
[ALERT] FIRE       | frame  20945 | objects 1 | 08:29:01.171
[ALERT] FIRE       | frame  20951 | objects 1 | 08:29:01.371
[ALERT] FIRE       | frame  20957 | objects 1 | 08:29:01.525
[ALERT] FIRE       | frame  20961 | objects 1 | 08:29:01.685
[ALERT] FIRE       | frame  20969 | objects 1 | 08:29:01.894
[ALERT] FIRE       | frame  20972 | objects 1 | 08:29:02.079
[ALERT] FIRE       | frame  20988 | objects 1 | 08:29:02.640
[ALERT] FIRE       | frame  20991 | objects 1 | 08:29:02.846
[ALERT] FIRE       | frame  20997 | objects 1 | 08:29:03.049
[ALERT] FIRE       | frame  21005 | objects 1 | 08:29:03.228
[ALERT] FIRE       | frame  21012 | objects 1 | 08:29:03.408
[ALERT] FIRE       | frame  21014 | objects 1 | 08:29:03.611
[ALERT] FIRE       | frame  21019 | objects 1 | 08:29:03.793
[ALERT] FIRE       | frame  21023 | objects 1 | 08:29:03.969
[ALERT] FIRE       | frame  21028 | objects 1 | 08:29:04.169
[ALERT] FIRE       | frame  21044 | objects 1 | 08:29:04.732
[ALERT] FIRE       | frame  21049 | objects 1 | 08:29:04.915
[ALERT] FIRE       | frame  21051 | objects 1 | 08:29:05.095
[ALERT] FIRE       | frame  21060 | objects 1 | 08:29:05.314
[ALERT] FIRE       | frame  21062 | objects 1 | 08:29:05.504
[ALERT] FIRE       | frame  21068 | objects 1 | 08:29:05.687
[ALERT] FIRE       | frame  21073 | objects 1 | 08:29:05.879
[ALERT] FIRE       | frame  21079 | objects 1 | 08:29:06.059
[ALERT] FIRE       | frame  21082 | objects 1 | 08:29:06.241
[ALERT] FIRE       | frame  21087 | objects 1 | 08:29:06.433
[ALERT] FIRE       | frame  21093 | objects 1 | 08:29:06.633
[ALERT] FIRE       | frame  21097 | objects 1 | 08:29:06.820
[ALERT] FIRE       | frame  21102 | objects 1 | 08:29:06.996
[ALERT] FIRE       | frame  21107 | objects 1 | 08:29:07.194
[ALERT] FIRE       | frame  21113 | objects 1 | 08:29:07.381
[ALERT] FIRE       | frame  21117 | objects 1 | 08:29:07.567
[ALERT] FIRE       | frame  21123 | objects 1 | 08:29:07.768
[ALERT] FIRE       | frame  21127 | objects 1 | 08:29:07.961
[ALERT] FIRE       | frame  21132 | objects 1 | 08:29:08.152
[ALERT] FIRE       | frame  21139 | objects 1 | 08:29:08.356
[ALERT] FIRE       | frame  21143 | objects 1 | 08:29:08.543
[ALERT] FIRE       | frame  21149 | objects 1 | 08:29:08.729
[ALERT] FIRE       | frame  21154 | objects 1 | 08:29:08.918
[ALERT] FIRE       | frame  21160 | objects 1 | 08:29:09.091
[ALERT] FIRE       | frame  21165 | objects 1 | 08:29:09.253
[ALERT] FIRE       | frame  21170 | objects 1 | 08:29:09.442
[ALERT] FIRE       | frame  21177 | objects 1 | 08:29:09.635
[ALERT] FIRE       | frame  21180 | objects 1 | 08:29:09.820
[ALERT] FIRE       | frame  21187 | objects 1 | 08:29:10.020
[ALERT] FIRE       | frame  21191 | objects 1 | 08:29:10.223
[ALERT] FIRE       | frame  21195 | objects 1 | 08:29:10.404
[ALERT] FIRE       | frame  21206 | objects 1 | 08:29:10.597
[ALERT] FIRE       | frame  21207 | objects 1 | 08:29:10.777
[ALERT] FIRE       | frame  21212 | objects 1 | 08:29:10.962
[ALERT] FIRE       | frame  21220 | objects 1 | 08:29:11.152
[ALERT] FIRE       | frame  21228 | objects 1 | 08:29:11.331
[ALERT] FIRE       | frame  21231 | objects 1 | 08:29:11.506
[ALERT] FIRE       | frame  21235 | objects 1 | 08:29:11.707
[ALERT] FIRE       | frame  21239 | objects 1 | 08:29:11.893
[ALERT] FIRE       | frame  21244 | objects 1 | 08:29:12.077
[ALERT] FIRE       | frame  21248 | objects 1 | 08:29:12.280
[ALERT] FIRE       | frame  21252 | objects 1 | 08:29:12.482
[ALERT] FIRE       | frame  21257 | objects 1 | 08:29:12.685
[ALERT] FIRE       | frame  21263 | objects 1 | 08:29:12.922
[ALERT] FIRE       | frame  21273 | objects 1 | 08:29:13.131
[ALERT] FIRE       | frame  21280 | objects 1 | 08:29:13.338
[ALERT] FIRE       | frame  21282 | objects 1 | 08:29:13.537
[ALERT] FIRE       | frame  21288 | objects 1 | 08:29:13.688
[ALERT] FIRE       | frame  21292 | objects 1 | 08:29:13.844
[ALERT] FIRE       | frame  21298 | objects 1 | 08:29:14.020
[ALERT] FIRE       | frame  21302 | objects 1 | 08:29:14.194
[ALERT] FIRE       | frame  21306 | objects 1 | 08:29:14.358
[ALERT] FIRE       | frame  21311 | objects 1 | 08:29:14.548
[ALERT] FIRE       | frame  21315 | objects 1 | 08:29:14.715
[ALERT] FIRE       | frame  21320 | objects 1 | 08:29:14.893
[ALERT] FIRE       | frame  21327 | objects 1 | 08:29:15.090
[ALERT] FIRE       | frame  21330 | objects 1 | 08:29:15.294
[ALERT] FIRE       | frame  21334 | objects 1 | 08:29:15.485
[ALERT] FIRE       | frame  21339 | objects 1 | 08:29:15.696
[ALERT] FIRE       | frame  21348 | objects 1 | 08:29:15.884
[ALERT] FIRE       | frame  21350 | objects 1 | 08:29:16.079
[ALERT] FIRE       | frame  21357 | objects 1 | 08:29:16.286
[ALERT] FIRE       | frame  21360 | objects 1 | 08:29:16.478
[ALERT] FIRE       | frame  21381 | objects 1 | 08:29:17.232
[ALERT] FIRE       | frame  21397 | objects 1 | 08:29:17.804
[ALERT] FIRE       | frame  21403 | objects 1 | 08:29:18.002
[ALERT] FIRE       | frame  21406 | objects 1 | 08:29:18.205
[ALERT] FIRE       | frame  21413 | objects 1 | 08:29:18.406
[ALERT] FIRE       | frame  21417 | objects 1 | 08:29:18.618
[ALERT] FIRE       | frame  21423 | objects 1 | 08:29:18.830
[ALERT] FIRE       | frame  21522 | objects 1 | 08:29:22.414
[ALERT] FIRE       | frame  21541 | objects 1 | 08:29:23.015
[ALERT] FIRE       | frame  21547 | objects 1 | 08:29:23.208
[ALERT] FIRE       | frame  21553 | objects 1 | 08:29:23.367
[ALERT] FIRE       | frame  21558 | objects 1 | 08:29:23.600
[ALERT] FIRE       | frame  21561 | objects 1 | 08:29:23.821
[ALERT] FIRE       | frame  21579 | objects 1 | 08:29:24.032
[ALERT] FIRE       | frame  21580 | objects 1 | 08:29:24.276
[ALERT] FIRE       | frame  21585 | objects 1 | 08:29:24.461
[ALERT] FIRE       | frame  21586 | objects 1 | 08:29:24.643
[ALERT] FIRE       | frame  21592 | objects 1 | 08:29:24.839
[ALERT] FIRE       | frame  21609 | objects 1 | 08:29:25.400
[ALERT] FIRE       | frame  21620 | objects 1 | 08:29:25.587
[ALERT] FIRE       | frame  21622 | objects 1 | 08:29:25.764
[ALERT] FIRE       | frame  21624 | objects 1 | 08:29:25.966
[ALERT] FIRE       | frame  21630 | objects 1 | 08:29:26.161
[ALERT] FIRE       | frame  21636 | objects 1 | 08:29:26.361
[ALERT] FIRE       | frame  21699 | objects 1 | 08:29:28.704
[ALERT] FIRE       | frame  21705 | objects 1 | 08:29:28.929
[ALERT] FIRE       | frame  21721 | objects 1 | 08:29:31.177
[ALERT] FIRE       | frame  21736 | objects 1 | 08:29:31.575
[ALERT] FIRE       | frame  21743 | objects 1 | 08:29:31.871
[ALERT] FIRE       | frame  21786 | objects 1 | 08:29:33.016
[ALERT] FIRE       | frame  21798 | objects 1 | 08:29:33.963
[ALERT] FIRE       | frame  21807 | objects 1 | 08:29:34.229
[ALERT] FIRE       | frame  21839 | objects 1 | 08:29:34.515
[ALERT] FIRE       | frame  21927 | objects 1 | 08:29:36.765
[ALERT] FIRE       | frame  21933 | objects 1 | 08:29:36.983
[ALERT] FIRE       | frame  21937 | objects 1 | 08:29:37.201
[ALERT] FIRE       | frame  21943 | objects 1 | 08:29:37.469
[ALERT] FIRE       | frame  21964 | objects 1 | 08:29:38.100
[ALERT] FIRE       | frame  21969 | objects 1 | 08:29:38.305
[ALERT] FIRE       | frame  21975 | objects 1 | 08:29:38.506
[ALERT] FIRE       | frame  21980 | objects 1 | 08:29:38.743
[ALERT] FIRE       | frame  21986 | objects 1 | 08:29:38.945
[ALERT] FIRE       | frame  22024 | objects 1 | 08:29:40.309
[ALERT] FIRE       | frame  22030 | objects 1 | 08:29:40.524
[ALERT] FIRE       | frame  22034 | objects 1 | 08:29:40.786
[ALERT] FIRE       | frame  22043 | objects 1 | 08:29:41.004
[ALERT] FIRE       | frame  22047 | objects 1 | 08:29:41.207
[ALERT] FIRE       | frame  22054 | objects 1 | 08:29:41.405
[ALERT] FIRE       | frame  22059 | objects 1 | 08:29:41.649
[ALERT] FIRE       | frame  22091 | objects 1 | 08:29:42.756
[ALERT] FIRE       | frame  22097 | objects 1 | 08:29:42.954
[ALERT] FIRE       | frame  22103 | objects 1 | 08:29:43.144
[ALERT] FIRE       | frame  22108 | objects 1 | 08:29:43.341
[ALERT] FIRE       | frame  22115 | objects 1 | 08:29:43.569
[ALERT] FIRE       | frame  22118 | objects 1 | 08:29:43.768
[ALERT] FIRE       | frame  22178 | objects 1 | 08:29:45.941
[ALERT] FIRE       | frame  22184 | objects 1 | 08:29:46.151
[ALERT] FIRE       | frame  22190 | objects 1 | 08:29:46.347
[ALERT] FIRE       | frame  22199 | objects 1 | 08:29:46.564
[ALERT] Littering | frame  22223 | objects 2 | 08:29:47.336
[ALERT] FIRE       | frame  22223 | objects 1 | 08:29:47.336
[ALERT] FIRE       | frame  22224 | objects 1 | 08:29:47.519
[ALERT] FIRE       | frame  22228 | objects 1 | 08:29:47.713
[ALERT] FIRE       | frame  22233 | objects 1 | 08:29:47.888
[ALERT] FIRE       | frame  22238 | objects 1 | 08:29:48.070
[ALERT] FIRE       | frame  22244 | objects 1 | 08:29:48.274
[ALERT] FIRE       | frame  22251 | objects 1 | 08:29:48.515
[ALERT] FIRE       | frame  22254 | objects 1 | 08:29:48.740
[ALERT] FIRE       | frame  22264 | objects 1 | 08:29:48.938
[ALERT] FIRE       | frame  22268 | objects 1 | 08:29:49.118
[ALERT] FIRE       | frame  22275 | objects 1 | 08:29:49.325
[ALERT] FIRE       | frame  22277 | objects 1 | 08:29:49.525
[ALERT] FIRE       | frame  22282 | objects 1 | 08:29:49.738
[ALERT] FIRE       | frame  22288 | objects 1 | 08:29:49.951
[ALERT] FIRE       | frame  22292 | objects 1 | 08:29:50.168
[ALERT] FIRE       | frame  22298 | objects 1 | 08:29:50.377
[ALERT] FIRE       | frame  22310 | objects 1 | 08:29:50.583
[ALERT] FIRE       | frame  22311 | objects 1 | 08:29:50.787
[ALERT] FIRE       | frame  22317 | objects 1 | 08:29:50.989
[ALERT] FIRE       | frame  22326 | objects 1 | 08:29:51.196
[ALERT] FIRE       | frame  22329 | objects 1 | 08:29:51.400
[ALERT] FIRE       | frame  22334 | objects 1 | 08:29:51.585
[ALERT] FIRE       | frame  22338 | objects 1 | 08:29:51.771
[ALERT] FIRE       | frame  22345 | objects 1 | 08:29:51.972
[ALERT] FIRE       | frame  22350 | objects 1 | 08:29:52.165
[ALERT] FIRE       | frame  22355 | objects 1 | 08:29:52.357
[ALERT] FIRE       | frame  22362 | objects 1 | 08:29:52.543
[ALERT] FIRE       | frame  22367 | objects 1 | 08:29:52.741
[ALERT] FIRE       | frame  22371 | objects 1 | 08:29:52.924
[ALERT] FIRE       | frame  22376 | objects 1 | 08:29:53.107
[ALERT] FIRE       | frame  22381 | objects 1 | 08:29:53.309
[ALERT] FIRE       | frame  22386 | objects 1 | 08:29:53.498
[ALERT] FIRE       | frame  22392 | objects 1 | 08:29:53.684
[ALERT] FIRE       | frame  22397 | objects 1 | 08:29:53.885
[ALERT] FIRE       | frame  22406 | objects 1 | 08:29:54.079
[ALERT] FIRE       | frame  22409 | objects 1 | 08:29:54.261
[ALERT] FIRE       | frame  22415 | objects 1 | 08:29:54.463
[ALERT] FIRE       | frame  22418 | objects 1 | 08:29:54.657
[ALERT] FIRE       | frame  22423 | objects 1 | 08:29:54.842
[ALERT] FIRE       | frame  22430 | objects 1 | 08:29:55.045
[ALERT] FIRE       | frame  22433 | objects 1 | 08:29:55.228
[ALERT] FIRE       | frame  22439 | objects 1 | 08:29:55.424
[ALERT] FIRE       | frame  22444 | objects 1 | 08:29:55.650
[ALERT] FIRE       | frame  22450 | objects 1 | 08:29:55.851
[ALERT] FIRE       | frame  22454 | objects 1 | 08:29:56.070
[ALERT] FIRE       | frame  22460 | objects 1 | 08:29:56.267
[ALERT] FIRE       | frame  22466 | objects 1 | 08:29:56.457
[ALERT] FIRE       | frame  22475 | objects 1 | 08:29:56.654
[ALERT] FIRE       | frame  22477 | objects 1 | 08:29:56.861
[ALERT] FIRE       | frame  22483 | objects 1 | 08:29:57.038
[ALERT] FIRE       | frame  22489 | objects 1 | 08:29:57.202
[ALERT] FIRE       | frame  22493 | objects 1 | 08:29:57.387
[ALERT] FIRE       | frame  22499 | objects 1 | 08:29:57.548
[ALERT] FIRE       | frame  22504 | objects 1 | 08:29:57.710
[ALERT] FIRE       | frame  22508 | objects 1 | 08:29:57.890
[ALERT] FIRE       | frame  22512 | objects 1 | 08:29:58.041
[ALERT] FIRE       | frame  22517 | objects 1 | 08:29:58.239
[ALERT] FIRE       | frame  22703 | objects 1 | 08:30:04.977
[ALERT] FIRE       | frame  22708 | objects 1 | 08:30:05.185
[ALERT] FIRE       | frame  22712 | objects 1 | 08:30:05.388
[ALERT] FIRE       | frame  22717 | objects 1 | 08:30:05.602
[ALERT] FIRE       | frame  22723 | objects 1 | 08:30:05.808
[ALERT] FIRE       | frame  22729 | objects 1 | 08:30:06.010
[ALERT] FIRE       | frame  22746 | objects 1 | 08:30:06.587
[ALERT] FIRE       | frame  22753 | objects 1 | 08:30:06.795
[ALERT] FIRE       | frame  22757 | objects 1 | 08:30:06.992
[ALERT] FIRE       | frame  22771 | objects 1 | 08:30:07.552
[ALERT] FIRE       | frame  22776 | objects 1 | 08:30:07.732
[ALERT] FIRE       | frame  22782 | objects 1 | 08:30:07.931
[ALERT] FIRE       | frame  22787 | objects 1 | 08:30:08.121
[ALERT] FIRE       | frame  22791 | objects 1 | 08:30:08.308
[ALERT] FIRE       | frame  22808 | objects 1 | 08:30:08.870
[ALERT] FIRE       | frame  22818 | objects 1 | 08:30:09.068
[ALERT] FIRE       | frame  22821 | objects 1 | 08:30:09.272
[ALERT] FIRE       | frame  22834 | objects 1 | 08:30:09.789
[ALERT] FIRE       | frame  22839 | objects 1 | 08:30:09.944
[ALERT] FIRE       | frame  22843 | objects 1 | 08:30:10.133
[ALERT] FIRE       | frame  22867 | objects 1 | 08:30:11.131
[ALERT] FIRE       | frame  22873 | objects 1 | 08:30:11.331
[ALERT] FIRE       | frame  22890 | objects 1 | 08:30:11.891
[ALERT] FIRE       | frame  22895 | objects 1 | 08:30:12.077
[ALERT] FIRE       | frame  22899 | objects 1 | 08:30:12.265
[ALERT] FIRE       | frame  22905 | objects 1 | 08:30:12.460
[ALERT] FIRE       | frame  22909 | objects 1 | 08:30:12.650
[ALERT] FIRE       | frame  22914 | objects 1 | 08:30:12.837
[ALERT] FIRE       | frame  22920 | objects 1 | 08:30:13.039
[ALERT] FIRE       | frame  22930 | objects 1 | 08:30:13.233
[ALERT] FIRE       | frame  22932 | objects 1 | 08:30:13.422
[ALERT] FIRE       | frame  22937 | objects 1 | 08:30:13.621
[ALERT] FIRE       | frame  22941 | objects 1 | 08:30:13.814
[ALERT] FIRE       | frame  22946 | objects 1 | 08:30:14.028
[ALERT] FIRE       | frame  22953 | objects 1 | 08:30:14.238
[ALERT] FIRE       | frame  22957 | objects 1 | 08:30:14.430
[ALERT] FIRE       | frame  22966 | objects 1 | 08:30:14.615
[ALERT] FIRE       | frame  22972 | objects 1 | 08:30:14.813
[ALERT] FIRE       | frame  22975 | objects 1 | 08:30:15.005
[ALERT] FIRE       | frame  22979 | objects 1 | 08:30:15.194
[ALERT] FIRE       | frame  22986 | objects 1 | 08:30:15.389
[ALERT] FIRE       | frame  22993 | objects 1 | 08:30:15.570
[ALERT] FIRE       | frame  23000 | objects 1 | 08:30:15.764
[ALERT] FIRE       | frame  23004 | objects 1 | 08:30:15.954
[ALERT] FIRE       | frame  23005 | objects 1 | 08:30:16.145
[ALERT] FIRE       | frame  23010 | objects 1 | 08:30:16.329
[ALERT] FIRE       | frame  23019 | objects 1 | 08:30:16.529
[ALERT] Littering | frame  23021 | objects 1 | 08:30:16.720
[ALERT] FIRE       | frame  23021 | objects 1 | 08:30:16.720
[ALERT] FIRE       | frame  23026 | objects 1 | 08:30:16.911
[ALERT] FIRE       | frame  23033 | objects 1 | 08:30:17.115
[ALERT] FIRE       | frame  23039 | objects 1 | 08:30:17.308
[ALERT] FIRE       | frame  23042 | objects 1 | 08:30:17.497
[ALERT] Littering | frame  23047 | objects 1 | 08:30:17.696
[ALERT] FIRE       | frame  23047 | objects 1 | 08:30:17.696
[ALERT] Littering | frame  23053 | objects 1 | 08:30:17.896
[ALERT] FIRE       | frame  23053 | objects 1 | 08:30:17.896
[ALERT] Littering | frame  23057 | objects 1 | 08:30:18.112
[ALERT] FIRE       | frame  23057 | objects 1 | 08:30:18.112
[ALERT] FIRE       | frame  23064 | objects 1 | 08:30:18.301
[ALERT] FIRE       | frame  23069 | objects 1 | 08:30:18.502
[ALERT] FIRE       | frame  23076 | objects 1 | 08:30:18.705
[ALERT] FIRE       | frame  23078 | objects 1 | 08:30:18.918
[ALERT] FIRE       | frame  23084 | objects 1 | 08:30:19.122
[ALERT] FIRE       | frame  23090 | objects 1 | 08:30:19.323
[ALERT] FIRE       | frame  23100 | objects 1 | 08:30:19.505
[ALERT] FIRE       | frame  23101 | objects 1 | 08:30:19.758
[ALERT] FIRE       | frame  23106 | objects 1 | 08:30:20.011
[ALERT] FIRE       | frame  23113 | objects 1 | 08:30:20.251
[ALERT] FIRE       | frame  23124 | objects 1 | 08:30:20.495
[ALERT] FIRE       | frame  23127 | objects 1 | 08:30:20.688
[ALERT] FIRE       | frame  23132 | objects 1 | 08:30:20.905
[ALERT] FIRE       | frame  23139 | objects 1 | 08:30:21.131
[ALERT] FIRE       | frame  23143 | objects 1 | 08:30:21.340
[ALERT] FIRE       | frame  23150 | objects 1 | 08:30:21.573
[ALERT] FIRE       | frame  23172 | objects 1 | 08:30:22.279
[ALERT] FIRE       | frame  23188 | objects 1 | 08:30:22.886
[ALERT] FIRE       | frame  23196 | objects 1 | 08:30:23.145
[ALERT] FIRE       | frame  23200 | objects 1 | 08:30:23.351
[ALERT] FIRE       | frame  23206 | objects 1 | 08:30:23.575
[ALERT] FIRE       | frame  23212 | objects 1 | 08:30:23.810
[ALERT] FIRE       | frame  23218 | objects 1 | 08:30:24.000
[ALERT] FIRE       | frame  23224 | objects 1 | 08:30:24.217
[ALERT] FIRE       | frame  23232 | objects 1 | 08:30:24.432
[ALERT] FIRE       | frame  23237 | objects 1 | 08:30:24.616
[ALERT] FIRE       | frame  23252 | objects 1 | 08:30:25.276
[ALERT] FIRE       | frame  23257 | objects 1 | 08:30:25.533
[ALERT] FIRE       | frame  23267 | objects 1 | 08:30:25.774
[ALERT] FIRE       | frame  23270 | objects 1 | 08:30:25.997
[ALERT] FIRE       | frame  23278 | objects 1 | 08:30:26.250
[ALERT] FIRE       | frame  23284 | objects 1 | 08:30:26.469
[ALERT] FIRE       | frame  23293 | objects 1 | 08:30:26.687
[ALERT] FIRE       | frame  23298 | objects 1 | 08:30:26.899
[ALERT] FIRE       | frame  23359 | objects 1 | 08:30:29.313
[ALERT] FIRE       | frame  23368 | objects 1 | 08:30:29.761
[ALERT] FIRE       | frame  23374 | objects 1 | 08:30:29.980
[ALERT] Littering | frame  23395 | objects 2 | 08:30:30.405
[ALERT] FIRE       | frame  23400 | objects 1 | 08:30:30.606
[ALERT] FIRE       | frame  23405 | objects 1 | 08:30:30.836
[ALERT] FIRE       | frame  23411 | objects 1 | 08:30:31.049
[ALERT] FIRE       | frame  23415 | objects 1 | 08:30:31.261
[ALERT] FIRE       | frame  23418 | objects 1 | 08:30:31.464
[ALERT] Littering | frame  23430 | objects 3 | 08:30:31.869
[ALERT] Littering | frame  23436 | objects 11 | 08:30:32.056
[ALERT] FIRE       | frame  23446 | objects 1 | 08:30:32.444
[ALERT] Littering | frame  23532 | objects 2 | 08:30:36.449
[ALERT] Littering | frame  23537 | objects 3 | 08:30:36.718
[ALERT] FIRE       | frame  23537 | objects 1 | 08:30:36.718
[ALERT] Littering | frame  23562 | objects 4 | 08:30:37.563
[ALERT] Littering | frame  23569 | objects 7 | 08:30:37.794
[ALERT] Violence  | frame  24633 | conf 0.922 | 08:31:14.104
[ALERT] Violence  | frame  27048 | conf 0.912 | 08:32:36.971
[ALERT] Violence  | frame  29117 | conf 0.933 | 08:33:47.949

============================================================
Session started: 2026-04-15 08:50:05.036784  [mode=both  fire=ON]
============================================================
[ALERT] Littering | frame   1316 | objects 2 | 08:50:53.679
[ALERT] Littering | frame   1322 | objects 5 | 08:50:53.870
[ALERT] Littering | frame   1325 | objects 2 | 08:50:54.041
[ALERT] Littering | frame   1332 | objects 3 | 08:50:54.220
[ALERT] Littering | frame   1335 | objects 4 | 08:50:54.395
[ALERT] Violence  | frame   2266 | conf 0.919 | 08:51:27.707
[ALERT] Violence  | frame   2308 | conf 0.954 | 08:51:29.104
[ALERT] Violence  | frame   2316 | conf 0.975 | 08:51:29.335
[ALERT] Violence  | frame   2323 | conf 0.947 | 08:51:29.583
[ALERT] FIRE       | frame   3428 | objects 1 | 08:52:08.709
[ALERT] Littering | frame   3463 | objects 10 | 08:52:09.749
[ALERT] FIRE       | frame   3487 | objects 1 | 08:52:10.586
[ALERT] FIRE       | frame   4231 | objects 1 | 08:52:37.356
[ALERT] Littering | frame   7621 | objects 27 | 08:54:41.689
[ALERT] Littering | frame   7625 | objects 5 | 08:54:41.897
[ALERT] Littering | frame   7630 | objects 23 | 08:54:42.068
[ALERT] Littering | frame   7636 | objects 25 | 08:54:42.243
[ALERT] Littering | frame   7639 | objects 27 | 08:54:42.449
[ALERT] Littering | frame   7652 | objects 36 | 08:54:42.653
[ALERT] Littering | frame   7654 | objects 37 | 08:54:42.819
[ALERT] Littering | frame   7659 | objects 39 | 08:54:43.112
[ALERT] Littering | frame   7662 | objects 36 | 08:54:43.342
[ALERT] Littering | frame   7665 | objects 33 | 08:54:43.543
[ALERT] Littering | frame   7668 | objects 35 | 08:54:43.733
[ALERT] Littering | frame   7670 | objects 39 | 08:54:43.931
[ALERT] Littering | frame   7675 | objects 41 | 08:54:44.135
[ALERT] Littering | frame   7678 | objects 30 | 08:54:44.333
[ALERT] Littering | frame   7683 | objects 42 | 08:54:44.510
[ALERT] Littering | frame   7688 | objects 35 | 08:54:44.677
[ALERT] Littering | frame   7691 | objects 34 | 08:54:44.895
[ALERT] Littering | frame   7696 | objects 32 | 08:54:45.076
[ALERT] Littering | frame   7699 | objects 23 | 08:54:45.265
[ALERT] Littering | frame   7706 | objects 40 | 08:54:45.480
[ALERT] Littering | frame   7708 | objects 37 | 08:54:45.679
[ALERT] Littering | frame   7712 | objects 28 | 08:54:45.845
[ALERT] Littering | frame   7726 | objects 15 | 08:54:46.402
[ALERT] Littering | frame   7732 | objects 10 | 08:54:46.602
[ALERT] Littering | frame   7736 | objects 19 | 08:54:46.795
[ALERT] Littering | frame   7741 | objects 25 | 08:54:46.985
[ALERT] Littering | frame   7749 | objects 24 | 08:54:47.179
[ALERT] Littering | frame   7751 | objects 24 | 08:54:47.368
[ALERT] Littering | frame   7754 | objects 30 | 08:54:47.532
[ALERT] Littering | frame   7758 | objects 23 | 08:54:47.712
[ALERT] Littering | frame   7763 | objects 9 | 08:54:47.894
[ALERT] Littering | frame   7767 | objects 19 | 08:54:48.058
[ALERT] Littering | frame   7771 | objects 20 | 08:54:48.244
[ALERT] Littering | frame   7777 | objects 20 | 08:54:48.422
[ALERT] Littering | frame   7783 | objects 22 | 08:54:48.603
[ALERT] Littering | frame   7785 | objects 23 | 08:54:48.807
[ALERT] Littering | frame   7790 | objects 29 | 08:54:48.993
[ALERT] Littering | frame   7794 | objects 25 | 08:54:49.182
[ALERT] Littering | frame   7801 | objects 25 | 08:54:49.371
[ALERT] Littering | frame   7803 | objects 24 | 08:54:49.552
[ALERT] Littering | frame   7808 | objects 23 | 08:54:49.722
[ALERT] Littering | frame   7813 | objects 24 | 08:54:49.910
[ALERT] Littering | frame   7818 | objects 23 | 08:54:50.090
[ALERT] Littering | frame   7820 | objects 23 | 08:54:50.250
[ALERT] Littering | frame   7826 | objects 25 | 08:54:50.458
[ALERT] Littering | frame   7830 | objects 26 | 08:54:50.632
[ALERT] Littering | frame   7834 | objects 20 | 08:54:50.817
[ALERT] Littering | frame   7840 | objects 27 | 08:54:51.026
[ALERT] Littering | frame   7844 | objects 25 | 08:54:51.233
[ALERT] Littering | frame   7847 | objects 26 | 08:54:51.429
[ALERT] Littering | frame   7852 | objects 24 | 08:54:51.682
[ALERT] Littering | frame   7863 | objects 18 | 08:54:51.880
[ALERT] Littering | frame   7869 | objects 24 | 08:54:52.057
[ALERT] Littering | frame   7871 | objects 26 | 08:54:52.237
[ALERT] Littering | frame   7874 | objects 16 | 08:54:52.448
[ALERT] Littering | frame   7879 | objects 16 | 08:54:52.637
[ALERT] Littering | frame   7883 | objects 10 | 08:54:52.872
[ALERT] Littering | frame   7887 | objects 27 | 08:54:53.066
[ALERT] Littering | frame   7892 | objects 22 | 08:54:53.236
[ALERT] Littering | frame   7909 | objects 4 | 08:54:53.775
[ALERT] Littering | frame   7911 | objects 9 | 08:54:53.956
[ALERT] Littering | frame   7916 | objects 26 | 08:54:54.155
[ALERT] Littering | frame   7922 | objects 20 | 08:54:54.350
[ALERT] Littering | frame   7927 | objects 22 | 08:54:54.528
[ALERT] Littering | frame   7934 | objects 26 | 08:54:54.747
[ALERT] Littering | frame   7936 | objects 25 | 08:54:54.934
[ALERT] Littering | frame   7941 | objects 18 | 08:54:55.105
[ALERT] Littering | frame   7946 | objects 21 | 08:54:55.302
[ALERT] Littering | frame   7950 | objects 23 | 08:54:55.511
[ALERT] Littering | frame   7955 | objects 19 | 08:54:55.755
[ALERT] Littering | frame   7961 | objects 25 | 08:54:56.027
[ALERT] Littering | frame   7978 | objects 21 | 08:54:56.634
[ALERT] Littering | frame   7986 | objects 24 | 08:54:56.865
[ALERT] Littering | frame   7989 | objects 22 | 08:54:57.064
[ALERT] Littering | frame   7997 | objects 21 | 08:54:57.257
[ALERT] Littering | frame   8002 | objects 13 | 08:54:57.429
[ALERT] Littering | frame   8007 | objects 13 | 08:54:57.612
[ALERT] Littering | frame   8012 | objects 11 | 08:54:57.827
[ALERT] Littering | frame   8017 | objects 12 | 08:54:58.026
[ALERT] Littering | frame   8019 | objects 13 | 08:54:58.226
[ALERT] Littering | frame   8022 | objects 15 | 08:54:58.510
[ALERT] Littering | frame   8026 | objects 10 | 08:54:58.729
[ALERT] Littering | frame   8033 | objects 15 | 08:54:58.994

============================================================
Session started: 2026-04-15 08:57:06.986154  [mode=both  fire=ON]
============================================================
[ALERT] Littering | frame    216 | objects 5 | 08:57:20.941
[ALERT] Littering | frame    219 | objects 2 | 08:57:21.142
[ALERT] Littering | frame    256 | objects 3 | 08:57:22.557
[ALERT] FIRE       | frame    259 | objects 1 | 08:57:22.799
[ALERT] FIRE       | frame    264 | objects 1 | 08:57:23.008
[ALERT] FIRE       | frame    268 | objects 2 | 08:57:23.194
[ALERT] FIRE       | frame    272 | objects 1 | 08:57:23.395
[ALERT] FIRE       | frame    285 | objects 1 | 08:57:23.620
[ALERT] FIRE       | frame    288 | objects 1 | 08:57:23.823
[ALERT] FIRE       | frame    318 | objects 1 | 08:57:24.629
[ALERT] FIRE       | frame    322 | objects 1 | 08:57:24.825
[ALERT] FIRE       | frame    325 | objects 1 | 08:57:25.019
[ALERT] Littering | frame    904 | objects 8 | 08:57:59.461
[ALERT] Violence  | frame    912 | conf 0.932 | 08:58:00.162
[ALERT] Violence  | frame   2356 | conf 0.940 | 08:59:24.408
[ALERT] Violence  | frame   2419 | conf 0.949 | 08:59:26.746
[ALERT] Violence  | frame   2426 | conf 0.927 | 08:59:26.995
[ALERT] Littering | frame   2773 | objects 3 | 08:59:40.328
[ALERT] Littering | frame   2778 | objects 5 | 08:59:40.527

============================================================
Session started: 2026-04-16 12:35:15.541470  [mode=both  fire=ON]
============================================================
[ALERT] Littering | frame    129 | objects 4 | 12:35:21.335
[ALERT] Littering | frame    134 | objects 1 | 12:35:21.519
[ALERT] FIRE       | frame    225 | objects 1 | 12:35:24.671

Session ended     : 2026-04-16 12:41:42.631306
Mode              : both
Frames processed  : 10719
Violence alerts   : 0
Littering alerts  : 2
Fire alerts       : 1
Smoke alerts      : 0
Elapsed           : 387.0s

============================================================
Session started: 2026-04-16 12:49:28.502613  [mode=both  fire=ON]
============================================================
[ALERT] Littering | frame    517 | objects 8 | 12:49:47.913
[ALERT] Littering | frame    531 | objects 4 | 12:49:48.207
[ALERT] Littering | frame    536 | objects 5 | 12:49:48.422
[ALERT] Littering | frame    743 | objects 6 | 12:49:56.216
[ALERT] Littering | frame    745 | objects 1 | 12:49:56.414
[ALERT] FIRE       | frame    844 | objects 1 | 12:50:00.048
[ALERT] FIRE       | frame    990 | objects 1 | 12:50:05.602
[ALERT] FIRE       | frame    992 | objects 1 | 12:50:05.796
[ALERT] FIRE       | frame   1073 | objects 1 | 12:50:08.983
[ALERT] FIRE       | frame   1077 | objects 1 | 12:50:09.183
[ALERT] FIRE       | frame   1119 | objects 1 | 12:50:10.549
[ALERT] Littering | frame   1128 | objects 9 | 12:50:10.915
[ALERT] Littering | frame   1131 | objects 9 | 12:50:11.121
[ALERT] FIRE       | frame   1142 | objects 1 | 12:50:11.467
[ALERT] FIRE       | frame   1143 | objects 1 | 12:50:11.652
[ALERT] FIRE       | frame   1153 | objects 1 | 12:50:11.831
[ALERT] FIRE       | frame   1158 | objects 1 | 12:50:12.004
[ALERT] FIRE       | frame   1173 | objects 1 | 12:50:12.469
[ALERT] FIRE       | frame   1191 | objects 1 | 12:50:13.150
[ALERT] FIRE       | frame   1195 | objects 1 | 12:50:13.339
[ALERT] Littering | frame   2410 | objects 1 | 12:50:57.637

Session ended     : 2026-04-16 12:51:47.652427
Mode              : both
Frames processed  : 3711
Violence alerts   : 0
Littering alerts  : 8
Fire alerts       : 13
Smoke alerts      : 0
Elapsed           : 139.1s

============================================================
Session started: 2026-04-16 13:08:25.281384  [mode=both  fire=ON]
============================================================
[ALERT] Violence  | frame    810 | conf 0.423 | persons 5 | 13:08:56.683
[ALERT] Violence  | frame   1271 | conf 0.766 | persons 4 | 13:09:12.759
[ALERT] Violence  | frame   1276 | conf 0.827 | persons 5 | 13:09:12.971
[ALERT] Violence  | frame   1285 | conf 0.845 | persons 5 | 13:09:13.149
[ALERT] Violence  | frame   1289 | conf 0.959 | persons 4 | 13:09:13.343
[ALERT] Violence  | frame   1293 | conf 0.992 | persons 4 | 13:09:13.606
[ALERT] Violence  | frame   1298 | conf 0.986 | persons 4 | 13:09:13.795
[ALERT] Violence  | frame   1305 | conf 0.985 | persons 3 | 13:09:13.991
[ALERT] Violence  | frame   1312 | conf 0.922 | persons 3 | 13:09:14.188
[ALERT] Violence  | frame   1317 | conf 0.810 | persons 3 | 13:09:14.373
[ALERT] Violence  | frame   1324 | conf 0.796 | persons 5 | 13:09:14.554
[ALERT] Violence  | frame   1327 | conf 0.758 | persons 4 | 13:09:14.752
[ALERT] Violence  | frame   1333 | conf 0.712 | persons 5 | 13:09:14.927
[ALERT] Violence  | frame   1337 | conf 0.744 | persons 3 | 13:09:15.114
[ALERT] Violence  | frame   1343 | conf 0.779 | persons 5 | 13:09:15.293
[ALERT] Violence  | frame   1350 | conf 0.789 | persons 4 | 13:09:15.506
[ALERT] Violence  | frame   1353 | conf 0.835 | persons 5 | 13:09:15.716
[ALERT] Violence  | frame   1358 | conf 0.878 | persons 5 | 13:09:15.911
[ALERT] Violence  | frame   1380 | conf 0.448 | persons 3 | 13:09:16.650
[ALERT] Violence  | frame   1617 | conf 0.582 | persons 5 | 13:09:24.936
[ALERT] Violence  | frame   1623 | conf 0.563 | persons 6 | 13:09:25.146
[ALERT] Violence  | frame   1630 | conf 0.517 | persons 5 | 13:09:25.355
[ALERT] Violence  | frame   1725 | conf 0.532 | persons 5 | 13:09:28.469
[ALERT] Violence  | frame   1732 | conf 0.481 | persons 5 | 13:09:28.686
[ALERT] Violence  | frame   1739 | conf 0.482 | persons 5 | 13:09:28.915
[ALERT] Violence  | frame   1743 | conf 0.530 | persons 5 | 13:09:29.083
[ALERT] Violence  | frame   1759 | conf 0.643 | persons 6 | 13:09:29.916
[ALERT] Violence  | frame   1761 | conf 0.650 | persons 5 | 13:09:30.106
[ALERT] Violence  | frame   1766 | conf 0.623 | persons 2 | 13:09:30.293
[ALERT] Violence  | frame   2771 | conf 0.510 | persons 4 | 13:10:05.459
[ALERT] Violence  | frame   2776 | conf 0.612 | persons 4 | 13:10:05.685
[ALERT] Violence  | frame   2782 | conf 0.508 | persons 3 | 13:10:05.897
[ALERT] Littering | frame   4462 | objects 1 | 13:11:03.956
[ALERT] Violence  | frame   4691 | conf 0.573 | persons 5 | 13:11:12.189
[ALERT] Violence  | frame   4697 | conf 0.427 | persons 4 | 13:11:12.383
[ALERT] Violence  | frame   4816 | conf 0.832 | persons 3 | 13:11:16.480
[ALERT] Violence  | frame   4821 | conf 0.805 | persons 3 | 13:11:16.664
[ALERT] Violence  | frame   4824 | conf 0.754 | persons 4 | 13:11:16.852
[ALERT] Violence  | frame   4834 | conf 0.630 | persons 4 | 13:11:17.012
[ALERT] Violence  | frame   4854 | conf 0.504 | persons 3 | 13:11:17.525
[ALERT] Violence  | frame   4872 | conf 0.441 | persons 4 | 13:11:18.134

Session ended     : 2026-04-16 13:13:41.855596
Mode              : both
Frames processed  : 8877
Violence alerts   : 40
Littering alerts  : 1
Fire alerts       : 0
Smoke alerts      : 0
Elapsed           : 316.5s

============================================================
Session started: 2026-04-16 13:21:39.606461  [mode=both  fire=ON]
============================================================
[ALERT] Violence  | frame    890 | conf 0.518 | persons 5 | 13:22:12.125
[ALERT] Violence  | frame    895 | conf 0.562 | persons 5 | 13:22:12.308
[ALERT] Violence  | frame    901 | conf 0.530 | persons 5 | 13:22:12.485
[ALERT] Violence  | frame    907 | conf 0.442 | persons 5 | 13:22:12.655
[ALERT] Violence  | frame    913 | conf 0.459 | persons 3 | 13:22:12.828
[ALERT] Violence  | frame    958 | conf 0.741 | persons 4 | 13:22:14.460
[ALERT] Violence  | frame    964 | conf 0.913 | persons 4 | 13:22:14.655
[ALERT] Violence  | frame    968 | conf 0.879 | persons 4 | 13:22:14.827
[ALERT] Violence  | frame    975 | conf 0.883 | persons 4 | 13:22:14.990
[ALERT] Violence  | frame    980 | conf 0.880 | persons 4 | 13:22:15.173
[ALERT] Violence  | frame    984 | conf 0.804 | persons 3 | 13:22:15.344
[ALERT] Violence  | frame    988 | conf 0.733 | persons 2 | 13:22:15.508
[ALERT] Violence  | frame   1002 | conf 0.684 | persons 2 | 13:22:15.739
[ALERT] Violence  | frame   1012 | conf 0.643 | persons 2 | 13:22:16.073
[ALERT] Violence  | frame   1021 | conf 0.473 | persons 4 | 13:22:16.413
[ALERT] Violence  | frame   1029 | conf 0.464 | persons 4 | 13:22:16.669
[ALERT] Violence  | frame   1033 | conf 0.549 | persons 3 | 13:22:16.867
[ALERT] Violence  | frame   1036 | conf 0.667 | persons 5 | 13:22:17.056
[ALERT] Violence  | frame   1040 | conf 0.716 | persons 4 | 13:22:17.231
[ALERT] Violence  | frame   1041 | conf 0.826 | persons 4 | 13:22:17.393
[ALERT] Violence  | frame   1046 | conf 0.724 | persons 3 | 13:22:17.557
[ALERT] Violence  | frame   1052 | conf 0.527 | persons 3 | 13:22:17.741
[ALERT] Violence  | frame   1653 | conf 0.665 | persons 5 | 13:22:38.632
[ALERT] Violence  | frame   1658 | conf 0.617 | persons 3 | 13:22:38.825
[ALERT] Violence  | frame   1661 | conf 0.624 | persons 3 | 13:22:38.987
[ALERT] Violence  | frame   1667 | conf 0.706 | persons 5 | 13:22:39.159
[ALERT] Violence  | frame   1672 | conf 0.541 | persons 4 | 13:22:39.344
[ALERT] Violence  | frame   1677 | conf 0.464 | persons 3 | 13:22:39.507
[ALERT] Violence  | frame   1682 | conf 0.483 | persons 3 | 13:22:39.673
[ALERT] Violence  | frame   1736 | conf 0.611 | persons 3 | 13:22:41.650
[ALERT] Violence  | frame   1741 | conf 0.483 | persons 4 | 13:22:41.875
[ALERT] Violence  | frame   1747 | conf 0.525 | persons 4 | 13:22:42.154
[ALERT] Violence  | frame   1751 | conf 0.576 | persons 2 | 13:22:42.344
[ALERT] Violence  | frame   1757 | conf 0.677 | persons 2 | 13:22:42.515
[ALERT] Violence  | frame   1765 | conf 0.509 | persons 2 | 13:22:42.724
[ALERT] Violence  | frame   1770 | conf 0.597 | persons 2 | 13:22:42.907
[ALERT] Violence  | frame   1776 | conf 0.659 | persons 3 | 13:22:43.105
[ALERT] Violence  | frame   1783 | conf 0.669 | persons 4 | 13:22:43.319
[ALERT] Violence  | frame   1787 | conf 0.702 | persons 3 | 13:22:43.513
[ALERT] Violence  | frame   1793 | conf 0.744 | persons 4 | 13:22:43.693
[ALERT] Violence  | frame   1799 | conf 0.664 | persons 4 | 13:22:43.901
[ALERT] Violence  | frame   1805 | conf 0.547 | persons 4 | 13:22:44.113
[ALERT] Violence  | frame   1813 | conf 0.473 | persons 3 | 13:22:44.291
[ALERT] Violence  | frame   1997 | conf 0.490 | persons 3 | 13:22:50.725
[ALERT] Violence  | frame   2003 | conf 0.434 | persons 5 | 13:22:50.908
[ALERT] Violence  | frame   2064 | conf 0.453 | persons 5 | 13:22:53.072
[ALERT] Violence  | frame   2068 | conf 0.527 | persons 5 | 13:22:53.264
[ALERT] Violence  | frame   2076 | conf 0.456 | persons 5 | 13:22:53.433
[ALERT] Violence  | frame   2146 | conf 0.728 | persons 6 | 13:22:55.682
[ALERT] Violence  | frame   2149 | conf 0.776 | persons 5 | 13:22:55.865
[ALERT] Violence  | frame   2153 | conf 0.615 | persons 5 | 13:22:56.074
[ALERT] Violence  | frame   2159 | conf 0.595 | persons 5 | 13:22:56.259
[ALERT] Violence  | frame   2161 | conf 0.606 | persons 5 | 13:22:56.450
[ALERT] Violence  | frame   2168 | conf 0.532 | persons 7 | 13:22:56.662
[ALERT] Violence  | frame   2171 | conf 0.476 | persons 6 | 13:22:56.826
[ALERT] Violence  | frame   2174 | conf 0.474 | persons 3 | 13:22:57.004
[ALERT] FIRE       | frame   2930 | objects 1 | 13:23:23.403
[ALERT] FIRE       | frame   2933 | objects 1 | 13:23:23.572
[ALERT] FIRE       | frame   2944 | objects 1 | 13:23:23.741
[ALERT] FIRE       | frame   2972 | objects 1 | 13:23:24.755
[ALERT] FIRE       | frame   2990 | objects 1 | 13:23:25.571
[ALERT] FIRE       | frame   2994 | objects 1 | 13:23:25.785
[ALERT] FIRE       | frame   3025 | objects 1 | 13:23:26.597
[ALERT] FIRE       | frame   3029 | objects 1 | 13:23:26.765
[ALERT] FIRE       | frame   3047 | objects 1 | 13:23:27.426
[ALERT] FIRE       | frame   3054 | objects 1 | 13:23:27.671
[ALERT] FIRE       | frame   3064 | objects 1 | 13:23:28.047
[ALERT] FIRE       | frame   3148 | objects 1 | 13:23:30.936
[ALERT] FIRE       | frame   3216 | objects 1 | 13:23:33.279
[ALERT] FIRE       | frame   3513 | objects 1 | 13:23:43.582
[ALERT] FIRE       | frame   4112 | objects 1 | 13:24:05.280
[ALERT] FIRE       | frame   4119 | objects 1 | 13:24:05.559
[ALERT] FIRE       | frame   4126 | objects 1 | 13:24:05.793
[ALERT] FIRE       | frame   4132 | objects 1 | 13:24:06.036
[ALERT] FIRE       | frame   4137 | objects 1 | 13:24:06.381
[ALERT] FIRE       | frame   4144 | objects 1 | 13:24:06.614
[ALERT] FIRE       | frame   4151 | objects 1 | 13:24:06.830
[ALERT] FIRE       | frame   4161 | objects 1 | 13:24:07.150
[ALERT] FIRE       | frame   4168 | objects 1 | 13:24:07.384
[ALERT] FIRE       | frame   4175 | objects 1 | 13:24:07.597
[ALERT] FIRE       | frame   4196 | objects 1 | 13:24:08.471
[ALERT] FIRE       | frame   4205 | objects 1 | 13:24:08.790
[ALERT] FIRE       | frame   4213 | objects 1 | 13:24:09.056
[ALERT] FIRE       | frame   4222 | objects 1 | 13:24:09.279
[ALERT] FIRE       | frame   4230 | objects 1 | 13:24:09.572
[ALERT] FIRE       | frame   4238 | objects 1 | 13:24:09.904
[ALERT] FIRE       | frame   4245 | objects 1 | 13:24:10.172
[ALERT] FIRE       | frame   4253 | objects 1 | 13:24:10.408
[ALERT] FIRE       | frame   4262 | objects 1 | 13:24:10.609
[ALERT] FIRE       | frame   4271 | objects 1 | 13:24:10.842
[ALERT] FIRE       | frame   4284 | objects 1 | 13:24:11.177
[ALERT] FIRE       | frame   4696 | objects 1 | 13:24:25.961
[ALERT] FIRE       | frame   4721 | objects 1 | 13:24:26.797
[ALERT] FIRE       | frame   4737 | objects 1 | 13:24:27.377
[ALERT] FIRE       | frame   4744 | objects 1 | 13:24:27.625
[ALERT] FIRE       | frame   4750 | objects 1 | 13:24:27.842
[ALERT] FIRE       | frame   4754 | objects 1 | 13:24:28.055
[ALERT] FIRE       | frame   4760 | objects 1 | 13:24:28.307
[ALERT] FIRE       | frame   4766 | objects 1 | 13:24:28.533
[ALERT] FIRE       | frame   4772 | objects 1 | 13:24:28.739
[ALERT] FIRE       | frame   4783 | objects 1 | 13:24:29.038
[ALERT] FIRE       | frame   4791 | objects 1 | 13:24:29.244
[ALERT] FIRE       | frame   4793 | objects 1 | 13:24:29.463
[ALERT] FIRE       | frame   4800 | objects 1 | 13:24:29.684
[ALERT] FIRE       | frame   4808 | objects 1 | 13:24:29.887
[ALERT] FIRE       | frame   4813 | objects 1 | 13:24:30.107
[ALERT] FIRE       | frame   4819 | objects 1 | 13:24:30.439
[ALERT] FIRE       | frame   4824 | objects 1 | 13:24:30.655
[ALERT] FIRE       | frame   4831 | objects 1 | 13:24:30.884
[ALERT] FIRE       | frame   4841 | objects 1 | 13:24:31.118
[ALERT] FIRE       | frame   4845 | objects 1 | 13:24:31.525
[ALERT] FIRE       | frame   4851 | objects 1 | 13:24:31.868
[ALERT] FIRE       | frame   4859 | objects 1 | 13:24:32.191
[ALERT] FIRE       | frame   4872 | objects 1 | 13:24:32.535
[ALERT] FIRE       | frame   4879 | objects 1 | 13:24:33.104
[ALERT] FIRE       | frame   4889 | objects 1 | 13:24:33.383
[ALERT] FIRE       | frame   4899 | objects 1 | 13:24:33.622
[ALERT] FIRE       | frame   4916 | objects 1 | 13:24:33.846
[ALERT] FIRE       | frame   4924 | objects 1 | 13:24:34.074
[ALERT] FIRE       | frame   4929 | objects 1 | 13:24:34.388
[ALERT] FIRE       | frame   4934 | objects 1 | 13:24:34.619
[ALERT] FIRE       | frame   4939 | objects 1 | 13:24:34.820
[ALERT] FIRE       | frame   4946 | objects 1 | 13:24:35.052
[ALERT] FIRE       | frame   4952 | objects 1 | 13:24:35.312

Session ended     : 2026-04-16 13:24:39.783809
Mode              : both
Frames processed  : 5012
Violence alerts   : 56
Littering alerts  : 0
Fire alerts       : 68
Smoke alerts      : 0
Elapsed           : 180.1s

============================================================
Session started: 2026-04-16 13:25:24.349530  [mode=both  fire=ON]
============================================================

Session ended     : 2026-04-16 13:28:09.695396
Mode              : both
Frames processed  : 4643
Violence alerts   : 0
Littering alerts  : 0
Fire alerts       : 0
Smoke alerts      : 0
Elapsed           : 165.3s

============================================================
Session started: 2026-04-16 13:36:36.636049  [mode=both  fire=ON]
============================================================
[ALERT] Littering | frame    298 | objects 1 | 13:36:47.759
[ALERT] Littering | frame    300 | objects 1 | 13:36:47.858
[ALERT] Littering | frame    311 | objects 1 | 13:36:48.166
[ALERT] Littering | frame    312 | objects 1 | 13:36:48.263
[ALERT] Littering | frame    314 | objects 1 | 13:36:48.353
[ALERT] Littering | frame    317 | objects 1 | 13:36:48.446
[ALERT] Littering | frame    327 | objects 1 | 13:36:48.762
[ALERT] Littering | frame    329 | objects 1 | 13:36:48.852
[ALERT] Littering | frame    332 | objects 1 | 13:36:48.948
[ALERT] Littering | frame    334 | objects 1 | 13:36:49.043
[ALERT] Littering | frame    337 | objects 1 | 13:36:49.132
[ALERT] Littering | frame    340 | objects 1 | 13:36:49.226
[ALERT] Littering | frame    348 | objects 1 | 13:36:49.479
[ALERT] Littering | frame    350 | objects 1 | 13:36:49.575
[ALERT] Littering | frame    353 | objects 1 | 13:36:49.665
[ALERT] Littering | frame    371 | objects 1 | 13:36:50.279
[ALERT] Littering | frame    373 | objects 1 | 13:36:50.372
[ALERT] Littering | frame    377 | objects 1 | 13:36:50.464
[ALERT] Littering | frame    379 | objects 1 | 13:36:50.560
[ALERT] Littering | frame    389 | objects 1 | 13:36:50.812
[ALERT] Littering | frame    390 | objects 1 | 13:36:50.905
[ALERT] Littering | frame    392 | objects 1 | 13:36:50.999
[ALERT] Littering | frame    396 | objects 1 | 13:36:51.096
[ALERT] Littering | frame    399 | objects 1 | 13:36:51.186
[ALERT] Littering | frame    405 | objects 1 | 13:36:51.281
[ALERT] Littering | frame    410 | objects 1 | 13:36:51.432
[ALERT] Littering | frame    413 | objects 1 | 13:36:51.526
[ALERT] Littering | frame    415 | objects 1 | 13:36:51.623
[ALERT] Littering | frame    417 | objects 1 | 13:36:51.719
[ALERT] Littering | frame    428 | objects 1 | 13:36:52.034
[ALERT] Littering | frame    431 | objects 1 | 13:36:52.153
[ALERT] Littering | frame    450 | objects 1 | 13:36:52.798
[ALERT] Littering | frame    462 | objects 1 | 13:36:53.221
[ALERT] Littering | frame    466 | objects 1 | 13:36:53.330
[ALERT] Littering | frame    469 | objects 1 | 13:36:53.433
[ALERT] Littering | frame    477 | objects 1 | 13:36:53.702
[ALERT] Littering | frame    484 | objects 1 | 13:36:53.943
[ALERT] Littering | frame    488 | objects 1 | 13:36:54.077
[ALERT] Littering | frame    491 | objects 1 | 13:36:54.180
[ALERT] Littering | frame    524 | objects 1 | 13:36:55.407
[ALERT] Littering | frame    525 | objects 1 | 13:36:55.524
[ALERT] Littering | frame    530 | objects 1 | 13:36:55.621
[ALERT] Littering | frame    531 | objects 1 | 13:36:55.715
[ALERT] Littering | frame    534 | objects 1 | 13:36:55.805
[ALERT] Littering | frame    538 | objects 1 | 13:36:55.904
[ALERT] Littering | frame    540 | objects 1 | 13:36:56.005
[ALERT] Littering | frame    542 | objects 1 | 13:36:56.097
[ALERT] Littering | frame    545 | objects 1 | 13:36:56.197
[ALERT] Littering | frame    549 | objects 1 | 13:36:56.290
[ALERT] Littering | frame    551 | objects 1 | 13:36:56.379
[ALERT] Littering | frame    554 | objects 1 | 13:36:56.478
[ALERT] Littering | frame    557 | objects 1 | 13:36:56.576
[ALERT] Littering | frame    559 | objects 1 | 13:36:56.672
[ALERT] Littering | frame    564 | objects 1 | 13:36:56.776
[ALERT] Littering | frame    566 | objects 1 | 13:36:56.881
[ALERT] Littering | frame    568 | objects 1 | 13:36:56.981
[ALERT] Littering | frame    571 | objects 1 | 13:36:57.155
[ALERT] Littering | frame    574 | objects 1 | 13:36:57.257
[ALERT] Littering | frame    579 | objects 1 | 13:36:57.348
[ALERT] Littering | frame    583 | objects 1 | 13:36:57.447
[ALERT] Littering | frame    585 | objects 1 | 13:36:57.539
[ALERT] Littering | frame    587 | objects 1 | 13:36:57.634
[ALERT] Littering | frame    590 | objects 1 | 13:36:57.729
[ALERT] Littering | frame    593 | objects 1 | 13:36:57.831
[ALERT] Littering | frame    595 | objects 1 | 13:36:57.926
[ALERT] Littering | frame    604 | objects 1 | 13:36:58.174
[ALERT] Littering | frame    606 | objects 1 | 13:36:58.275
[ALERT] Littering | frame    610 | objects 1 | 13:36:58.372
[ALERT] Littering | frame    614 | objects 1 | 13:36:58.509
[ALERT] Littering | frame    616 | objects 1 | 13:36:58.605
[ALERT] Littering | frame    617 | objects 1 | 13:36:58.697
[ALERT] Littering | frame    623 | objects 1 | 13:36:58.816
[ALERT] Littering | frame    626 | objects 1 | 13:36:58.921
[ALERT] Littering | frame    630 | objects 1 | 13:36:59.025
[ALERT] Littering | frame    631 | objects 1 | 13:36:59.116
[ALERT] Littering | frame    633 | objects 1 | 13:36:59.215
[ALERT] Littering | frame    636 | objects 1 | 13:36:59.307
[ALERT] Littering | frame    645 | objects 1 | 13:36:59.557
[ALERT] Littering | frame    646 | objects 1 | 13:36:59.650
[ALERT] Littering | frame    655 | objects 1 | 13:36:59.917
[ALERT] Littering | frame    657 | objects 1 | 13:37:00.058
[ALERT] Littering | frame    660 | objects 1 | 13:37:00.179
[ALERT] Littering | frame    662 | objects 1 | 13:37:00.284
[ALERT] Littering | frame    666 | objects 1 | 13:37:00.388
[ALERT] Littering | frame    672 | objects 1 | 13:37:00.491
[ALERT] Littering | frame    675 | objects 1 | 13:37:00.599
[ALERT] Littering | frame    676 | objects 1 | 13:37:00.718
[ALERT] Littering | frame    679 | objects 1 | 13:37:00.831
[ALERT] Littering | frame    682 | objects 1 | 13:37:00.922
[ALERT] Littering | frame    686 | objects 1 | 13:37:01.023
[ALERT] Littering | frame    688 | objects 1 | 13:37:01.121
[ALERT] Littering | frame    691 | objects 1 | 13:37:01.212
[ALERT] Littering | frame    696 | objects 1 | 13:37:01.308
[ALERT] Littering | frame    698 | objects 1 | 13:37:01.404
[ALERT] Littering | frame    700 | objects 1 | 13:37:01.494
[ALERT] Littering | frame    703 | objects 1 | 13:37:01.590
[ALERT] Littering | frame    705 | objects 1 | 13:37:01.687
[ALERT] Littering | frame    708 | objects 1 | 13:37:01.778
[ALERT] Littering | frame    711 | objects 1 | 13:37:01.877
[ALERT] Littering | frame    717 | objects 1 | 13:37:01.975
[ALERT] Littering | frame    719 | objects 1 | 13:37:02.068
[ALERT] Littering | frame    720 | objects 1 | 13:37:02.165
[ALERT] Littering | frame    722 | objects 1 | 13:37:02.266
[ALERT] Littering | frame    724 | objects 1 | 13:37:02.359
[ALERT] Littering | frame    727 | objects 1 | 13:37:02.456
[ALERT] Littering | frame    731 | objects 1 | 13:37:02.556
[ALERT] Littering | frame    734 | objects 1 | 13:37:02.651
[ALERT] Littering | frame    736 | objects 1 | 13:37:02.749
[ALERT] Littering | frame    742 | objects 1 | 13:37:02.847
[ALERT] Littering | frame    745 | objects 1 | 13:37:02.941
[ALERT] Littering | frame    753 | objects 1 | 13:37:03.149
[ALERT] Littering | frame    759 | objects 1 | 13:37:03.356
[ALERT] Littering | frame    760 | objects 1 | 13:37:03.450
[ALERT] Littering | frame    763 | objects 1 | 13:37:03.558
[ALERT] Littering | frame    770 | objects 1 | 13:37:03.726
[ALERT] Littering | frame    772 | objects 1 | 13:37:03.821
[ALERT] Littering | frame    777 | objects 1 | 13:37:03.972
[ALERT] Littering | frame    779 | objects 1 | 13:37:04.070
[ALERT] Littering | frame    780 | objects 1 | 13:37:04.161
[ALERT] Littering | frame    782 | objects 1 | 13:37:04.261
[ALERT] Littering | frame    785 | objects 1 | 13:37:04.365
[ALERT] Littering | frame    786 | objects 1 | 13:37:04.454
[ALERT] Littering | frame    789 | objects 1 | 13:37:04.555
[ALERT] Littering | frame    791 | objects 1 | 13:37:04.653
[ALERT] Littering | frame    794 | objects 1 | 13:37:04.742
[ALERT] Littering | frame    797 | objects 1 | 13:37:04.848
[ALERT] Littering | frame    917 | objects 1 | 13:37:08.754
[ALERT] Littering | frame    962 | objects 1 | 13:37:10.347
[ALERT] Littering | frame    995 | objects 1 | 13:37:11.637
[ALERT] Littering | frame    997 | objects 1 | 13:37:11.747
[ALERT] Littering | frame    999 | objects 1 | 13:37:11.836
[ALERT] Littering | frame   1001 | objects 1 | 13:37:11.956
[ALERT] Littering | frame   1037 | objects 1 | 13:37:13.004
[ALERT] Littering | frame   1041 | objects 1 | 13:37:13.136
[ALERT] Littering | frame   1045 | objects 1 | 13:37:13.259
[ALERT] Littering | frame   1048 | objects 1 | 13:37:13.384
[ALERT] Littering | frame   1083 | objects 1 | 13:37:14.606
[ALERT] Littering | frame   1087 | objects 1 | 13:37:14.738
[ALERT] Littering | frame   1094 | objects 1 | 13:37:14.957
[ALERT] Littering | frame   1103 | objects 1 | 13:37:15.284
[ALERT] Littering | frame   1116 | objects 1 | 13:37:15.726
[ALERT] Littering | frame   1128 | objects 1 | 13:37:16.140
[ALERT] Littering | frame   1141 | objects 1 | 13:37:16.600
[ALERT] Littering | frame   1307 | objects 1 | 13:37:22.354
[ALERT] Littering | frame   1309 | objects 1 | 13:37:22.464
[ALERT] Littering | frame   1313 | objects 1 | 13:37:22.562
[ALERT] Littering | frame   1316 | objects 1 | 13:37:22.655
[ALERT] Littering | frame   1322 | objects 2 | 13:37:22.832
[ALERT] Littering | frame   1326 | objects 1 | 13:37:22.991
[ALERT] Littering | frame   1344 | objects 1 | 13:37:23.653
[ALERT] Littering | frame   1353 | objects 1 | 13:37:23.952
[ALERT] Littering | frame   1360 | objects 1 | 13:37:24.241
[ALERT] Littering | frame   1362 | objects 1 | 13:37:24.339
[ALERT] Littering | frame   1393 | objects 1 | 13:37:25.306
[ALERT] Littering | frame   1478 | objects 1 | 13:37:28.222
[ALERT] Littering | frame   1489 | objects 1 | 13:37:28.569
[ALERT] Littering | frame   1498 | objects 1 | 13:37:28.895
[ALERT] Littering | frame   1501 | objects 1 | 13:37:28.993
[ALERT] Littering | frame   1509 | objects 1 | 13:37:29.252
[ALERT] Littering | frame   1511 | objects 1 | 13:37:29.347
[ALERT] Littering | frame   1521 | objects 1 | 13:37:29.662
[ALERT] Littering | frame   1523 | objects 1 | 13:37:29.757

Session ended     : 2026-04-16 13:37:51.682681
Mode              : both
Frames processed  : 2141
Violence alerts   : 0
Littering alerts  : 162
Fire alerts       : 0
Smoke alerts      : 0
Elapsed           : 74.7s

============================================================
Session started: 2026-04-16 14:14:34.091441  [mode=both  fire=ON]
============================================================
[ALERT] Littering | frame     67 | objects 1 | 14:14:37.136
[ALERT] Littering | frame     69 | objects 1 | 14:14:37.223
[ALERT] Littering | frame    110 | objects 1 | 14:14:38.517
[ALERT] Littering | frame    112 | objects 1 | 14:14:38.603
[ALERT] Littering | frame    116 | objects 1 | 14:14:38.717
[ALERT] Littering | frame    150 | objects 1 | 14:14:39.870
[ALERT] Littering | frame    155 | objects 1 | 14:14:40.043
[ALERT] Littering | frame    191 | objects 1 | 14:14:41.271
[ALERT] Littering | frame    197 | objects 1 | 14:14:41.460
[ALERT] Littering | frame    469 | objects 1 | 14:14:50.852
[ALERT] Littering | frame    470 | objects 1 | 14:14:50.953
[ALERT] Littering | frame    472 | objects 1 | 14:14:51.045
[ALERT] Littering | frame    474 | objects 1 | 14:14:51.161
[ALERT] Littering | frame    475 | objects 1 | 14:14:51.248
[ALERT] Littering | frame    478 | objects 1 | 14:14:51.335
[ALERT] Littering | frame    482 | objects 1 | 14:14:51.421
[ALERT] Littering | frame    484 | objects 1 | 14:14:51.507
[ALERT] Littering | frame    486 | objects 1 | 14:14:51.595
[ALERT] Littering | frame    488 | objects 1 | 14:14:51.678
[ALERT] Littering | frame    491 | objects 1 | 14:14:51.765
[ALERT] Littering | frame    493 | objects 1 | 14:14:51.851
[ALERT] Littering | frame    496 | objects 1 | 14:14:51.939
[ALERT] Littering | frame    499 | objects 1 | 14:14:52.027
[ALERT] Littering | frame    501 | objects 1 | 14:14:52.116
[ALERT] Littering | frame    504 | objects 1 | 14:14:52.203
[ALERT] Littering | frame    506 | objects 1 | 14:14:52.291
[ALERT] Littering | frame    509 | objects 1 | 14:14:52.396
[ALERT] Littering | frame    511 | objects 1 | 14:14:52.484
[ALERT] Littering | frame    514 | objects 1 | 14:14:52.572
[ALERT] Littering | frame    522 | objects 1 | 14:14:52.807
[ALERT] Littering | frame    524 | objects 1 | 14:14:52.896
[ALERT] Littering | frame    534 | objects 1 | 14:14:53.189
[ALERT] Littering | frame    536 | objects 1 | 14:14:53.274
[ALERT] Littering | frame    538 | objects 1 | 14:14:53.362
[ALERT] Littering | frame    541 | objects 1 | 14:14:53.449
[ALERT] Littering | frame    543 | objects 1 | 14:14:53.539
[ALERT] Littering | frame    566 | objects 1 | 14:14:54.388
[ALERT] Littering | frame    585 | objects 1 | 14:14:54.907
[ALERT] Littering | frame    586 | objects 1 | 14:14:54.995
[ALERT] Littering | frame    588 | objects 1 | 14:14:55.120
[ALERT] Littering | frame    892 | objects 1 | 14:15:05.379
[ALERT] Littering | frame    896 | objects 1 | 14:15:05.472
[ALERT] Littering | frame    903 | objects 1 | 14:15:05.758
[ALERT] Littering | frame    910 | objects 1 | 14:15:05.988
[ALERT] Littering | frame    912 | objects 1 | 14:15:06.078
[ALERT] Littering | frame    914 | objects 1 | 14:15:06.159
[ALERT] Littering | frame    937 | objects 1 | 14:15:06.837
[ALERT] Littering | frame    938 | objects 1 | 14:15:06.926
[ALERT] Littering | frame    941 | objects 1 | 14:15:07.010
[ALERT] Littering | frame    942 | objects 1 | 14:15:07.100
[ALERT] Littering | frame    945 | objects 1 | 14:15:07.185
[ALERT] Littering | frame    947 | objects 1 | 14:15:07.270
[ALERT] Littering | frame    951 | objects 1 | 14:15:07.355
[ALERT] Littering | frame    953 | objects 1 | 14:15:07.443
[ALERT] Littering | frame    956 | objects 1 | 14:15:07.554
[ALERT] Littering | frame    957 | objects 2 | 14:15:07.671
[ALERT] Littering | frame    970 | objects 1 | 14:15:07.973
[ALERT] Littering | frame    973 | objects 1 | 14:15:08.056
[ALERT] Littering | frame    988 | objects 1 | 14:15:08.614
[ALERT] Littering | frame    990 | objects 1 | 14:15:08.703
[ALERT] Littering | frame   1000 | objects 1 | 14:15:08.988
[ALERT] Littering | frame   1001 | objects 1 | 14:15:09.073
[ALERT] Littering | frame   1005 | objects 1 | 14:15:09.159
[ALERT] Littering | frame   1007 | objects 1 | 14:15:09.248
[ALERT] Littering | frame   1009 | objects 1 | 14:15:09.333
[ALERT] Littering | frame   1012 | objects 1 | 14:15:09.420
[ALERT] Littering | frame   1013 | objects 1 | 14:15:09.505
[ALERT] Littering | frame   1018 | objects 1 | 14:15:09.588
[ALERT] Littering | frame   1020 | objects 1 | 14:15:09.675
[ALERT] Littering | frame   1028 | objects 1 | 14:15:09.902
[ALERT] Littering | frame   1030 | objects 1 | 14:15:09.987
[ALERT] Littering | frame   1032 | objects 1 | 14:15:10.074
[ALERT] Littering | frame   1033 | objects 1 | 14:15:10.161
[ALERT] Littering | frame   1040 | objects 1 | 14:15:10.287
[ALERT] Littering | frame   1065 | objects 1 | 14:15:11.135
[ALERT] Littering | frame   1066 | objects 1 | 14:15:11.231
[ALERT] Littering | frame   1069 | objects 1 | 14:15:11.317
[ALERT] Littering | frame   1078 | objects 1 | 14:15:11.577
[ALERT] Littering | frame   1086 | objects 1 | 14:15:11.844
[ALERT] Littering | frame   1089 | objects 1 | 14:15:11.947
[ALERT] Littering | frame   1090 | objects 1 | 14:15:12.030
[ALERT] Littering | frame   1096 | objects 1 | 14:15:12.260
[ALERT] Littering | frame   1098 | objects 1 | 14:15:12.345
[ALERT] Littering | frame   1099 | objects 1 | 14:15:12.429
[ALERT] Littering | frame   1106 | objects 1 | 14:15:12.656
[ALERT] Littering | frame   1108 | objects 1 | 14:15:12.739
[ALERT] Littering | frame   1111 | objects 1 | 14:15:12.858
[ALERT] Littering | frame   1114 | objects 1 | 14:15:12.952
[ALERT] Littering | frame   1134 | objects 2 | 14:15:13.622
[ALERT] Littering | frame   1136 | objects 1 | 14:15:13.714
[ALERT] Littering | frame   1139 | objects 1 | 14:15:13.800
[ALERT] Littering | frame   1141 | objects 1 | 14:15:13.885
[ALERT] Littering | frame   1145 | objects 1 | 14:15:13.974
[ALERT] Littering | frame   1148 | objects 1 | 14:15:14.059
[ALERT] Littering | frame   1151 | objects 1 | 14:15:14.147
[ALERT] Littering | frame   1152 | objects 1 | 14:15:14.230
[ALERT] Littering | frame   1155 | objects 1 | 14:15:14.316
[ALERT] Littering | frame   1157 | objects 1 | 14:15:14.401
[ALERT] Littering | frame   1160 | objects 2 | 14:15:14.483
[ALERT] Littering | frame   1163 | objects 1 | 14:15:14.567
[ALERT] Littering | frame   1165 | objects 1 | 14:15:14.651
[ALERT] Littering | frame   1168 | objects 1 | 14:15:14.734
[ALERT] Littering | frame   1169 | objects 1 | 14:15:14.818
[ALERT] Littering | frame   1171 | objects 1 | 14:15:14.903
[ALERT] Littering | frame   1182 | objects 1 | 14:15:15.130
[ALERT] Littering | frame   1183 | objects 2 | 14:15:15.211
[ALERT] Littering | frame   1189 | objects 1 | 14:15:15.438
[ALERT] Littering | frame   1195 | objects 1 | 14:15:15.659
[ALERT] Littering | frame   1196 | objects 1 | 14:15:15.744
[ALERT] Littering | frame   1199 | objects 1 | 14:15:15.828
[ALERT] Littering | frame   1201 | objects 1 | 14:15:15.910
[ALERT] Littering | frame   1204 | objects 1 | 14:15:15.995
[ALERT] Littering | frame   1206 | objects 1 | 14:15:16.080
[ALERT] Littering | frame   1217 | objects 1 | 14:15:16.305
[ALERT] Littering | frame   1219 | objects 1 | 14:15:16.389
[ALERT] Littering | frame   1226 | objects 1 | 14:15:16.608
[ALERT] Littering | frame   1230 | objects 2 | 14:15:16.739
[ALERT] Littering | frame   1231 | objects 1 | 14:15:16.822
[ALERT] Littering | frame   1233 | objects 1 | 14:15:16.909
[ALERT] Littering | frame   1240 | objects 1 | 14:15:17.076
[ALERT] Littering | frame   1242 | objects 1 | 14:15:17.156
[ALERT] Littering | frame   1245 | objects 1 | 14:15:17.250
[ALERT] Littering | frame   1247 | objects 2 | 14:15:17.336
[ALERT] Littering | frame   1250 | objects 2 | 14:15:17.417
[ALERT] Littering | frame   1255 | objects 1 | 14:15:17.590
[ALERT] Littering | frame   1259 | objects 1 | 14:15:17.722
[ALERT] Littering | frame   1264 | objects 1 | 14:15:17.888
[ALERT] Littering | frame   1265 | objects 2 | 14:15:17.974
[ALERT] Littering | frame   1269 | objects 2 | 14:15:18.064
[ALERT] Littering | frame   1271 | objects 1 | 14:15:18.147
[ALERT] Littering | frame   1272 | objects 1 | 14:15:18.234
[ALERT] Littering | frame   1277 | objects 1 | 14:15:18.471
[ALERT] Littering | frame   1286 | objects 1 | 14:15:18.775

============================================================
Session started: 2026-04-16 15:14:57.133667  [mode=both  fire=ON]
============================================================
[ALERT] Littering | frame    751 | objects 1 | 15:15:25.244
[ALERT] Littering | frame    752 | objects 1 | 15:15:25.337
[ALERT] Littering | frame    754 | objects 1 | 15:15:25.422
[ALERT] Littering | frame    756 | objects 1 | 15:15:25.520
[ALERT] Littering | frame    759 | objects 1 | 15:15:25.616
[ALERT] Littering | frame    761 | objects 1 | 15:15:25.711
[ALERT] Littering | frame    764 | objects 1 | 15:15:25.799
[ALERT] Littering | frame    767 | objects 1 | 15:15:25.894
[ALERT] Littering | frame    770 | objects 1 | 15:15:25.994
[ALERT] Littering | frame    773 | objects 1 | 15:15:26.099
[ALERT] Littering | frame    775 | objects 1 | 15:15:26.190
[ALERT] Littering | frame    777 | objects 1 | 15:15:26.287
[ALERT] Littering | frame    780 | objects 1 | 15:15:26.397
[ALERT] Littering | frame    783 | objects 1 | 15:15:26.494
[ALERT] Littering | frame    786 | objects 1 | 15:15:26.599
[ALERT] Littering | frame    807 | objects 1 | 15:15:27.356
[ALERT] Littering | frame    811 | objects 1 | 15:15:27.470
[ALERT] Littering | frame    816 | objects 1 | 15:15:27.598
[ALERT] Littering | frame    817 | objects 1 | 15:15:27.719
[ALERT] Littering | frame    821 | objects 1 | 15:15:27.834
[ALERT] Littering | frame    826 | objects 1 | 15:15:27.948
[ALERT] Littering | frame    828 | objects 1 | 15:15:28.069
[ALERT] Littering | frame    831 | objects 1 | 15:15:28.185
[ALERT] Littering | frame    835 | objects 1 | 15:15:28.311
[ALERT] Littering | frame    842 | objects 1 | 15:15:28.435
[ALERT] Littering | frame    844 | objects 1 | 15:15:28.555
[ALERT] Littering | frame    847 | objects 1 | 15:15:28.676
[ALERT] Littering | frame    868 | objects 1 | 15:15:29.423
[ALERT] Littering | frame    872 | objects 1 | 15:15:29.550
[ALERT] Littering | frame    876 | objects 1 | 15:15:29.670
[ALERT] Littering | frame    878 | objects 1 | 15:15:29.802
[ALERT] Littering | frame    882 | objects 1 | 15:15:29.927
[ALERT] Littering | frame    886 | objects 1 | 15:15:30.045
[ALERT] Littering | frame    890 | objects 1 | 15:15:30.171
[ALERT] Littering | frame    893 | objects 1 | 15:15:30.292
[ALERT] Littering | frame    897 | objects 1 | 15:15:30.416
[ALERT] Littering | frame    901 | objects 1 | 15:15:30.541
[ALERT] Littering | frame    904 | objects 1 | 15:15:30.665
[ALERT] Littering | frame    912 | objects 1 | 15:15:30.786
[ALERT] Littering | frame    934 | objects 1 | 15:15:31.479
[ALERT] Littering | frame    936 | objects 1 | 15:15:31.600
[ALERT] Littering | frame    938 | objects 1 | 15:15:31.740
[ALERT] Littering | frame    940 | objects 1 | 15:15:31.862
[ALERT] Littering | frame    942 | objects 1 | 15:15:31.982
[ALERT] Littering | frame    946 | objects 1 | 15:15:32.109
[ALERT] Littering | frame    950 | objects 1 | 15:15:32.230
[ALERT] Littering | frame    954 | objects 1 | 15:15:32.344
[ALERT] Littering | frame    957 | objects 1 | 15:15:32.473
[ALERT] Littering | frame    961 | objects 1 | 15:15:32.604
[ALERT] Littering | frame    965 | objects 1 | 15:15:32.726
[ALERT] Littering | frame    969 | objects 1 | 15:15:32.864
[ALERT] Littering | frame    988 | objects 1 | 15:15:33.475
[ALERT] Littering | frame    991 | objects 1 | 15:15:33.603
[ALERT] Littering | frame    996 | objects 1 | 15:15:33.731
[ALERT] Littering | frame    999 | objects 1 | 15:15:33.851
[ALERT] Littering | frame   1001 | objects 1 | 15:15:33.974
[ALERT] Littering | frame   1006 | objects 1 | 15:15:34.094
[ALERT] Littering | frame   1009 | objects 1 | 15:15:34.205
[ALERT] Littering | frame   1016 | objects 1 | 15:15:34.335
[ALERT] Littering | frame   1019 | objects 1 | 15:15:34.456
[ALERT] Littering | frame   1021 | objects 1 | 15:15:34.575
[ALERT] Littering | frame   1023 | objects 1 | 15:15:34.691
[ALERT] Littering | frame   1028 | objects 1 | 15:15:34.814
[ALERT] Littering | frame   1049 | objects 1 | 15:15:35.564
[ALERT] Littering | frame   1052 | objects 1 | 15:15:35.683
[ALERT] Littering | frame   1056 | objects 1 | 15:15:35.802
[ALERT] Littering | frame   1059 | objects 1 | 15:15:35.913
[ALERT] Littering | frame   1063 | objects 1 | 15:15:35.991
[ALERT] Littering | frame   1067 | objects 1 | 15:15:36.073
[ALERT] Littering | frame   1087 | objects 1 | 15:15:36.671
[ALERT] Littering | frame   1090 | objects 1 | 15:15:36.763
[ALERT] Littering | frame   1094 | objects 1 | 15:15:36.892
[ALERT] Littering | frame   1115 | objects 1 | 15:15:37.634
[ALERT] Littering | frame   1170 | objects 1 | 15:15:39.508
[ALERT] Littering | frame   1172 | objects 1 | 15:15:39.592
[ALERT] Littering | frame   1173 | objects 1 | 15:15:39.765
[ALERT] Littering | frame   1175 | objects 1 | 15:15:39.850
[ALERT] Littering | frame   1177 | objects 1 | 15:15:39.941
[ALERT] Littering | frame   1181 | objects 1 | 15:15:40.035
[ALERT] Littering | frame   1184 | objects 1 | 15:15:40.128
[ALERT] Littering | frame   1188 | objects 1 | 15:15:40.223
[ALERT] Littering | frame   1192 | objects 1 | 15:15:40.325
[ALERT] Littering | frame   1194 | objects 1 | 15:15:40.421
[ALERT] Littering | frame   1195 | objects 1 | 15:15:40.519
[ALERT] Littering | frame   1199 | objects 1 | 15:15:40.618
[ALERT] Littering | frame   1201 | objects 1 | 15:15:40.711
[ALERT] Littering | frame   1202 | objects 1 | 15:15:40.811
[ALERT] Littering | frame   1206 | objects 1 | 15:15:40.909
[ALERT] Littering | frame   1209 | objects 1 | 15:15:41.007
[ALERT] Littering | frame   1227 | objects 1 | 15:15:41.708
[ALERT] Littering | frame   1234 | objects 1 | 15:15:41.815
[ALERT] Littering | frame   1237 | objects 1 | 15:15:41.923
[ALERT] Littering | frame   1244 | objects 1 | 15:15:42.146
[ALERT] Littering | frame   1246 | objects 1 | 15:15:42.256
[ALERT] Littering | frame   1248 | objects 1 | 15:15:42.362
[ALERT] Littering | frame   1265 | objects 1 | 15:15:42.938
[ALERT] Littering | frame   1268 | objects 1 | 15:15:43.042
[ALERT] Littering | frame   1283 | objects 1 | 15:15:43.730
[ALERT] Littering | frame   1286 | objects 1 | 15:15:43.835
[ALERT] Littering | frame   1290 | objects 1 | 15:15:43.934
[ALERT] Littering | frame   1292 | objects 1 | 15:15:44.029
[ALERT] Littering | frame   1296 | objects 1 | 15:15:44.128
[ALERT] Littering | frame   1298 | objects 1 | 15:15:44.235
[ALERT] Littering | frame   1301 | objects 1 | 15:15:44.334
[ALERT] Littering | frame   1305 | objects 1 | 15:15:44.435
[ALERT] Littering | frame   1312 | objects 1 | 15:15:44.549
[ALERT] Littering | frame   1317 | objects 1 | 15:15:44.710
[ALERT] Littering | frame   1321 | objects 1 | 15:15:44.850
[ALERT] Littering | frame   1327 | objects 1 | 15:15:45.092
[ALERT] Littering | frame   1348 | objects 1 | 15:15:45.811
[ALERT] Littering | frame   1352 | objects 1 | 15:15:45.944
[ALERT] Littering | frame   1353 | objects 1 | 15:15:46.046
[ALERT] Littering | frame   1357 | objects 1 | 15:15:46.143
[ALERT] Littering | frame   1359 | objects 1 | 15:15:46.246
[ALERT] Littering | frame   1367 | objects 1 | 15:15:46.464
[ALERT] Littering | frame   1370 | objects 1 | 15:15:46.568
[ALERT] Littering | frame   1374 | objects 1 | 15:15:46.705
[ALERT] Littering | frame   1377 | objects 1 | 15:15:46.813
[ALERT] Littering | frame   1381 | objects 1 | 15:15:46.987
[ALERT] Littering | frame   1412 | objects 1 | 15:15:48.033
[ALERT] Littering | frame   1415 | objects 1 | 15:15:48.138
[ALERT] Littering | frame   1417 | objects 1 | 15:15:48.225
[ALERT] Littering | frame   1418 | objects 1 | 15:15:48.313
[ALERT] Littering | frame   1419 | objects 1 | 15:15:48.402
[ALERT] Littering | frame   1421 | objects 1 | 15:15:48.494
[ALERT] Littering | frame   1423 | objects 1 | 15:15:48.625
[ALERT] Littering | frame   1425 | objects 1 | 15:15:48.714
[ALERT] Littering | frame   1429 | objects 1 | 15:15:48.817
[ALERT] Littering | frame   1432 | objects 1 | 15:15:48.921
[ALERT] Littering | frame   1434 | objects 1 | 15:15:49.026
[ALERT] Littering | frame   1438 | objects 1 | 15:15:49.140
[ALERT] Littering | frame   1441 | objects 1 | 15:15:49.250
[ALERT] Littering | frame   1465 | objects 1 | 15:15:50.027
[ALERT] Littering | frame   1467 | objects 1 | 15:15:50.139
[ALERT] Littering | frame   1470 | objects 1 | 15:15:50.260
[ALERT] Littering | frame   1477 | objects 1 | 15:15:50.369
[ALERT] Littering | frame   1481 | objects 1 | 15:15:50.477
[ALERT] Littering | frame   1482 | objects 1 | 15:15:50.580
[ALERT] Littering | frame   1484 | objects 1 | 15:15:50.687
[ALERT] Littering | frame   1486 | objects 1 | 15:15:50.788
[ALERT] Littering | frame   1490 | objects 1 | 15:15:50.890
[ALERT] Littering | frame   1493 | objects 1 | 15:15:50.988
[ALERT] Littering | frame   1495 | objects 1 | 15:15:51.087
[ALERT] Littering | frame   1498 | objects 1 | 15:15:51.183
[ALERT] Littering | frame   1500 | objects 1 | 15:15:51.289
[ALERT] Littering | frame   1503 | objects 1 | 15:15:51.395
[ALERT] Littering | frame   1528 | objects 1 | 15:15:52.051
[ALERT] Littering | frame   1534 | objects 1 | 15:15:52.257
[ALERT] Littering | frame   1536 | objects 1 | 15:15:52.352
[ALERT] Littering | frame   1539 | objects 1 | 15:15:52.448
[ALERT] Littering | frame   1541 | objects 1 | 15:15:52.542
[ALERT] Littering | frame   1543 | objects 1 | 15:15:52.629
[ALERT] Littering | frame   1545 | objects 1 | 15:15:52.718
[ALERT] Littering | frame   1550 | objects 1 | 15:15:52.816
[ALERT] Littering | frame   1555 | objects 1 | 15:15:52.960
[ALERT] Littering | frame   1600 | objects 1 | 15:15:54.631
[ALERT] Littering | frame   1602 | objects 1 | 15:15:54.734
[ALERT] Littering | frame   1605 | objects 1 | 15:15:54.834
[ALERT] Littering | frame   1608 | objects 1 | 15:15:54.935
[ALERT] Littering | frame   1610 | objects 1 | 15:15:55.037
[ALERT] Littering | frame   1614 | objects 1 | 15:15:55.131
[ALERT] Littering | frame   1617 | objects 1 | 15:15:55.225
[ALERT] Littering | frame   1619 | objects 1 | 15:15:55.321
[ALERT] Littering | frame   1621 | objects 1 | 15:15:55.414
[ALERT] Littering | frame   1624 | objects 1 | 15:15:55.509
[ALERT] Littering | frame   1628 | objects 1 | 15:15:55.611
[ALERT] Littering | frame   1633 | objects 1 | 15:15:55.707
[ALERT] Littering | frame   1638 | objects 1 | 15:15:55.816
[ALERT] Littering | frame   1639 | objects 1 | 15:15:55.916
[ALERT] Littering | frame   1643 | objects 1 | 15:15:56.011
[ALERT] Littering | frame   1660 | objects 1 | 15:15:56.642
[ALERT] Littering | frame   1662 | objects 1 | 15:15:56.741
[ALERT] Littering | frame   1663 | objects 1 | 15:15:56.839
[ALERT] Littering | frame   1666 | objects 1 | 15:15:56.937
[ALERT] Littering | frame   1669 | objects 1 | 15:15:57.034
[ALERT] Littering | frame   1671 | objects 1 | 15:15:57.134
[ALERT] Littering | frame   1674 | objects 1 | 15:15:57.227
[ALERT] Littering | frame   1677 | objects 1 | 15:15:57.319
[ALERT] Littering | frame   1681 | objects 1 | 15:15:57.418
[ALERT] Littering | frame   1683 | objects 1 | 15:15:57.511
[ALERT] Littering | frame   1686 | objects 1 | 15:15:57.610
[ALERT] Littering | frame   1688 | objects 1 | 15:15:57.715
[ALERT] Littering | frame   1691 | objects 1 | 15:15:57.810
[ALERT] Littering | frame   1694 | objects 1 | 15:15:57.998
[ALERT] Littering | frame   1800 | objects 1 | 15:16:01.436
[ALERT] Littering | frame   1801 | objects 1 | 15:16:01.536
[ALERT] Littering | frame   1803 | objects 1 | 15:16:01.638
[ALERT] Littering | frame   1806 | objects 1 | 15:16:01.743
[ALERT] Littering | frame   1809 | objects 1 | 15:16:01.851
[ALERT] Littering | frame   1812 | objects 1 | 15:16:01.963
[ALERT] Littering | frame   1815 | objects 1 | 15:16:02.086
[ALERT] Littering | frame   1820 | objects 1 | 15:16:02.207
[ALERT] Littering | frame   1823 | objects 1 | 15:16:02.310
[ALERT] Littering | frame   1826 | objects 1 | 15:16:02.418
[ALERT] Littering | frame   1829 | objects 1 | 15:16:02.536
[ALERT] Littering | frame   1832 | objects 1 | 15:16:02.648
[ALERT] Littering | frame   1836 | objects 1 | 15:16:02.759
[ALERT] Littering | frame   2187 | objects 1 | 15:16:14.830
[ALERT] Littering | frame   2189 | objects 1 | 15:16:14.917
[ALERT] Littering | frame   2193 | objects 1 | 15:16:15.008
[ALERT] Littering | frame   2196 | objects 1 | 15:16:15.106
[ALERT] Littering | frame   2198 | objects 1 | 15:16:15.194
[ALERT] Littering | frame   2200 | objects 1 | 15:16:15.286
[ALERT] Littering | frame   2201 | objects 1 | 15:16:15.382
[ALERT] Littering | frame   2203 | objects 1 | 15:16:15.471
[ALERT] Littering | frame   2206 | objects 1 | 15:16:15.561
[ALERT] Littering | frame   2209 | objects 1 | 15:16:15.656
[ALERT] Littering | frame   2213 | objects 1 | 15:16:15.747
[ALERT] Littering | frame   2215 | objects 1 | 15:16:15.836
[ALERT] Littering | frame   2219 | objects 1 | 15:16:15.929
[ALERT] Littering | frame   2221 | objects 1 | 15:16:16.020
[ALERT] Littering | frame   2222 | objects 1 | 15:16:16.117
[ALERT] Littering | frame   2225 | objects 1 | 15:16:16.211
[ALERT] Littering | frame   2244 | objects 1 | 15:16:16.857
[ALERT] Littering | frame   2246 | objects 1 | 15:16:16.952
[ALERT] Littering | frame   2249 | objects 1 | 15:16:17.044
[ALERT] Littering | frame   2253 | objects 1 | 15:16:17.141
[ALERT] Littering | frame   2254 | objects 1 | 15:16:17.238
[ALERT] Littering | frame   2257 | objects 1 | 15:16:17.334
[ALERT] Littering | frame   2260 | objects 1 | 15:16:17.429
[ALERT] Littering | frame   2263 | objects 1 | 15:16:17.526
[ALERT] Littering | frame   2267 | objects 1 | 15:16:17.614
[ALERT] Littering | frame   2268 | objects 1 | 15:16:17.707
[ALERT] Littering | frame   2272 | objects 1 | 15:16:17.893
[ALERT] Littering | frame   2274 | objects 1 | 15:16:17.981
[ALERT] Littering | frame   2277 | objects 1 | 15:16:18.084
[ALERT] Littering | frame   2284 | objects 1 | 15:16:18.180
[ALERT] Littering | frame   2305 | objects 1 | 15:16:18.927
[ALERT] Littering | frame   2308 | objects 1 | 15:16:19.026
[ALERT] Littering | frame   2313 | objects 1 | 15:16:19.120
[ALERT] Littering | frame   2315 | objects 1 | 15:16:19.219
[ALERT] Littering | frame   2317 | objects 1 | 15:16:19.316
[ALERT] Littering | frame   2318 | objects 1 | 15:16:19.407
[ALERT] Littering | frame   2321 | objects 1 | 15:16:19.500
[ALERT] Littering | frame   2326 | objects 1 | 15:16:19.593
[ALERT] Littering | frame   2328 | objects 1 | 15:16:19.688
[ALERT] Littering | frame   2330 | objects 1 | 15:16:19.785
[ALERT] Littering | frame   2332 | objects 1 | 15:16:19.879
[ALERT] Littering | frame   2338 | objects 1 | 15:16:19.969
[ALERT] Littering | frame   2344 | objects 1 | 15:16:20.100
[ALERT] Littering | frame   2346 | objects 1 | 15:16:20.201
[ALERT] Littering | frame   2347 | objects 1 | 15:16:20.293
[ALERT] Littering | frame   2363 | objects 1 | 15:16:20.936
[ALERT] Littering | frame   2367 | objects 1 | 15:16:21.032
[ALERT] Littering | frame   2371 | objects 1 | 15:16:21.123
[ALERT] Littering | frame   2375 | objects 1 | 15:16:21.219
[ALERT] Littering | frame   2385 | objects 1 | 15:16:21.516
[ALERT] Littering | frame   2386 | objects 1 | 15:16:21.611
[ALERT] Littering | frame   2389 | objects 1 | 15:16:21.707
[ALERT] Littering | frame   2390 | objects 1 | 15:16:21.801
[ALERT] Littering | frame   2391 | objects 1 | 15:16:21.902
[ALERT] Littering | frame   2394 | objects 1 | 15:16:22.007
[ALERT] Littering | frame   2398 | objects 1 | 15:16:22.108
[ALERT] Littering | frame   2401 | objects 1 | 15:16:22.207
[ALERT] Littering | frame   2403 | objects 1 | 15:16:22.303
[ALERT] Littering | frame   2425 | objects 1 | 15:16:23.003
[ALERT] Littering | frame   2427 | objects 1 | 15:16:23.099
[ALERT] Littering | frame   2430 | objects 1 | 15:16:23.201
[ALERT] Littering | frame   2432 | objects 1 | 15:16:23.296
[ALERT] Littering | frame   2435 | objects 1 | 15:16:23.391
[ALERT] Littering | frame   2438 | objects 1 | 15:16:23.484
[ALERT] Littering | frame   2442 | objects 1 | 15:16:23.581
[ALERT] Littering | frame   2444 | objects 1 | 15:16:23.676
[ALERT] Littering | frame   2446 | objects 1 | 15:16:23.771
[ALERT] Littering | frame   2449 | objects 1 | 15:16:23.872
[ALERT] Littering | frame   2452 | objects 1 | 15:16:23.964
[ALERT] Littering | frame   2455 | objects 1 | 15:16:24.058
[ALERT] Littering | frame   2458 | objects 1 | 15:16:24.152
[ALERT] Littering | frame   2461 | objects 1 | 15:16:24.243
[ALERT] Littering | frame   2463 | objects 1 | 15:16:24.336
[ALERT] Littering | frame   2484 | objects 1 | 15:16:25.082
[ALERT] Littering | frame   2487 | objects 1 | 15:16:25.188
[ALERT] Littering | frame   2491 | objects 1 | 15:16:25.283
[ALERT] Littering | frame   2494 | objects 1 | 15:16:25.376
[ALERT] Littering | frame   2496 | objects 1 | 15:16:25.474
[ALERT] Littering | frame   2500 | objects 1 | 15:16:25.568
[ALERT] Littering | frame   2502 | objects 1 | 15:16:25.662
[ALERT] Littering | frame   2506 | objects 1 | 15:16:25.760
[ALERT] Littering | frame   2508 | objects 1 | 15:16:25.857
[ALERT] Littering | frame   2512 | objects 1 | 15:16:25.953
[ALERT] Littering | frame   2513 | objects 1 | 15:16:26.091
[ALERT] Littering | frame   2518 | objects 1 | 15:16:26.189
[ALERT] Littering | frame   2519 | objects 1 | 15:16:26.283
[ALERT] Littering | frame   2524 | objects 1 | 15:16:26.378
[ALERT] Littering | frame   2525 | objects 1 | 15:16:26.473
[ALERT] Littering | frame   2552 | objects 1 | 15:16:27.213
[ALERT] Littering | frame   2556 | objects 1 | 15:16:27.345
[ALERT] Littering | frame   2567 | objects 1 | 15:16:27.728
[ALERT] Littering | frame   2575 | objects 1 | 15:16:27.979
[ALERT] Littering | frame   2579 | objects 1 | 15:16:28.113
[ALERT] Littering | frame   2580 | objects 1 | 15:16:28.209
[ALERT] Littering | frame   2581 | objects 1 | 15:16:28.306
[ALERT] Littering | frame   2583 | objects 1 | 15:16:28.401
[ALERT] Littering | frame   2585 | objects 1 | 15:16:28.498
[ALERT] Littering | frame   2588 | objects 1 | 15:16:28.597

Session ended     : 2026-04-16 15:17:44.933161
Mode              : both
Frames processed  : 4686
Violence alerts   : 0
Littering alerts  : 295
Fire alerts       : 0
Smoke alerts      : 0
Elapsed           : 167.7s

============================================================
Session started: 2026-04-16 15:21:01.368753  [mode=both  fire=ON]
============================================================

Session ended     : 2026-04-16 15:21:13.359973
Mode              : both
Frames processed  : 216
Violence alerts   : 0
Littering alerts  : 0
Fire alerts       : 0
Smoke alerts      : 0
Elapsed           : 11.9s

============================================================
Session started: 2026-04-16 15:21:50.750353  [mode=both  fire=ON]
============================================================
[ALERT] Littering | frame    818 | objects 1 | 15:22:21.324
[ALERT] Littering | frame    822 | objects 1 | 15:22:21.469
[ALERT] Littering | frame    825 | objects 1 | 15:22:21.703
[ALERT] Littering | frame    829 | objects 1 | 15:22:21.836
[ALERT] Littering | frame    834 | objects 1 | 15:22:21.958
[ALERT] Littering | frame    840 | objects 1 | 15:22:22.107
[ALERT] Littering | frame    844 | objects 1 | 15:22:22.239
[ALERT] Littering | frame    847 | objects 1 | 15:22:22.377
[ALERT] Littering | frame    852 | objects 1 | 15:22:22.534
[ALERT] Littering | frame    856 | objects 1 | 15:22:22.680

Session ended     : 2026-04-16 15:22:41.474351
Mode              : both
Frames processed  : 1326
Violence alerts   : 0
Littering alerts  : 10
Fire alerts       : 0
Smoke alerts      : 0
Elapsed           : 50.6s

============================================================
Session started: 2026-04-16 15:23:39.064544  [mode=both  fire=ON]
============================================================
[ALERT] FIRE       | frame   1320 | objects 1 | 15:24:25.636

Session ended     : 2026-04-16 15:24:40.814674
Mode              : both
Frames processed  : 1766
Violence alerts   : 0
Littering alerts  : 0
Fire alerts       : 1
Smoke alerts      : 0
Elapsed           : 61.4s

============================================================
Session started: 2026-04-16 15:52:12.367879  [mode=both  fire=ON]
============================================================

Session ended     : 2026-04-16 15:52:51.139095
Mode              : both
Frames processed  : 1014
Violence alerts   : 0
Littering alerts  : 0
Fire alerts       : 0
Smoke alerts      : 0
Elapsed           : 38.7s

============================================================
Session started: 2026-04-16 15:58:52.203123  [mode=both  fire=ON]
============================================================
[ALERT] Violence  | frame   1489 | conf 0.346 | persons 5 | 15:59:48.146
[ALERT] Violence  | frame   1494 | conf 0.301 | persons 5 | 15:59:48.334
[ALERT] Violence  | frame   1557 | conf 0.693 | persons 5 | 15:59:50.588
[ALERT] Violence  | frame   1561 | conf 0.652 | persons 4 | 15:59:50.763
[ALERT] Violence  | frame   1567 | conf 0.675 | persons 4 | 15:59:50.949
[ALERT] Violence  | frame   1577 | conf 0.530 | persons 5 | 15:59:51.191
[ALERT] Violence  | frame   1581 | conf 0.360 | persons 3 | 15:59:51.368
[ALERT] Violence  | frame   1610 | conf 0.415 | persons 5 | 15:59:52.384
[ALERT] Violence  | frame   1614 | conf 0.515 | persons 5 | 15:59:52.639
[ALERT] Violence  | frame   1617 | conf 0.436 | persons 5 | 15:59:52.816
[ALERT] Violence  | frame   1624 | conf 0.360 | persons 5 | 15:59:53.029
[ALERT] FIRE       | frame   2482 | objects 1 | 16:00:23.435
[ALERT] FIRE       | frame   2489 | objects 1 | 16:00:23.702
[ALERT] Littering | frame   2499 | objects 1 | 16:00:24.024
[ALERT] FIRE       | frame   2499 | objects 1 | 16:00:24.024
[ALERT] Littering | frame   2505 | objects 1 | 16:00:24.272
[ALERT] FIRE       | frame   2505 | objects 1 | 16:00:24.272
[ALERT] FIRE       | frame   2513 | objects 1 | 16:00:24.522
[ALERT] FIRE       | frame   2522 | objects 1 | 16:00:24.782
[ALERT] FIRE       | frame   2528 | objects 1 | 16:00:24.943
[ALERT] FIRE       | frame   2537 | objects 1 | 16:00:25.144
[ALERT] FIRE       | frame   2542 | objects 1 | 16:00:25.461
[ALERT] FIRE       | frame   2546 | objects 1 | 16:00:25.698
[ALERT] FIRE       | frame   2557 | objects 1 | 16:00:26.000
[ALERT] FIRE       | frame   2561 | objects 2 | 16:00:26.364
[ALERT] FIRE       | frame   2569 | objects 1 | 16:00:26.605
[ALERT] FIRE       | frame   2578 | objects 2 | 16:00:27.003
[ALERT] FIRE       | frame   2588 | objects 1 | 16:00:27.341
[ALERT] FIRE       | frame   2595 | objects 1 | 16:00:27.578
[ALERT] FIRE       | frame   2606 | objects 1 | 16:00:27.842
[ALERT] FIRE       | frame   2617 | objects 1 | 16:00:28.348
[ALERT] FIRE       | frame   2624 | objects 1 | 16:00:28.786
[ALERT] FIRE       | frame   2630 | objects 1 | 16:00:29.094
[ALERT] FIRE       | frame   2644 | objects 1 | 16:00:29.398
[ALERT] FIRE       | frame   2656 | objects 1 | 16:00:29.630
[ALERT] FIRE       | frame   2666 | objects 1 | 16:00:29.915
[ALERT] FIRE       | frame   2674 | objects 1 | 16:00:30.261
[ALERT] FIRE       | frame   2681 | objects 1 | 16:00:30.447

Session ended     : 2026-04-16 16:00:52.287838
Mode              : both
Frames processed  : 3299
Violence alerts   : 11
Littering alerts  : 2
Fire alerts       : 25
Smoke alerts      : 0
Elapsed           : 119.8s

============================================================
Session started: 2026-04-16 16:04:40.341429  [mode=both  fire=ON]
============================================================

Session ended     : 2026-04-16 16:06:07.961518
Mode              : both
Frames processed  : 2495
Violence alerts   : 0
Littering alerts  : 0
Fire alerts       : 0
Smoke alerts      : 0
Elapsed           : 87.3s

============================================================
Session started: 2026-04-16 23:46:31.902545  [mode=both  fire=ON]
============================================================

Session ended     : 2026-04-16 23:47:37.145596
Mode              : both
Frames processed  : 1851
Violence alerts   : 0
Littering alerts  : 0
Fire alerts       : 0
Smoke alerts      : 0
Elapsed           : 64.9s

============================================================
Session started: 2026-04-16 23:49:14.200982  [mode=both  fire=ON]
============================================================

Session ended     : 2026-04-16 23:49:32.171655
Mode              : both
Frames processed  : 472
Violence alerts   : 0
Littering alerts  : 0
Fire alerts       : 0
Smoke alerts      : 0
Elapsed           : 17.7s
